,,,,,,,,,Total,Total,Total,Total,Total,Short,Short,Short,Medium,Medium,Medium,Long,Long,Long,,,,,,,,,
Rk,Name,,Nation,Pos,Squad,Age,Born,90s,Cmp Total,Att Total,Cmp% Total,TotDist,PrgDist,Cmp Short,Att Short,Cmp% Short,Cmp Medium,Att Medium,Cmp% Medium,Cmp Long,Att Long,Cmp% Long,Ast,xA,A-xA,KP,3-Jan,PPA,CrsPA,Prog,Matches
1,Max Aarons,,eng ENG,DF,Norwich City,22-090,2000,26.6,33.9,45.3,75,572,218.9,17.4,19.3,90.3,13.1,17.2,76.4,3.05,6.95,43.8,0.04,0.03,0,0.53,1.58,1.17,0.26,3.08,Matches
2,Che Adams,,sct SCO,FW,Southampton,25-265,1996,19.3,13.8,20.3,67.9,207,42.5,8.03,10.4,77.1,3.99,5.39,74,0.98,2.02,48.7,0.16,0.13,0.03,1.09,0.73,0.57,0.05,1.4,Matches
3,Rayan Ait Nouri,,fr FRA,DF,Wolves,20-302,2001,15.3,36.7,49.5,74.1,631.7,218.4,19,20.8,91.2,13.9,17.8,78.3,3.66,8.69,42.1,0.13,0.08,0.05,0.98,1.24,0.78,0.46,1.96,Matches
4,Kristoffer Ajer,,no NOR,DF,Brentford,23-352,1998,16.6,26.9,37.9,70.9,480.5,226.4,10.6,12.8,83,13,16.7,77.3,2.53,5.78,43.8,0.12,0.06,0.06,0.24,2.05,0.42,0.06,3.19,Matches
5,Nathan Ake,,nl NED,DF,Manchester City,27-045,1995,8.5,76.6,82.8,92.5,1421.5,417.2,32.1,33.6,95.5,36.1,38.7,93.3,7.76,9.53,81.5,0,0.06,-0.06,0.24,5.65,0.35,0,3.29,Matches
6,Marc Albrighton,,eng ENG,FWDF,Leicester City,32-137,1989,11.1,24.4,39.5,61.7,387.7,167.9,15,17.7,85.2,7.21,11.2,64.5,1.62,7.84,20.7,0.09,0.12,-0.03,0.81,1.44,0.72,0.27,1.8,Matches
7,Thiago Alcantara,,es ESP,MF,Liverpool,30-358,1991,12.2,73.8,83.4,88.4,1549.9,427,25.5,28.1,90.7,34,36.9,92.2,13.4,16.4,81.5,0.16,0.14,0.02,1.64,10.7,1.07,0,10.1,Matches
8,Trent Alexander-Arnold,,eng ENG,DF,Liverpool,23-179,1998,25.7,62.6,84.2,74.4,1376.8,567.5,23.4,26.5,88.4,24.5,30.6,79.9,14,24.3,57.6,0.43,0.37,0.05,2.96,6.85,2.84,0.7,9.26,Matches
9,Alisson,,br BRA,GK,Liverpool,29-184,1992,28,32.3,37.2,86.7,856.5,477,5.04,5.11,98.6,18.3,18.5,98.8,8.79,13.5,65.3,0.04,0.01,0.02,0.07,0.43,0,0,0,Matches
10,Allan,,br BRA,MF,Everton,31-086,1991,21.5,32.6,41.3,78.9,632.8,188.7,12,14,85.7,15.3,18.1,84.3,4.47,6.98,64,0.09,0.04,0.05,0.7,4.28,0.88,0.09,4.79,Matches
11,Dele Alli,,eng ENG,MF,Everton,25-358,1996,1.9,36.3,48.9,74.2,559.5,147.4,17.4,22.1,78.6,12.1,15.3,79.3,3.16,5.79,54.5,0,0.16,-0.16,2.63,3.68,1.05,0,4.74,Matches
12,Dele Alli,,eng ENG,MFFW,Tottenham,25-358,1996,7.3,22.9,29.3,78,368.1,89.2,12.9,14.8,87,7.67,9.45,81.2,1.92,3.7,51.9,0,0.11,-0.11,0.27,1.78,0.68,0,2.6,Matches
13,Miguel Almiron,,py PAR,MFFW,Newcastle Utd,28-053,1994,12.6,20.6,26.3,78,320.6,77.7,11.5,13.1,87.9,6.83,8.73,78.2,1.67,2.7,61.8,0,0.04,-0.04,0.95,1.11,0.48,0.16,1.75,Matches
14,Marcos Alonso,,es ESP,DF,Chelsea,31-097,1990,16.7,44.1,57.5,76.6,777.1,287.4,21.4,24.1,88.8,17.4,21.4,81.5,4.31,9.28,46.5,0.18,0.17,0.01,1.62,3.17,1.2,0.54,4.43,Matches
15,Steven Alzate,,co COL,MF,Brighton,23-208,1998,4.5,46,52,88.5,804.2,200,20.4,22.7,90.2,18.9,20,94.4,5.33,7.11,75,0,0.04,-0.04,0.67,3.78,0.67,0.22,3.78,Matches
16,Daniel Amartey,,gh GHA,DF,Leicester City,27-104,1994,17,50.9,56.2,90.6,1031.7,308.8,15.5,16.4,94.6,28.2,29.8,94.5,6.76,8.65,78.2,0,0.01,-0.01,0.12,1.59,0,0,2.18,Matches
17,Joachim Andersen,,dk DEN,DF,Crystal Palace,25-308,1996,23.4,55.1,66.2,83.3,1417.7,424.7,10.1,11.4,88.7,29.1,31.2,93.6,15.7,23.2,67.8,0.04,0.05,0,0.47,4.27,0.26,0.09,2.61,Matches
18,Michail Antonio,,jm JAM,FW,West Ham,32-007,1990,28.6,14.6,22.2,65.6,237.6,47,8.04,10.5,76.4,4.37,6.43,67.9,1.5,2.8,53.8,0.24,0.22,0.02,1.54,0.8,0.94,0.38,1.26,Matches
19,Cameron Archer,,eng ENG,MFFW,Aston Villa,20-257,2001,0.3,16.7,16.7,100,303.3,93.3,3.33,3.33,100,13.3,13.3,100,0,0,,0,0,0,0,0,3.33,0,10,Matches
20,Alphonse Areola,,fr FRA,GK,West Ham,29-036,1993,1,20,41,48.8,768,546,0,0,,9,9,100,11,32,34.4,0,0,0,0,0,0,0,0,Matches
21,Adam Armstrong,,eng ENG,FWMF,Southampton,25-053,1997,13.5,13.9,20,69.6,236.2,37.6,6.52,8.52,76.5,6,8,75,1.04,2.07,50,0.15,0.13,0.02,0.89,0.89,0.81,0,1.48,Matches
22,Stuart Armstrong,,sct SCO,MF,Southampton,30-005,1992,11,37.4,46.3,80.7,600.1,146.7,19.6,23.5,83.4,13.7,15.9,86.3,2.82,4.09,68.9,0,0.09,-0.09,1.73,2,1.45,0.18,4.36,Matches
23,Kepa Arrizabalaga,,es ESP,GK,Chelsea,27-183,1994,4,28.8,34.8,82.7,690.8,323.5,7,7,100,14.8,14.8,100,6.75,12.8,52.9,0,0,0,0,0.25,0,0,0,Matches
24,Harrison Ashby,,sct SCO,DF,West Ham,20-141,2001,0.1,70,80,87.5,1420,180,20,20,100,40,50,80,10,10,100,0,0,0,0,0,0,0,0,Matches
25,Pierre-Emerick Aubameyang,,ga GAB,FW,Arsenal,32-290,1989,11.5,12.6,17.8,70.7,175.3,33.3,8.17,10.2,80.3,3.48,5.39,64.5,0.7,1.22,57.1,0.09,0.07,0.02,0.78,0.35,0.87,0.09,1.13,Matches
26,Jordan Ayew,,gh GHA,FW,Crystal Palace,30-205,1991,17.3,26.4,34.7,75.9,404.5,78.4,14.9,16.8,88.7,9.13,11.4,79.8,1.68,3.82,43.9,0.17,0.13,0.05,1.1,1.21,0.81,0.29,1.97,Matches
27,Luke Ayling,,eng ENG,DF,Leeds United,30-222,1991,22,49.5,62.3,79.4,1055.3,443.2,17.5,19.8,88.1,22.6,25.9,87.5,9,15,60,0.09,0.03,0.06,0.27,4.23,0.45,0.14,5.05,Matches
28,Cesar Azpilicueta,,es ESP,DF,Chelsea,32-219,1989,16.9,60.7,73.6,82.5,1020.6,399.6,29.3,32.5,90.2,27.2,31.2,87.1,3.73,7.69,48.5,0.12,0.11,0.01,0.89,4.08,0.95,0.06,5.5,Matches
29,Daniel Bachmann,,at AUT,GK,Watford,27-269,1994,11,17.6,29.8,59.1,671.5,458.6,1.82,1.82,100,6.91,7.18,96.2,8.91,20.8,42.8,0,0,0,0,0.82,0,0,0,Matches
30,Leon Bailey,,jm JAM,FWMF,Aston Villa,24-238,1997,6.8,18.7,27.9,66.8,331.9,74.1,8.53,10,85.3,6.62,9.56,69.2,2.65,6.18,42.9,0.29,0.09,0.21,1.03,0.59,1.32,0.44,2.35,Matches
31,Eric Bailly,,ci CIV,DF,Manchester Utd,27-357,1994,2.4,26.7,33.3,80,568.8,191.3,10,10.8,92.3,10.8,12.5,86.7,5.83,9.17,63.6,0,0,0,0,0.83,0,0,1.25,Matches
32,Folarin Balogun,,eng ENG,FW,Arsenal,20-275,2001,0.8,5,10,50,75,7.5,2.5,5,50,2.5,3.75,66.7,0,1.25,0,0,0,0,0,0,0,0,0,Matches
33,Patrick Bamford,,eng ENG,FW,Leeds United,28-211,1993,6.2,13.7,16.6,82.5,217.6,34,7.74,8.55,90.6,4.19,5,83.9,1.45,2.1,69.2,0.32,0.16,0.16,0.97,0.97,0.81,0.32,1.13,Matches
34,Shandon Baptiste,,gd GRN,MF,Brentford,23-361,1998,9.8,23.8,28.7,82.9,416,81.7,11.5,13.2,87.6,8.98,10.5,85.4,2.65,3.67,72.2,0.1,0.05,0.05,0.92,2.14,0.61,0.1,2.04,Matches
35,Ross Barkley,,eng ENG,MF,Chelsea,28-120,1993,1.7,52.9,64.7,81.8,882.4,201.2,29.4,32.4,90.9,15.3,18.8,81.3,6.47,8.24,78.6,0,0.29,-0.29,4.12,3.53,3.53,0,5.88,Matches
36,Ashley Barnes,,eng ENG,FW,Burnley,32-156,1989,4.8,14.4,21.5,67,206.7,56.7,9.58,12.5,76.7,3.54,5.21,68,1.04,2.08,50,0,0.17,-0.17,1.46,1.88,0.63,0,1.88,Matches
37,Harvey Barnes,,eng ENG,FWMF,Leicester City,24-116,1997,18.4,22.5,30.7,73.3,318.8,96.2,14,16.7,84,6.63,9.46,70.1,1.09,2.45,44.4,0.33,0.14,0.18,1.2,1.2,0.98,0.11,3.21,Matches
38,Lewis Bate,,eng ENG,MF,Leeds United,19-157,2002,0.5,30,38,78.9,362,62,24,30,80,6,6,100,0,2,0,0,0,0,0,0,0,0,2,Matches
39,Mads Bech Sorensen,,dk DEN,DF,Brentford,23-087,1999,4.2,42.9,57.1,75,857.6,353.6,14,16.4,85.5,22.4,26.4,84.7,5.71,12.4,46.2,0,0.02,-0.02,0.71,3.1,0.48,0.48,1.19,Matches
40,Jan Bednarek,,pl POL,DF,Southampton,25-357,1996,23.2,43.1,51.6,83.6,882.2,262.9,14.4,15.8,91,22.5,24.8,90.6,5.78,10.1,57.3,0,0.03,-0.03,0.22,2.76,0.04,0.04,1.72,Matches
41,Donny van de Beek,,nl NED,MF,Everton,24-351,1997,4.8,40.4,48.1,84,628.8,185.4,20.6,23.3,88.4,16,17.7,90.6,2.08,4.58,45.5,0,0.02,-0.02,0.42,3.13,0.63,0,2.92,Matches
42,Donny van de Beek,,nl NED,MF,Manchester Utd,24-351,1997,0.8,31.3,40,78.1,481.3,230,17.5,22.5,77.8,10,12.5,80,2.5,2.5,100,0,0.63,-0.63,3.75,2.5,2.5,0,3.75,Matches
43,Asmir Begovic,,ba BIH,GK,Everton,34-288,1987,2,10.5,27.5,38.2,497,387.5,0.5,0.5,100,2.5,2.5,100,7.5,24.5,30.6,0,0,0,0,0.5,0,0,0,Matches
44,Said Benrahma,,dz ALG,FWMF,West Ham,26-237,1995,20.8,25.8,34.4,75,411.2,95.3,15,17.5,85.7,8.08,10.4,77.4,2.07,4.09,50.6,0.29,0.14,0.15,1.3,1.49,1.39,0.48,2.64,Matches
45,Rodrigo Bentancur,,uy URU,MF,Tottenham,24-303,1997,7.6,65.7,73.2,89.7,1225.8,258.3,27,28.6,94.5,28.8,31.6,91.3,8.68,10.1,85.7,0.13,0.11,0.03,0.92,5.79,0.39,0,5.53,Matches
46,Christian Benteke,,be BEL,FW,Crystal Palace,31-122,1990,12.4,16,22.7,70.2,243.9,44.1,9.11,11.9,76.4,4.68,7.34,63.7,1.45,2.1,69.2,0.08,0.09,-0.01,0.81,0.81,0.73,0,1.29,Matches
47,Johann Berg Gudmundsson,,is ISL,MF,Burnley,31-159,1990,12.2,17.9,28.3,63.2,285.8,74,11,13.5,81.2,4.75,7.3,65.2,1.8,5.16,34.9,0.08,0.02,0.06,0.49,0.49,0.98,0.9,1.07,Matches
48,Steven Bergwijn,,nl NED,FWMF,Tottenham,24-178,1997,5.6,23.2,28,82.8,319.1,70.5,15.2,16.6,91.4,5.71,7.14,80,1.07,1.79,60,0.18,0.11,0.07,1.25,1.25,1.43,0,2.32,Matches
49,Ryan Bertrand,,eng ENG,DF,Leicester City,32-242,1989,3.7,41.6,51.6,80.6,705.1,291.1,20.3,21.9,92.6,17.6,21.1,83.3,2.43,4.86,50,0,0.08,-0.08,0.54,2.97,0.27,0,1.89,Matches
50,Mads Bidstrup,,dk DEN,MF,Brentford,21-038,2001,0.5,16,22,72.7,284,34,10,12,83.3,4,8,50,2,2,100,0,0,0,0,0,0,0,0,Matches
51,Yves Bissouma,,ml MLI,MF,Brighton,25-217,1996,18.1,46.6,52,89.6,873.4,152.8,19.8,21.8,90.9,20.3,21.8,92.9,5.97,7.29,81.8,0.06,0.03,0.02,0.33,2.93,0.55,0,2.21,Matches
52,Willy Boly,,ci CIV,DF,Wolves,31-060,1991,3,53.7,65,82.6,1109,445.3,17.3,19,91.2,26.7,30,88.9,9,15,60,0,0,0,0,2.33,0,0,2.67,Matches
53,Jarrod Bowen,,eng ENG,FW,West Ham,25-105,1996,26.9,18.2,26.8,67.8,343,94.6,8.81,11,80.3,5.54,7.55,73.4,3.31,6.28,52.7,0.3,0.19,0.1,1.38,0.97,0.78,0.15,1.6,Matches
54,Jarrad Branthwaite,,eng ENG,DF,Everton,19-281,2002,2.1,25.2,34.3,73.6,410.5,188.6,13.8,15.7,87.9,9.52,11.9,80,1.43,5.24,27.3,0,0,0,0,1.43,0.48,0,2.86,Matches
55,Armando Broja,,al ALB,FW,Southampton,20-206,2001,17.8,11.3,18.7,60.8,136.9,30.1,7.3,10.7,68.1,2.75,5.28,52.1,0.17,0.56,30,0,0.06,-0.06,0.39,0.79,0.11,0,0.84,Matches
56,Josh Brownhill,,eng ENG,MF,Burnley,26-106,1995,23.4,26.3,35.1,74.8,445.3,116.9,14.1,16.9,83.8,8.59,11.2,76.4,2.91,5.34,54.4,0.04,0.06,-0.02,1.07,2.56,0.51,0,2.78,Matches
57,Bryan,,es ESP,FWMF,Tottenham,21-052,2001,1,49,63,77.8,764,240,29,35,82.9,15,19,78.9,4,5,80,0,0.1,-0.1,2,1,3,2,2,Matches
58,Emi Buendia,,ar ARG,FWMF,Aston Villa,25-100,1996,17.3,31.2,40.1,77.7,497.7,138.2,16.4,19.4,84.2,11,13.4,82.7,2.54,4.68,54.3,0.23,0.23,0,2.08,2.77,1.79,0.17,5.03,Matches
59,Dan Burn,,eng ENG,DF,Newcastle Utd,29-330,1992,8,30.9,37.4,82.6,641,181.1,10,11.8,85.1,15.5,17.9,86.7,4.88,6.75,72.2,0.13,0.03,0.1,0.25,2.25,0.13,0,2.38,Matches
60,Dan Burn,,eng ENG,DF,Brighton,29-330,1992,11.4,44.5,54.6,81.4,972.4,257.1,10.9,13.2,82.1,24.2,27.4,88.5,8.77,12.7,69,0,0,0,0.09,3.77,0.18,0,3.16,Matches
61,Jack Butland,,eng ENG,GK,Crystal Palace,29-025,1993,5.5,24.4,34.2,71.3,578.4,281.1,7.27,7.27,100,12,12.4,97.1,5.09,14.5,35,0,0,0,0,0.18,0,0,0,Matches
62,Sam Byram,,eng ENG,DFMF,Norwich City,28-200,1993,4,32.8,46.5,70.4,511.3,191.5,18.3,23.3,78.5,12,16.8,71.6,2.25,5.25,42.9,0,0.03,-0.03,0.5,1,0.5,0,3.5,Matches
63,Willy Caballero,,ar ARG,GK,Southampton,40-188,1981,2,19.5,29.5,66.1,774,604.5,2,2,100,7,7,100,10.5,20.5,51.2,0,0,0,0,0,0,0,0,Matches
64,Dominic Calvert-Lewin,,eng ENG,FW,Everton,25-019,1997,9.3,13,20.2,64.4,160.3,31.2,8.39,11.9,70.3,2.8,4.95,56.5,0.65,0.97,66.7,0.11,0.08,0.03,0.86,0.75,0.32,0,0.75,Matches
65,Joao Cancelo,,pt POR,DF,Manchester City,27-312,1994,27.9,77.8,92.6,84.1,1401.8,420.3,37,40.1,92.2,31.4,36.2,86.7,8.82,14,63.1,0.18,0.12,0.06,1,8.17,2.72,0.36,7.85,Matches
66,Sergi Canos,,es ESP,DF,Brentford,25-061,1997,22.8,19.4,32.2,60.2,343.6,146.4,9.74,12.4,78.7,6.8,10.2,66.5,2.41,7.06,34.2,0.09,0.08,0,0.75,1.89,1.14,0.44,3.33,Matches
67,Todd Cantwell,,eng ENG,FWMF,Norwich City,24-036,1998,4.9,25.9,31.4,82.5,424.1,93.3,12.4,14.3,87.1,10.2,12.2,83.3,2.24,3.27,68.8,0,0.04,-0.04,0.41,1.84,0.41,0,2.04,Matches
68,Matty Cash,,pl POL,DF,Aston Villa,24-240,1997,29.5,29.1,41.9,69.4,552.1,223.4,12.2,14.2,86.2,12.2,15.5,79.2,3.97,10.6,37.3,0.1,0.06,0.04,0.71,1.83,0.85,0.41,2.47,Matches
69,Timothy Castagne,,be BEL,DF,Leicester City,26-120,1995,15.8,39.9,49.6,80.5,666.5,248.9,20.4,23.6,86.6,15.6,18.9,82.3,3.35,5.44,61.6,0,0.03,-0.03,0.44,2.09,0.44,0.06,2.78,Matches
70,Jonny Castro,,es ESP,DF,Wolves,28-032,1994,5,48.2,58.2,82.8,809.8,256.2,24.6,27.4,89.8,18.4,21.6,85.2,4.6,6.8,67.6,0,0.1,-0.1,1.4,2.2,1.2,0.4,3.4,Matches
71,Craig Cathcart,,nir NIR,DF,Watford,33-057,1989,24.3,28.6,35.1,81.5,672.6,187.9,7.08,7.98,88.7,15,17.1,87.7,6.46,9.59,67.4,0.04,0.01,0.03,0.08,1.73,0.21,0.04,1.65,Matches
72,Edinson Cavani,,uy URU,FW,Manchester Utd,35-049,1987,6.8,20.9,26.6,78.5,303.4,34.6,14,15.9,88,4.85,7.06,68.8,1.18,2.35,50,0.15,0.16,-0.01,0.59,0.44,0.15,0,0.74,Matches
73,Kayky Chagas,,br BRA,FW,Manchester City,18-297,2003,0.1,20,20,100,320,0,10,10,100,10,10,100,0,0,,0,0,0,0,0,0,0,0,Matches
74,Trevoh Chalobah,,eng ENG,DF,Chelsea,22-273,1999,13.1,62.8,69.3,90.6,1160.7,327.6,24.4,26.2,93.3,32.2,34.1,94.4,5.95,8.32,71.6,0.08,0.01,0.07,0.08,6.11,0.38,0,3.21,Matches
75,Calum Chambers,,eng ENG,DF,Arsenal,27-074,1995,1.9,42.6,51.6,82.7,788.9,257.9,18.4,20,92.1,18.9,22.1,85.7,5.26,8.95,58.8,0,0.05,-0.05,0.53,2.63,0.53,0.53,4.74,Matches
76,Calum Chambers,,eng ENG,DF,Aston Villa,27-074,1995,5,44.2,54.2,81.5,969.4,303.6,12.6,14.4,87.5,24,26.6,90.2,7.6,13,58.5,0,0,0,0,4,0.4,0,2.2,Matches
77,Daniel Chesters,,eng ENG,MF,West Ham,20-000,2002,0,0,0,,0,0,0,0,,0,0,,0,0,,0,0,0,0,0,0,0,0,Matches
78,Ben Chilwell,,eng ENG,DF,Chelsea,25-104,1996,6,44,57.2,77,699.7,191.2,22.2,24.3,91.1,18.2,21.8,83.2,2.67,7.83,34,0.17,0.15,0.02,1.67,1.17,1,0.17,2.17,Matches
79,Chiquinho,,pt POR,MFDF,Wolves,22-058,2000,0.6,25,41.7,60,395,190,16.7,21.7,76.9,5,10,50,3.33,6.67,50,1.67,0.17,1.5,3.33,1.67,3.33,3.33,5,Matches
80,Hamza Choudhury,,eng ENG,DFMF,Leicester City,24-185,1997,3.2,40.3,49.4,81.6,711.6,167.5,19.4,21.9,88.6,14.7,17.8,82.5,5.31,7.5,70.8,0,0,0,0,0.63,0,0,1.56,Matches
81,Andreas Christensen,,dk DEN,DF,Chelsea,25-359,1996,14.1,67.2,73.8,91.1,1366.5,392.5,22.1,23.6,93.4,33.3,35.7,93.1,11.1,13,84.8,0,0.01,-0.01,0.28,6.24,0.5,0.07,4.4,Matches
82,Carney Chukwuemeka,,eng ENG,MFFW,Aston Villa,18-087,2004,2.2,26.8,34.1,78.7,415.5,55.5,13.2,16.4,80.6,11.8,13.2,89.7,1.36,1.36,100,0.45,0.45,0,0.91,0.45,0,0,0.91,Matches
83,Ciaran Clark,,ie IRL,DF,Newcastle Utd,32-190,1989,11.3,24.4,30.8,79.3,471.9,140,7.96,9.12,87.4,13.2,15,88.2,2.83,5.84,48.5,0.09,0.03,0.06,0.35,1.06,0.09,0.09,1.33,Matches
84,Tom Cleverley,,eng ENG,MF,Watford,32-235,1989,15.3,26.9,36.5,73.8,460.5,141.6,13.3,15.4,86.8,9.35,11.7,79.9,3.2,7.65,41.9,0.13,0.1,0.03,1.18,2.55,0.65,0.26,2.61,Matches
85,Nathaniel Clyne,,eng ENG,DF,Crystal Palace,30-364,1991,6,34.3,44.7,76.9,591.5,211.3,15.2,17,89.2,16,20,80,2.67,6.33,42.1,0,0,0,0.17,1.5,0.5,0.17,1.17,Matches
86,Conor Coady,,eng ENG,DF,Wolves,29-038,1993,30.8,37.5,41.9,89.7,944.7,265.4,5.49,5.84,93.9,21.4,22.5,95.4,10.4,13,79.8,0,0,0,0.03,1.2,0.06,0,1.01,Matches
87,Seamus Coleman,,ie IRL,DF,Everton,33-175,1988,21.6,34.2,46.3,73.8,600.3,287.4,16.3,18.5,88,13.8,18.9,73,3.7,7.73,47.9,0,0.05,-0.05,0.46,3.38,0.97,0.42,3.29,Matches
88,Nathan Collins,,ie IRL,DF,Burnley,20-339,2001,8.6,21.6,30.7,70.5,470.8,183.3,6.4,7.44,85.9,10.2,12.9,79.3,4.53,9.42,48.1,0,0.05,-0.05,0.35,1.98,0.12,0,1.98,Matches
89,Aaron Connolly,,ie IRL,FW,Brighton,22-066,2000,1.7,8.82,10.6,83.3,124.7,5.88,5.29,6.47,81.8,3.53,4.12,85.7,0,0,,0,0.24,-0.24,0.59,0,0,0,0,Matches
90,Liam Cooper,,sct SCO,DF,Leeds United,30-217,1991,15.2,51,58.4,87.3,1121.5,339.5,13.2,14.5,91.4,28.9,30.6,94.6,8.49,12.6,67.2,0.07,0,0.07,0.13,2.11,0,0,2.5,Matches
91,Jack Cork,,eng ENG,MF,Burnley,32-283,1989,10.6,20.5,27.2,75.3,340.3,85.8,11.2,14.1,79.9,5.94,7.74,76.8,2.64,3.96,66.7,0,0,0,0.19,1.6,0.09,0,1.42,Matches
92,Maxwel Cornet,,ci CIV,FWMF,Burnley,25-189,1996,12.7,13.3,20.2,65.8,187.5,40.1,7.72,10.7,72.1,3.86,5.28,73.1,0.79,2.28,34.5,0,0.06,-0.06,0.55,0.47,0.55,0.16,1.18,Matches
93,Helder Costa,,ao ANG,MF,Leeds United,28-082,1994,0.2,20,20,100,325,0,15,15,100,5,5,100,0,0,,0,0,0,0,0,0,0,0,Matches
94,Vladimir Coufal,,cz CZE,DF,West Ham,29-225,1992,18.7,39.2,58.1,67.4,677.6,335.7,17.7,21.4,82.8,17.4,23.9,72.9,3.37,10.1,33.5,0.16,0.11,0.05,0.8,2.57,1.28,0.64,4.39,Matches
95,Philippe Coutinho,,br BRA,MFFW,Aston Villa,29-296,1992,9.4,33.4,40.6,82.2,577,148.5,17.4,19.7,88.6,11.3,13.2,85.5,3.83,5.64,67.9,0.32,0.26,0.06,1.7,4.15,0.64,0.11,3.51,Matches
96,Aaron Cresswell,,eng ENG,DF,West Ham,32-110,1989,23.3,54.9,69,79.6,995.6,435.2,24.6,26.6,92.6,23.6,27.1,87.2,6.05,13.1,46.2,0.13,0.12,0.01,1.37,4.42,0.86,0.3,5.79,Matches
97,Charlie Cresswell,,eng ENG,DF,Leeds United,19-118,2002,1.6,45,60,75,999.4,297.5,10.6,11.9,89.5,26.3,28.8,91.3,8.13,18.8,43.3,0,0,0,0,1.88,0,0,3.13,Matches
98,Cucho,,co COL,FWMF,Watford,22-349,1999,12.1,20.5,31.6,64.9,361.9,127.4,10.2,13.1,78,6.45,9.34,69,3.06,6.28,48.7,0.17,0.16,0.01,1.57,1.74,1.24,0.5,2.56,Matches
99,Marc Cucurella,,es ESP,DF,Brighton,23-256,1998,26.3,57.9,70.8,81.9,963.2,340.5,29.6,32.4,91.3,22.7,26.4,86,4.52,8.29,54.6,0.04,0.09,-0.05,1.41,4.11,1.48,0.68,5.55,Matches
100,Luke Cundle,,eng ENG,MF,Wolves,19-343,2002,0.9,30,35.6,84.4,451.1,110,16.7,16.7,100,12.2,15.6,78.6,0,1.11,0,0,0.22,-0.22,1.11,3.33,1.11,0,3.33,Matches
101,Patson Daka,,zm ZAM,FW,Leicester City,23-177,1998,8.5,13.3,17.3,76.9,188.4,33.2,8.35,10.1,82.6,4,5.06,79.1,0.47,0.59,80,0.35,0.16,0.19,0.82,0.71,0.35,0,1.41,Matches
102,Stuart Dallas,,nir NIR,DFMF,Leeds United,30-350,1991,29.9,40.9,51.5,79.5,723,261.9,20.1,22.1,91.1,15.4,18.2,84.9,4.55,8.86,51.3,0.03,0.07,-0.04,1.04,3.61,0.9,0.17,3.98,Matches
103,Diogo Dalot,,pt POR,DF,Manchester Utd,23-017,1999,13.1,48.2,60.1,80.2,973.7,350.5,18.4,21.5,85.5,22.4,25.6,87.5,7.18,11.6,61.8,0,0.05,-0.05,0.92,3.74,1.37,0.53,5.57,Matches
104,Karl Darlow,,eng ENG,GK,Newcastle Utd,31-178,1990,8,19,31.6,60.1,838.4,573.1,1.88,1.88,100,5.13,5.25,97.6,12,24.4,49.2,0,0,0,0,1.25,0,0,0,Matches
105,Josh Dasilva,,eng ENG,MFFW,Brentford,23-163,1998,1.5,18,24.7,73,336,98.7,7.33,8,91.7,9.33,12.7,73.7,1.33,3.33,40,0,0.07,-0.07,0.67,2.67,0.67,0,2.67,Matches
106,Ben Davies,,wls WAL,DF,Tottenham,28-345,1993,20.3,47.5,55.8,85.2,880.5,297.1,17.8,19.5,91.4,25.7,28.2,91.1,3.6,6.4,56.2,0.05,0.02,0.02,0.3,3.89,0.54,0,3.79,Matches
107,Tom Davies,,eng ENG,MF,Everton,23-278,1998,1.8,25.6,32.8,78,405.6,96.7,11.7,12.2,95.5,10.6,12.8,82.6,1.67,3.33,50,0,0,0,0,1.11,0.56,0,3.89,Matches
108,Keinan Davis,,eng ENG,FW,Aston Villa,24-050,1998,0.1,30,30,100,490,300,10,10,100,20,20,100,0,0,,0,0,0,0,0,0,0,10,Matches
109,Craig Dawson,,eng ENG,DF,West Ham,31-333,1990,24.9,32.9,40.1,82.1,762.6,229.7,9.16,10.1,90.5,15.6,17.5,89.4,7.87,11.8,66.9,0.08,0.02,0.06,0.12,2.89,0.04,0,1.57,Matches
110,Kevin De Bruyne,,be BEL,MF,Manchester City,30-280,1991,17.9,49.4,65.1,76,926.4,239.6,22.1,25.7,86.1,20.4,25.3,80.6,6.15,11.6,53.1,0.17,0.32,-0.15,3.41,4.92,2.35,0.28,6.09,Matches
111,Troy Deeney,,eng ENG,FW,Watford,33-279,1988,0.3,10,20,50,126.7,53.3,6.67,13.3,50,3.33,3.33,100,0,0,,0,0.33,-0.33,3.33,3.33,0,0,3.33,Matches
112,Liam Delap,,eng ENG,FW,Manchester City,19-055,2003,0.1,10,10,100,150,50,10,10,100,0,0,,0,0,,0,0,0,0,0,0,0,0,Matches
113,Fabian Delph,,eng ENG,MF,Everton,32-134,1989,2.8,37.9,44.6,84.8,803.6,208.6,17.9,19.3,92.6,11.8,13.9,84.6,8.21,10.4,79.3,0,0,0,0.36,4.29,0.36,0,4.64,Matches
114,Leander Dendoncker,,be BEL,MF,Wolves,26-354,1995,16.7,33.4,38.4,86.8,592.2,112.7,15,17,88,13.8,15.3,90.2,3.71,4.43,83.8,0.12,0.05,0.07,0.6,1.74,0.24,0,1.86,Matches
115,Emmanuel Dennis,,ng NGA,FWMF,Watford,24-140,1997,24.3,14.6,21.9,66.4,209.9,57.4,9.01,11.8,76.3,3.95,5.88,67.1,0.95,1.81,52.3,0.21,0.1,0.1,1.11,0.74,0.7,0.21,1.85,Matches
116,Kiernan Dewsbury Hall,,eng ENG,MF,Leicester City,23-210,1998,14.7,40.6,52.5,77.3,652.4,164.8,21.6,24.8,86.8,14.9,18.7,79.6,3.27,6.67,49,0.14,0.12,0.02,1.5,3.95,1.16,0.2,3.4,Matches
117,Ibrahima Diallo,,fr FRA,MF,Southampton,23-027,1999,9.4,32.3,39.6,81.7,577.1,130,15.4,18.5,83.3,13.5,15.6,86.4,2.77,3.94,70.3,0.21,0.1,0.12,1.49,3.94,0.11,0,2.77,Matches
118,Raphael Dias Belloli,,br BRA,FWMF,Leeds United,25-111,1996,26,25.2,39.6,63.7,469.3,193.8,11.7,14.2,82.2,8.81,12.4,71.1,3.69,9.92,37.2,0.12,0.24,-0.13,2.27,2.96,1.69,0.31,5.62,Matches
119,Ruben Dias,,pt POR,DF,Manchester City,24-325,1997,23.7,77.8,82.5,94.3,1670.8,430,21.5,22.5,95.5,43.5,44.9,97.1,12.7,14.6,86.7,0.13,0.09,0.04,0.46,6.62,0.17,0,3.92,Matches
120,Luis Diaz,,co COL,FW,Liverpool,25-081,1997,5.5,37.5,42.7,87.7,549.3,112.4,24,25.6,93.6,10.7,13.3,80.8,2,2.18,91.7,0,0.18,-0.18,1.64,2,2.18,0,4.18,Matches
121,Eric Dier,,eng ENG,DF,Tottenham,28-079,1994,26.1,55.9,63,88.8,1239.5,411.9,14.7,15.6,94.3,31.6,33.6,94.2,9.5,13.3,71.5,0,0.05,-0.05,0.27,3.03,0.27,0,2.87,Matches
122,Lucas Digne,,fr FRA,DF,Aston Villa,28-258,1993,7.2,42.5,57.8,73.6,685.6,290.7,23.9,26.3,91,13.8,19,72.3,3.89,9.17,42.4,0.14,0.08,0.06,1.53,1.81,1.39,0.69,4.31,Matches
123,Lucas Digne,,fr FRA,DF,Everton,28-258,1993,13,37.5,52.2,71.8,657.5,329,16.8,20.2,83.6,16.2,20.6,78.7,3.23,8,40.4,0,0.13,-0.13,1.54,2.23,0.92,0.31,3.77,Matches
124,Virgil van Dijk,,nl NED,DF,Liverpool,30-270,1991,28,66.8,73.7,90.6,1519.3,481.5,16.9,18.3,92.4,36.4,37.9,95.9,13.2,16.9,78.2,0.04,0.01,0.02,0.14,4.96,0.11,0,3.07,Matches
125,Issa Diop,,fr FRA,DF,West Ham,25-085,1997,9,34.3,39.9,86.1,700.8,235.7,10.9,11.6,94.2,18.7,20.4,91.3,4.67,7.78,60,0.11,0.01,0.1,0.11,1.44,0,0,1.44,Matches
126,Moussa Djenepo,,ml MLI,MF,Southampton,23-293,1998,4.9,21.4,29.2,73.4,331.4,140.6,13.1,15.3,85.3,5.92,8.37,70.7,2.04,3.47,58.8,0,0.04,-0.04,1.22,2.04,1.63,0.41,4.49,Matches
127,Lewis Dobbin,,eng ENG,FWMF,Everton,19-091,2003,0.4,10,17.5,57.1,265,60,5,7.5,66.7,0,2.5,0,5,7.5,66.7,0,0,0,0,2.5,0,0,2.5,Matches
128,Matt Doherty,,ie IRL,DF,Tottenham,30-078,1992,9.5,45.9,56.1,81.8,774.8,205.2,22.9,25.8,89,18.5,21.8,85,3.79,6.21,61,0.42,0.19,0.23,1.47,2.11,1.16,0.42,3.79,Matches
129,Gabriel Dos Santos,,br BRA,DF,Arsenal,24-106,1997,24.4,51.3,57.3,89.5,1072.2,279,14.7,15.7,94,28.7,30,95.8,7.21,10.6,68.2,0,0.03,-0.03,0.16,2.58,0.04,0,1.76,Matches
130,Abdoulaye Doucoure,,ml MLI,MF,Everton,29-093,1993,20.7,32.4,40.3,80.2,545.2,120,15.7,18.2,85.9,12.9,15.4,84.3,2.75,4.15,66.3,0.19,0.07,0.12,0.77,2.95,0.68,0.05,3.14,Matches
131,Kieran Dowell,,eng ENG,MFFW,Norwich City,24-176,1997,4,19.8,30.8,64.2,328,72.5,12,15,80,5.25,7.5,70,2,6.25,32,0,0.15,-0.15,1.5,1.25,1.5,0.75,1.5,Matches
132,Cody Drameh,,eng ENG,DF,Leeds United,20-117,2001,1.4,42.9,55,77.9,662.1,284.3,27.9,31.4,88.6,12.9,16.4,78.3,2.14,2.86,75,0,0,0,0.71,2.14,1.43,0.71,4.29,Matches
133,Martin Dubravka,,sk SVK,GK,Newcastle Utd,33-079,1989,18,21.5,32.6,66,844.2,581.2,2.11,2.11,100,7.78,7.94,97.9,11.4,22.3,51.2,0,0,0,0,0.61,0,0,0,Matches
134,Shane Duffy,,ie IRL,DF,Brighton,30-093,1992,16,55.9,62.9,88.8,1292.4,355.1,10.7,11.5,92.9,33.8,36.1,93.6,11.3,14.8,75.9,0,0.01,-0.01,0.19,3.44,0.13,0,2.19,Matches
135,Paul Dummett,,wls WAL,DF,Newcastle Utd,30-190,1991,2.2,23.2,30.9,75,394.1,198.2,10.9,12.7,85.7,11.4,14.1,80.6,0.91,3.64,25,0,0,0,0,2.27,0,0,1.36,Matches
136,Lewis Dunk,,eng ENG,DF,Brighton,30-134,1991,20.6,67.6,74.3,91,1556.3,410.5,15.4,16.5,93.8,37.6,39.5,95.3,14.1,17.7,79.7,0,0.01,-0.01,0.05,3.74,0.1,0.05,2.09,Matches
137,Ederson,,br BRA,GK,Manchester City,28-230,1993,29,26.6,29.9,89,687.9,386.3,5.38,5.38,100,13.6,13.6,100,7.55,10.8,70,0,0,0,0.03,0.31,0.03,0,0.03,Matches
138,Odsonne Edouard,,fr FRA,FW,Crystal Palace,24-078,1998,14.1,17.9,24.8,72.2,258.2,57.6,11.2,14,80.2,5.6,7.73,72.5,0.78,1.21,64.7,0.21,0.15,0.06,1.13,1.42,0.64,0.07,2.2,Matches
139,Anthony Elanga,,se SWE,FW,Manchester Utd,19-342,2002,7.1,28.5,35.5,80.2,389.4,81,17.3,19.3,89.8,8.45,10.7,78.9,1.41,2.11,66.7,0,0.08,-0.08,0.42,0.85,0.7,0.42,1.55,Matches
140,Harvey Elliott,,eng ENG,MF,Liverpool,19-000,2003,3.1,56.8,67.1,84.6,962.6,259,29,32.6,89.1,22.6,25.8,87.5,5.16,6.77,76.2,0,0.1,-0.1,1.61,6.45,2.26,0.32,9.35,Matches
141,Mohamed Elneny,,eg EGY,MF,Arsenal,29-267,1992,2,53.5,58,92.2,993.5,199.5,23,24.5,93.9,20,21.5,93,9,9,100,0.5,0.1,0.4,2,8,0.5,0,1,Matches
142,Mohamed Elyounoussi,,no NOR,MF,Southampton,27-243,1994,17.8,20.9,29.8,70.2,316.5,75.1,12.8,15.8,81.1,6.52,9.21,70.7,1.12,2.81,40,0.06,0.11,-0.05,1.24,1.91,0.96,0.06,2.25,Matches
143,Emerson,,br BRA,DF,Tottenham,23-080,1999,17.7,46.7,58.1,80.4,734.6,226.6,26.3,29.4,89.4,16.7,20.5,81.5,2.88,5.48,52.6,0.06,0.1,-0.05,1.24,1.53,1.19,0.4,3.5,Matches
144,Christian Eriksen,,dk DEN,MF,Brentford,30-049,1992,3.4,40.3,55.3,72.9,863.2,280.6,16.5,19.1,86.2,13.2,16.5,80.4,10,17.6,56.7,0.29,0.24,0.06,2.35,5.59,1.18,0.59,4.71,Matches
145,Oghenekaro Etebo,,ng NGA,MF,Watford,26-146,1995,4.3,32.1,35.8,89.6,746.5,165.1,7.67,8.37,91.7,17.9,19.3,92.8,6.51,7.91,82.4,0,0.02,-0.02,0.47,2.56,0.7,0.23,2.56,Matches
146,Jonny Evans,,nir NIR,DF,Leicester City,34-091,1988,9.4,49.1,59.8,82.2,1092.3,375.3,10.7,12.9,83.5,30.6,33.3,92,7.55,13.3,56.8,0.11,0.05,0.05,0.21,2.77,0.11,0,2.45,Matches
147,Eberechi Eze,,eng ENG,MFFW,Crystal Palace,23-279,1998,1.6,31.3,42.5,73.5,483.8,90,19.4,21.9,88.6,9.38,13.1,71.4,1.88,5,37.5,0,0.06,-0.06,0.63,1.25,0.63,0,1.88,Matches
148,Lukasz Fabianski,,pl POL,GK,West Ham,36-351,1985,30,16.4,26.1,62.7,626.5,416,1.57,1.57,100,5.43,5.47,99.4,9.3,18.9,49.1,0,0,0,0.03,0.3,0,0,0,Matches
149,Fabinho,,br BRA,MF,Liverpool,28-163,1993,21.2,50.2,57,88.1,921.4,212.6,20.1,22.2,90.6,23.9,26,92,5.19,6.84,75.9,0.05,0.04,0.01,0.61,5.61,0.66,0.05,4.29,Matches
150,Kiko Femenia,,es ESP,DF,Watford,31-061,1991,18.8,35.1,49.4,71,582.4,272.4,18.4,20.7,88.9,14,19.3,72.7,2.18,7.66,28.5,0.27,0.1,0.16,0.85,2.02,0.64,0.32,3.14,Matches
151,Evan Ferguson,,ie IRL,MF,Brighton,17-167,2004,0.3,20,23.3,85.7,326.7,16.7,10,13.3,75,3.33,3.33,100,3.33,3.33,100,0,0,0,0,0,3.33,3.33,0,Matches
152,Nathan Ferguson,,eng ENG,DF,Crystal Palace,21-180,2000,0.1,30,50,60,230,200,10,10,100,0,0,,0,20,0,0,0,0,0,0,0,0,0,Matches
153,Bruno Fernandes,,pt POR,MF,Manchester Utd,27-208,1994,26.6,41.6,57,73.1,803.8,233,18.8,21.6,86.8,15.6,20,78.3,6.5,12.7,51,0.23,0.3,-0.07,2.93,4.51,2.59,0.49,5.79,Matches
154,Alvaro Fernandez,,es ESP,GK,Brentford,23-356,1998,12,26.8,41.7,64.4,784.4,441.7,5.33,5.5,97,12.3,12.5,98,9.17,23.6,38.9,0,0,0,0,0.83,0,0,0.08,Matches
155,Federico Fernandez,,ar ARG,DF,Newcastle Utd,33-042,1989,5.8,31.6,36.9,85.5,724,259.1,7.07,7.93,89.1,18.8,19.7,95.6,5.69,9.14,62.3,0,0.05,-0.05,0.17,2.07,0,0,1.38,Matches
156,Fernandinho,,br BRA,MF,Manchester City,36-335,1985,6.8,65.6,73.4,89.4,1199.9,287.2,27.5,30.1,91.2,30.9,32.9,93.8,6.47,9.12,71,0.15,0.12,0.03,1.18,8.09,2.21,0.15,5.59,Matches
157,Roberto Firmino,,br BRA,FW,Liverpool,30-184,1991,9.8,34.4,43,80,513.9,114.3,19.3,21.3,90.4,11.5,15.2,75.8,1.94,2.55,76,0.31,0.2,0.1,1.33,2.24,0.92,0,3.06,Matches
158,Junior Firpo,,es ESP,DF,Leeds United,25-225,1996,14.8,42.9,51.7,83,749.6,260.1,18.6,21.2,87.9,20.5,23.4,87.3,3.24,5.61,57.8,0.07,0.11,-0.05,1.15,3.31,1.01,0.34,4.26,Matches
159,Ashley Fletcher,,eng ENG,FW,Watford,26-184,1995,0.3,10,30,33.3,246.7,93.3,0,20,0,6.67,6.67,100,3.33,3.33,100,0,0,0,0,6.67,0,0,3.33,Matches
160,Phil Foden,,eng ENG,FW,Manchester City,21-311,2000,18.6,39.2,48.6,80.6,646.3,132.5,22.3,24.6,90.6,12.9,15.1,85.7,3.55,6.94,51.2,0.16,0.26,-0.1,1.72,2.42,1.61,0.32,3.23,Matches
161,Wesley Fofana,,fr FRA,DF,Leicester City,21-108,2000,1,56,65,86.2,1092,212,16,16,100,29,33,87.9,9,14,64.3,0,0,0,0,3,0,0,2,Matches
162,Pablo Fornals,,es ESP,FWMF,West Ham,26-041,1996,25,32.4,43,75.3,587.2,195.6,15,17.3,86.6,12.4,15.8,78.7,4.08,7.16,57,0.08,0.16,-0.08,1.44,3.28,1.72,0.28,5.36,Matches
163,Adam Forshaw,,eng ENG,MF,Leeds United,30-178,1991,17,39.9,47.6,83.7,741.8,188.6,18.5,20.5,90.5,14.6,17,85.8,5.59,7.82,71.4,0.06,0.06,-0.01,0.76,3.47,0.47,0,3.59,Matches
164,Marcus Forss,,fi FIN,FWMF,Brentford,22-290,1999,2.3,10.4,17.8,58.5,165.2,47.8,6.96,9.57,72.7,1.3,4.78,27.3,1.74,2.61,66.7,0.43,0,0.43,0,1.74,0.43,0,2.17,Matches
165,Fraser Forster,,eng ENG,GK,Southampton,34-018,1988,13,19.5,32.9,59.3,679.8,432.7,2.69,2.77,97.2,8.08,8.23,98.1,8.69,21.8,39.9,0,0,0,0,0.46,0,0,0,Matches
166,Ben Foster,,eng ENG,GK,Watford,39-001,1983,19,16.8,34.3,49.2,756.3,569,1,1.05,95,4.95,5.16,95.9,10.9,28.1,38.8,0.05,0.01,0.05,0.05,1.58,0.11,0,0,Matches
167,Tariqe Fosu,,gh GHA,DF,Brentford,26-150,1995,0.2,30,40,75,550,65,10,10,100,15,20,75,5,10,50,0,0,0,0,0,0,0,5,Matches
168,Ryan Fraser,,sct SCO,FWMF,Newcastle Utd,28-039,1994,16,20.4,29.2,69.8,349.5,110.4,10.8,12.8,84.8,6.5,9.56,68,2.5,5.69,44,0.19,0.13,0.06,1.5,1,1.38,0.81,1.63,Matches
169,Fred,,br BRA,MF,Manchester Utd,29-030,1993,20.6,48.8,57.2,85.2,906.1,225.8,21,23.8,88.4,20.5,23.1,89.1,6.31,7.91,79.8,0.19,0.09,0.11,1.17,5.15,0.53,0.05,4.51,Matches
170,Ryan Fredericks,,eng ENG,DF,West Ham,29-176,1992,2.4,25.4,36.3,70.1,424.6,129.6,12.5,15.4,81.1,11.7,15.4,75.7,1.25,3.75,33.3,0,0.04,-0.04,0.83,0.83,0.83,0.42,1.67,Matches
171,Leo Fuhr Hjelde,,no NOR,DF,Leeds United,18-221,2003,1.7,49.4,65.3,75.7,774.7,296.5,27.6,32.4,85.5,17.6,20.6,85.7,3.53,8.24,42.9,0,0,0,0.59,2.35,0,0,2.94,Matches
172,Conor Gallagher,,eng ENG,MF,Crystal Palace,22-057,2000,24.4,29,37.8,76.8,520.6,126,13.6,15.6,87.1,10.9,13.3,81.8,3.77,7.17,52.6,0.12,0.13,-0.01,1.27,2.25,0.78,0.29,1.93,Matches
173,Dwight Gayle,,eng ENG,FW,Newcastle Utd,31-169,1990,0.4,15,20,75,172.5,5,12.5,15,83.3,2.5,2.5,100,0,0,,0,0,0,2.5,0,0,0,0,Matches
174,Jean-Philippe Gbamin,,ci CIV,MF,Everton,26-191,1995,0.7,22.9,30,76.2,320,28.6,17.1,20,85.7,4.29,7.14,60,1.43,2.86,50,0,0,0,0,0,0,0,0,Matches
175,David de Gea,,es ESP,GK,Manchester Utd,31-148,1990,30,16.8,24.1,69.8,489.9,286.7,2.73,2.77,98.8,7.77,8,97.1,6.2,13.1,47.2,0,0,0,0,0.03,0,0,0,Matches
176,Joe Gelhardt,,eng ENG,FWMF,Leeds United,19-335,2002,5.5,12.7,17.8,71.4,162,55.6,7.27,9.45,76.9,4.18,5.82,71.9,0.18,0.91,20,0.18,0.07,0.11,0.91,0.91,1.27,0,2.36,Matches
177,Anwar El Ghazi,,nl NED,FW,Everton,26-336,1995,0.1,80,90,88.9,920,330,70,80,87.5,0,0,,10,10,100,0,0,0,0,0,0,0,0,Matches
178,Anwar El Ghazi,,nl NED,FWMF,Aston Villa,26-336,1995,4.3,19.1,26.7,71.3,293.5,86,11.6,13.5,86.2,6.05,9.53,63.4,1.16,1.86,62.5,0.23,0.09,0.14,0.93,0.23,1.4,0.93,1.63,Matches
179,Saman Ghoddos,,ir IRN,MFDF,Brentford,28-210,1993,4.8,26.7,39.6,67.4,490.4,165.2,13.1,18.1,72.4,8.54,11.7,73.2,4.38,8.13,53.8,0.21,0.25,-0.04,1.25,2.5,2.08,0.42,3.54,Matches
180,Dimitris Giannoulis,,gr GRE,DF,Norwich City,26-169,1995,7.1,39.7,53.2,74.6,650.4,273,20.8,23.7,88.1,15.2,19.9,76.6,3.24,8.17,39.7,0.14,0.04,0.1,0.85,1.13,1.13,0.14,2.82,Matches
181,Morgan Gibbs-White,,eng ENG,FWMF,Wolves,22-067,2000,0.1,70,100,70,740,280,50,60,83.3,10,10,100,0,10,0,0,0,0,0,10,0,0,10,Matches
182,Ben Gibson,,eng ENG,DF,Norwich City,29-079,1993,24.7,39.7,48.5,81.9,939.1,361.7,9.27,10.1,92,21.3,23.2,91.5,8.95,14.4,62.3,0,0,0,0.08,3.36,0.32,0,3,Matches
183,Billy Gilmour,,sct SCO,MF,Norwich City,20-297,2001,16.7,46.2,58.9,78.4,991.4,250.2,16.3,18.5,88,18.9,21.6,87.5,10.1,16.9,59.6,0.06,0.11,-0.05,1.44,4.43,0.84,0.06,4.31,Matches
184,Ben Godfrey,,eng ENG,DF,Everton,24-079,1998,19.5,28.4,36.8,77.1,534.7,189.3,10.6,12.4,85.5,14,17.5,79.8,3.23,5.54,58.3,0,0.04,-0.04,0.62,2.05,0.67,0.36,1.74,Matches
185,Andre Gomes,,pt POR,MF,Everton,28-248,1993,5.6,33.8,44.3,76.2,611.8,185.2,15.7,18.8,83.8,12.9,15,85.7,4.11,7.68,53.5,0.18,0.04,0.14,0.71,4.64,0.54,0,3.39,Matches
186,Toti Gomes,,pt POR,DF,Wolves,23-078,1999,2,26.5,41.5,63.9,474.5,180.5,10.5,11.5,91.3,13,18,72.2,2,10.5,19,0,0,0,0,2,0,0,1.5,Matches
187,Joe Gomez,,eng ENG,DF,Liverpool,24-316,1997,2.2,67.3,81.8,82.2,1378.6,349.5,22.3,25.9,86,33.2,40,83,10.9,13.6,80,0.45,0.14,0.32,0.91,5.91,1.36,0.91,6.36,Matches
188,Charlie Goode,,eng ENG,DF,Brentford,26-244,1995,5,38,60,63.3,943.4,291,7,10.6,66,19.4,28,69.3,11.4,19.8,57.6,0,0.06,-0.06,1.4,3.2,0.4,0.2,2.4,Matches
189,Anthony Gordon,,eng ENG,MFFW,Everton,21-039,2001,16.9,20.9,30.8,67.9,339.2,99.8,11.1,13.8,79.9,6.51,8.7,74.8,2.25,5.27,42.7,0.12,0.11,0.01,1.12,1.12,0.95,0.41,2.6,Matches
190,Kaide Gordon,,eng ENG,FW,Liverpool,17-181,2004,0.1,40,40,100,500,0,20,20,100,0,0,,10,10,100,0,0,0,0,0,0,0,0,Matches
191,Dan Gosling,,eng ENG,MF,Watford,32-062,1990,0.2,25,35,71.4,305,30,20,25,80,5,5,100,0,5,0,0,0,0,0,0,0,0,0,Matches
192,Demarai Gray,,eng ENG,MFFW,Everton,25-280,1996,19.8,20.8,29.3,71,393.8,87.1,8.99,10.7,84.4,7.63,9.65,79.1,3.23,6.72,48.1,0.1,0.14,-0.04,1.57,0.91,1.01,0.3,1.67,Matches
193,Jack Grealish,,eng ENG,FW,Manchester City,26-206,1995,17.1,39.4,45.5,86.5,572.9,108.9,23.4,25.8,90.5,12.8,14.1,90.9,1.99,2.57,77.3,0.12,0.3,-0.18,2.57,1.23,1.81,0.18,3.51,Matches
194,Mason Greenwood,,eng ENG,FWMF,Manchester Utd,20-185,2001,14.1,28.2,35.7,78.8,520.9,115.5,13.1,15.2,86.4,11.6,13.8,84.1,3.05,5.32,57.3,0.07,0.11,-0.04,1.06,1.84,0.92,0.21,2.55,Matches
195,Sam Greenwood,,eng ENG,FWMF,Leeds United,20-068,2002,0.9,23.3,27.8,84,345.6,77.8,7.78,10,77.8,8.89,8.89,100,2.22,3.33,66.7,1.11,0.22,0.89,1.11,1.11,0,0,2.22,Matches
196,Pascal Gross,,de GER,MFDF,Brighton,30-293,1991,16.3,48,63.4,75.6,954.2,270.3,19.5,22.1,88.1,19.8,24,82.1,8.1,14.8,54.5,0.18,0.21,-0.03,2.64,3.8,1.53,0.74,4.66,Matches
197,Vicente Guaita,,es ESP,GK,Crystal Palace,35-084,1987,23.5,25.1,31.4,79.9,668.6,343.7,6.51,6.51,100,10.4,10.5,99.6,7.74,14,55.3,0,0,0,0,0.09,0,0,0,Matches
198,Marc Guehi,,eng ENG,DF,Crystal Palace,21-265,2000,28,53.1,61,87,1127.6,367.1,14.6,15.6,93.6,31,33.3,93,7.25,11.5,63.2,0,0.01,-0.01,0.11,3.46,0.07,0,2.96,Matches
199,Bruno Guimaraes,,br BRA,MF,Newcastle Utd,24-139,1997,3.6,45.6,53.3,85.4,950.3,198.3,17.8,19.7,90.1,15.6,17.8,87.5,10.6,12.2,86.4,0,0.14,-0.14,0.83,3.61,1.94,0.28,4.17,Matches
200,?lkay Gundogan,,de GER,MF,Manchester City,31-162,1990,16,51.7,60.2,85.9,899.5,182.7,26.2,27.9,93.7,18.6,20.8,89.2,5.88,9,65.3,0.25,0.24,0.01,1.88,3.13,1.5,0.13,3.81,Matches
201,Angus Gunn,,eng ENG,GK,Norwich City,26-072,1996,7,22.3,32,69.6,691.6,361.7,5.43,5.43,100,7,7.14,98,9.71,19.3,50.4,0,0,0,0,0.14,0,0,0,Matches
202,Grant Hanley,,sct SCO,DF,Norwich City,30-135,1991,24.2,33.8,40,84.6,749.2,179.1,8.93,10.1,88.5,17.4,18.8,92.1,7.02,10.1,69.7,0,0.01,-0.01,0.12,0.87,0.08,0,0.95,Matches
203,Jack Harrison,,eng ENG,FWMF,Leeds United,25-135,1996,22.9,22.9,35.8,64,359.9,129.2,13.4,16.8,79.7,7.03,11,64.1,1.88,5.2,36.1,0.04,0.1,-0.06,1.62,1.31,1.62,0.39,3.8,Matches
204,Kortney Hause,,eng ENG,DF,Aston Villa,26-262,1995,4.4,36.8,46.8,78.6,797.5,225.5,12,13.2,91.4,17,20.5,83.3,7.5,12.3,61.1,0,0,0,0,1.82,0,0,1.36,Matches
205,Kai Havertz,,de GER,FWMF,Chelsea,22-297,1999,15.5,26.3,32.1,81.9,363.5,63,16.6,18.6,89.6,6.45,8.52,75.8,1.55,1.87,82.8,0.13,0.08,0.05,0.65,1.35,0.71,0.06,2,Matches
206,Isaac Hayden,,eng ENG,MFDF,Newcastle Utd,27-013,1995,11.1,23,28.6,80.2,419.5,82.2,10,11.7,85.4,10.3,12.1,85.1,2.52,3.69,68.3,0,0.01,-0.01,0.18,1.71,0.09,0.09,0.81,Matches
207,Hwang Hee-chan,,kr KOR,FWMF,Wolves,26-068,1996,15.3,25.2,31,81.1,420.5,64.6,13.5,16.1,83.7,8.56,9.8,87.3,2.61,3.59,72.7,0.07,0.09,-0.03,0.65,1.31,0.52,0,1.44,Matches
208,Jordan Henderson,,eng ENG,MF,Liverpool,31-291,1990,23.3,61.9,74.8,82.7,1175.5,282.1,25.6,28.4,90.2,26.9,31.2,86.2,8.37,12.3,68.2,0.21,0.15,0.06,1.42,6.74,1.8,0.43,6.01,Matches
209,Jeff Hendrick,,ie IRL,MF,Newcastle Utd,30-063,1992,0.8,30,33.8,88.9,565,37.5,12.5,13.8,90.9,13.8,13.8,100,3.75,5,75,0,0,0,1.25,2.5,0,0,1.25,Matches
210,Wayne Hennessey,,wls WAL,GK,Burnley,35-070,1987,2,20,40,50,1059.5,925,0.5,0.5,100,4,4,100,15.5,35.5,43.7,0,0.05,-0.05,1.5,2.5,0,0,0,Matches
211,Rico Henry,,eng ENG,DF,Brentford,24-270,1997,24.2,25.4,35.8,70.9,419.5,133.4,12.5,14.8,84.1,9.92,13,76.2,2.31,5.25,44.1,0,0.03,-0.03,0.45,1.69,0.58,0.29,2.36,Matches
212,Son Heung-min,,kr KOR,FWMF,Tottenham,29-270,1992,25.9,29.7,38.4,77.5,458.9,108,17.1,18.8,90.8,9.23,10.9,84.5,2.47,6.45,38.3,0.23,0.27,-0.04,2.12,1.04,1.35,0.12,2.28,Matches
213,Ki-Jana Hoever,,nl NED,DF,Wolves,20-076,2002,3.4,33.2,46.8,71.1,574.4,190.3,15,18.2,82.3,15.3,21.2,72.2,2.35,4.12,57.1,0,0,0,0.29,1.18,0.59,0.29,2.35,Matches
214,Rob Holding,,eng ENG,DF,Arsenal,26-196,1995,4.8,41.9,48.5,86.3,866.5,184.6,12.1,13.1,92.1,23.3,24.6,94.9,6.04,10,60.4,0,0,0,0,0.63,0,0,1.46,Matches
215,Mason Holgate,,eng ENG,DF,Everton,25-164,1996,15.8,29.1,40,72.8,687.2,224.6,7.85,9.24,84.9,13.7,17.2,79.4,7.22,12.9,55.9,0,0,0,0,1.71,0.06,0,1.65,Matches
216,Callum Hudson-Odoi,,eng ENG,FWMF,Chelsea,21-148,2000,10.7,29.3,36.7,79.6,463.5,101.2,16.2,18.8,86.1,10.1,12.3,81.8,2.06,3.83,53.7,0.19,0.21,-0.03,2.24,0.84,1.87,0.47,2.9,Matches
217,Will Hughes,,eng ENG,MF,Crystal Palace,26-352,1995,9.1,36.9,45.6,81,700.3,154.3,15.3,17.5,87.4,16.3,17.8,91.4,4.73,8.57,55.1,0.11,0.07,0.04,0.77,2.2,0.77,0.33,2.31,Matches
218,Pierre Hojbjerg,,dk DEN,MF,Tottenham,26-242,1995,27.5,62.5,70.3,88.9,1201.3,314,24.9,27,92.5,28.5,31.1,91.8,8.18,10.8,75.8,0.07,0.07,0,0.8,6.36,1.02,0.07,5.6,Matches
219,Adam Idah,,ie IRL,FWMF,Norwich City,21-024,2001,6.9,13.9,20.6,67.6,239.1,46.7,6.38,9.57,66.7,5.8,7.25,80,1.16,1.74,66.7,0.14,0.09,0.06,0.58,1.01,0.58,0.29,1.01,Matches
220,Kelechi Iheanacho,,ng NGA,FW,Leicester City,25-183,1996,10.2,21.2,27.4,77.4,301.9,69.1,12,14.1,84.7,6.76,8.24,82.1,1.08,2.35,45.8,0.49,0.25,0.25,1.47,1.47,0.98,0.1,2.75,Matches
221,Danny Ings,,eng ENG,FW,Aston Villa,29-255,1992,16.9,12.3,18.1,68,174.6,41.1,7.63,9.82,77.7,2.78,4.26,65.3,1.07,2.01,52.9,0.3,0.09,0.2,0.65,0.77,0.65,0.18,1.3,Matches
222,Tim Iroegbunam,,eng ENG,MF,Aston Villa,18-278,2003,0.1,40,40,100,820,240,10,10,100,30,30,100,0,0,,0,0,0,0,0,0,0,0,Matches
223,Alex Iwobi,,ng NGA,MFFW,Everton,25-336,1996,12.6,24.5,31,79.2,409,126.1,12.4,14,88.6,8.73,10.9,80.3,2.38,3.97,60,0.08,0.13,-0.06,1.75,2.38,1.35,0.32,3.33,Matches
224,Daniel James,,wls WAL,FW,Manchester Utd,24-145,1997,1.4,15.7,22.9,68.8,166.4,25.7,12.9,17.1,75,2.14,3.57,60,0,0.71,0,0,0,0,0.71,0,0,0,0,Matches
225,Daniel James,,wls WAL,FWMF,Leeds United,24-145,1997,23.1,12.9,19.8,65,194,51.4,6.93,9.05,76.6,4.5,6.71,67.1,0.87,1.99,43.5,0.13,0.1,0.03,0.91,0.69,0.78,0.04,1.9,Matches
226,Reece James,,eng ENG,DF,Chelsea,22-117,1999,13.5,63.6,74.8,85,1064.6,283.9,32.4,35,92.4,24.4,28.4,85.9,5.93,8.52,69.6,0.44,0.32,0.13,2.37,2.74,2.44,0.52,5.78,Matches
227,Vitaly Janelt,,de GER,MF,Brentford,23-329,1998,20.7,28.3,37.7,74.9,536.7,171.7,10.7,13.1,81.6,12.7,15.5,81.9,3.72,7.05,52.7,0,0.08,-0.08,0.72,3.04,0.82,0.14,3.96,Matches
228,Pontus Jansson,,se SWE,DF,Brentford,31-050,1991,30.9,32.1,39.2,81.8,673.9,192.3,8.93,10.5,85.4,18.2,21,86.7,4.72,7.12,66.4,0.03,0.01,0.02,0.1,0.97,0,0,1.59,Matches
229,Mathias Jensen,,dk DEN,MF,Brentford,26-093,1996,13.7,31.1,43.6,71.4,692.4,223.4,12.2,14.2,86.1,10.7,13.9,76.8,8.03,14.5,55.3,0.07,0.22,-0.15,2.19,3.21,1.53,0.73,3.43,Matches
230,Gabriel Jesus,,br BRA,FW,Manchester City,25-001,1997,15.2,32.6,38.8,84.2,483,85.5,17.6,19.5,89.9,12.6,14.9,84.6,1.32,1.97,66.7,0.46,0.22,0.24,1.51,0.86,1.51,0.33,2.7,Matches
231,Raul Jimenez,,mx MEX,FW,Wolves,30-334,1991,23.9,19,27,70.4,282.4,55.4,11.6,15.2,76.6,5.36,6.86,78,1.3,2.55,50.8,0.13,0.08,0.04,1.13,1.26,0.42,0.04,1.46,Matches
232,Joelinton,,br BRA,MFFW,Newcastle Utd,25-233,1996,21.6,26.7,34,78.5,415.1,104.5,14.4,17.1,84.1,9.26,11.7,79.4,1.99,2.78,71.7,0.05,0.06,-0.01,1.02,2.04,0.79,0.14,2.5,Matches
233,Ben Johnson,,eng ENG,DF,West Ham,22-070,2000,13.4,34.2,49.6,69,664.1,274.2,14.6,16.7,87.1,14,19.6,71.5,4.93,10.6,46.5,0,0.04,-0.04,0.45,2.84,1.12,0.75,3.21,Matches
234,Curtis Jones,,eng ENG,MF,Liverpool,21-064,2001,7.8,54.4,60.4,90,909.5,187.1,28.1,29.4,95.6,21.4,22.9,93.3,4.49,6.67,67.3,0.13,0.08,0.05,1.03,4.1,0.51,0,3.21,Matches
235,Phil Jones,,eng ENG,DF,Manchester Utd,30-042,1992,1,46,50,92,879,246,15,16,93.8,28,29,96.6,2,3,66.7,0,0,0,1,7,0,0,4,Matches
236,Jorginho,,it ITA,MF,Chelsea,30-105,1991,20.8,61.7,69.5,88.9,1092.4,263.2,27.1,29.6,91.6,28,30.3,92.4,5.48,7.79,70.4,0.1,0.12,-0.02,0.82,5.19,1.3,0,4.86,Matches
237,Diogo Jota,,pt POR,FW,Liverpool,25-121,1996,20.4,21.6,29.3,73.9,348.2,83.8,11,13.9,79.2,8.58,10.7,80.3,1.47,2.55,57.7,0.05,0.21,-0.16,1.47,1.86,1.23,0.1,2.79,Matches
238,James Justin,,eng ENG,DF,Leicester City,24-040,1998,5.1,43.9,54.3,80.9,665.1,256.1,23.3,24.7,94.4,17.8,21,85,1.96,5.88,33.3,0,0.12,-0.12,0.98,1.76,0.39,0,3.33,Matches
239,Mathias Jorgensen,,dk DEN,DF,Brentford,31-346,1990,4.8,40.8,57.1,71.5,766.3,336,16.7,19.2,87,20,27.1,73.8,3.75,9.17,40.9,0,0.02,-0.02,0.42,2.71,0.63,0.63,2.71,Matches
240,Ozan Kabak,,tr TUR,DF,Norwich City,22-010,2000,10.2,33.4,40.6,82.4,697.2,224.2,9.02,11,82.1,19.3,21.2,91.2,4.41,6.96,63.4,0,0,0,0.2,1.67,0,0,1.76,Matches
241,Christian Kabasele,,be BEL,DF,Watford,31-039,1991,6.3,32.4,38.1,85,779.4,245.6,4.6,5.87,78.4,20.6,22.7,90.9,6.83,9.21,74.1,0,0,0,0.16,1.9,0.32,0.16,2.22,Matches
242,Samuel Kalu,,ng NGA,FWMF,Watford,24-221,1997,0.5,6,10,60,94,34,2,2,100,4,6,66.7,0,2,0,0,0,0,0,0,0,0,0,Matches
243,Hassane Kamara,,ci CIV,DF,Watford,27-197,1994,11.9,38.1,54.3,70.1,654,296.8,16.4,19.2,85.5,18.1,23.3,77.6,2.52,8.32,30.3,0,0.03,-0.03,0.59,1.85,0.5,0.17,2.77,Matches
244,Harry Kane,,eng ENG,FW,Tottenham,28-250,1993,27.9,19.9,28.1,70.6,388.2,115.8,8.92,11.4,78.5,6.81,9.07,75.1,3.51,5.48,64.1,0.22,0.25,-0.04,1.33,2.76,1.08,0.22,3.3,Matches
245,N'Golo Kante,,fr FRA,MF,Chelsea,31-006,1991,14,50.9,59.7,85.2,862.2,226.8,24.4,27.9,87.5,20.5,23.4,87.5,4.43,5.5,80.5,0.29,0.11,0.17,1.21,4.14,1.5,0,5.71,Matches
246,Edo Kayembe,,cd COD,MF,Watford,23-244,1998,4.6,42.6,52.2,81.7,844.3,190.9,18.3,20.2,90.3,16.7,19.8,84.6,7.61,10.7,71.4,0,0.04,-0.04,0.87,3.91,0,0,4.35,Matches
247,Moise Kean,,it ITA,FW,Everton,22-035,2000,0,1,1,100,17,0,0,0,,1,1,100,0,0,,0,0,0,0,0,0,0,0,Matches
248,Michael Keane,,eng ENG,DF,Everton,29-083,1993,25.2,30.4,38.9,78.3,718.5,238.6,8.93,10.4,85.9,13.5,16,84.6,7.62,11.8,64.4,0.08,0.02,0.06,0.16,2.66,0.16,0,2.38,Matches
249,Naby Keita,,gn GUI,MF,Liverpool,27-053,1995,9.2,52.7,60.8,86.8,852.1,219.9,26.1,28.7,90.9,21.6,24,90,3.37,4.57,73.8,0.11,0.12,-0.01,1.09,5,1.74,0,6.74,Matches
250,Caoimhin Kelleher,,ie IRL,GK,Liverpool,23-132,1998,2,40.5,45,90,934.5,371,8.5,8.5,100,25,25,100,7,11.5,60.9,0,0,0,0,0,0,0,0,Matches
251,Jonjoe Kenny,,eng ENG,DF,Everton,25-020,1997,8.8,32.2,42.7,75.3,588.6,251.9,14.8,15.8,93.5,13.3,18,74.1,3.86,7.39,52.3,0.11,0.05,0.07,0.91,2.95,0.8,0.45,2.84,Matches
252,Max Kilman,,eng ENG,DF,Wolves,24-316,1997,28.9,42.1,48.6,86.6,886.1,311.1,13.6,14.9,91,21.3,23.1,92.5,6.85,9.9,69.2,0,0,0,0.07,2.98,0.1,0,3.04,Matches
253,Joshua King,,no NOR,FW,Watford,30-079,1992,22,15.3,21,72.9,234,46.3,8.23,10.3,79.7,5.68,8,71,0.86,1.23,70.4,0.14,0.14,0,1.5,1.09,0.59,0.09,1.27,Matches
254,Kristoffer Klaesson,,no NOR,GK,Leeds United,21-128,2000,0.4,22.5,27.5,81.8,625,410,5,5,100,7.5,7.5,100,10,15,66.7,0,0,0,0,0,0,0,0,Matches
255,Mateusz Klich,,pl POL,MF,Leeds United,31-295,1990,19.1,33.3,42.6,78.1,525.9,157.4,17.9,20.5,87.5,11.5,14.3,80.3,2.46,4.92,50,0.1,0.1,0,1.47,3.09,1.15,0.16,4.5,Matches
256,Robin Koch,,de GER,MFDF,Leeds United,25-261,1996,11.2,29.5,36.6,80.5,629.2,169.2,8.39,10.1,83.2,15.3,17.9,85.5,5.45,7.5,72.6,0,0.04,-0.04,0.54,2.14,0.54,0,1.96,Matches
257,Sead Kolasinac,,ba BIH,DF,Arsenal,28-288,1993,1,10,13,76.9,167,64,4,4,100,5,8,62.5,1,1,100,0,0,0,0,1,0,0,0,Matches
258,Ibrahima Konate,,fr FRA,DF,Liverpool,22-314,1999,8,54.1,61.6,87.8,1139.6,417.4,13.5,15.1,89.3,32.1,33.9,94.8,7.75,11.1,69.7,0,0.01,-0.01,0.13,4.25,0.38,0,3.63,Matches
259,Ezri Konsa,,eng ENG,DF,Aston Villa,24-163,1997,23,30.1,34.6,86.9,595.3,180.5,9.09,10,90.5,16.7,17.9,93.2,3.83,5.91,64.7,0,0.01,-0.01,0.17,0.96,0,0,1.26,Matches
260,Cheikhou Kouyate,,sn SEN,MF,Crystal Palace,32-104,1989,18.5,29.3,35.2,83.3,498.2,124.4,13.3,15.6,85.1,12.3,14.3,85.7,2.65,3.68,72.1,0.05,0.04,0.02,0.22,2.05,0.16,0.05,2.32,Matches
261,Mateo Kova?i?,,hr CRO,MF,Chelsea,27-333,1994,14.5,60.5,67.7,89.3,1123.3,251.6,26.5,28.6,92.5,25.6,27.8,92.1,7.45,9.72,76.6,0.34,0.23,0.11,1.38,6.34,1.38,0,5.93,Matches
262,Emil Krafth,,se SWE,DF,Newcastle Utd,27-245,1994,11.5,29.4,39.7,74,500.9,220.9,13.5,15.4,87.6,11.5,15.4,74.6,3.13,6.17,50.7,0.09,0.05,0.03,0.26,2.26,0.52,0.09,3.04,Matches
263,Alex Kral,,cz CZE,MF,West Ham,23-320,1998,0,0,2,0,0,0,0,1,0,0,1,0,0,0,,0,0,0,0,0,0,0,0,Matches
264,Tim Krul,,nl NED,GK,Norwich City,34-001,1988,23,25.4,37,68.8,819.3,462,3.3,3.35,98.7,10.6,10.7,98.8,11.5,22.8,50.4,0,0.02,-0.02,0.09,0.26,0.04,0,0.04,Matches
265,Juraj Kucka,,sk SVK,MF,Watford,35-037,1987,18.6,22.2,31.8,69.9,402.1,124.4,10.4,13.4,77.2,8.23,11.2,73.6,2.85,5.16,55.2,0.05,0.05,0,0.54,1.77,0.38,0.11,2.63,Matches
266,Dejan Kulusevski,,se SWE,MFFW,Tottenham,21-344,2000,8.4,31.2,36.7,85.1,466.9,99.8,18,19.4,92.6,11.8,13.7,86.1,1.07,1.9,56.3,0.6,0.37,0.23,2.14,1.67,1.9,0.48,3.33,Matches
267,Alexandre Lacazette,,fr FRA,FWMF,Arsenal,30-311,1991,17,18.2,23.8,76.3,247.6,54.2,11.4,14,81.1,4.35,6,72.5,1.12,1.71,65.5,0.41,0.11,0.3,1.35,1.53,1.12,0.06,2,Matches
268,Adam Lallana,,eng ENG,MF,Brighton,33-329,1988,16.8,48,54.9,87.5,762.5,161.8,25.9,28.3,91.4,17.9,19.6,91.5,3.1,4.64,66.7,0.06,0.04,0.02,0.48,3.63,1.01,0,3.45,Matches
269,Tariq Lamptey,,eng ENG,DFFW,Brighton,21-186,2000,15.2,36.4,46.8,77.9,547.6,127.2,20.5,23.4,87.6,13.4,16.6,80.6,1.58,3.82,41.4,0.13,0.13,0.01,1.25,0.99,1.32,0.86,2.63,Matches
270,Manuel Lanzini,,ar ARG,MF,West Ham,29-048,1993,14.7,54.4,60.3,90.1,856.4,195.6,29.7,31,95.6,19,21.4,88.9,3.95,5.65,69.9,0.14,0.13,0.01,1.29,3.33,1.16,0,4.08,Matches
271,Aymeric Laporte,,es ESP,DF,Manchester City,27-312,1994,24.1,88,92.4,95.2,1910.8,551.1,24.2,25.1,96.4,47.3,48.7,97.1,16,18,88.9,0,0.02,-0.02,0.33,10.9,0.33,0,6.85,Matches
272,Jamaal Lascelles,,eng ENG,DF,Newcastle Utd,28-144,1993,19.1,21.5,27.5,77.9,460.9,125.5,4.92,6.65,74,12.9,14.8,87.2,3.25,5.39,60.2,0,0.02,-0.02,0.1,0.79,0.1,0,0.99,Matches
273,Pierre Lees-Melou,,fr FRA,MF,Norwich City,28-314,1993,18.5,31.7,40.4,78.5,615.2,171.3,14.1,16.3,86.4,11.4,13.4,85,5.41,8.59,62.9,0,0.07,-0.07,0.97,3.03,1.19,0.43,3.62,Matches
274,Aaron Lennon,,eng ENG,MF,Burnley,34-353,1987,12.9,14.1,20.3,69.5,216.4,53.7,8.68,10.4,83.6,4.03,5.89,68.4,1.16,2.71,42.9,0,0.02,-0.02,0.39,0.54,0.31,0.16,1.09,Matches
275,Bernd Leno,,de GER,GK,Arsenal,30-031,1992,4,18,27.8,64.9,510.8,312.8,5,5,100,6,6,100,6.5,16.3,40,0,0,0,0,0.25,0,0,0,Matches
276,Jamal Lewis,,nir NIR,DF,Newcastle Utd,24-069,1998,2.9,27.9,35.5,78.6,501.4,179.7,12.1,13.4,89.7,10.7,13.1,81.6,4.48,7.59,59.1,0,0,0,0.34,1.38,0,0,1.38,Matches
277,Victor Lindelof,,se SWE,DF,Manchester Utd,27-261,1994,18.2,44.9,50.5,88.9,974.8,282.3,12.9,13.8,92.9,24.2,25.7,94.4,7.58,10.2,74.6,0.11,0.03,0.08,0.16,2.91,0.27,0,2.36,Matches
278,Jesse Lingard,,eng ENG,FW,Manchester Utd,29-110,1992,2.3,30.4,36.5,83.3,379.1,120,19.1,20,95.7,7.39,10.4,70.8,0.43,1.74,25,0,0.09,-0.09,1.3,4.35,0.43,0,2.61,Matches
279,Valentino Livramento,,eng ENG,DF,Southampton,19-143,2002,23.2,36.3,47.4,76.6,595.2,223.3,20,22.5,88.9,13.1,17.5,74.9,2.8,5.6,50,0.04,0.09,-0.05,0.82,1.55,0.99,0.43,3.23,Matches
280,Diego Llorente,,es ESP,DF,Leeds United,28-231,1993,20,44.4,53.6,82.8,991.6,276.8,9.9,11.3,87.6,26.4,29.1,90.7,7.75,11.9,64.9,0,0.01,-0.01,0.1,2.85,0.2,0,2.85,Matches
281,Hugo Lloris,,fr FRA,GK,Tottenham,35-099,1986,30,19.4,24.5,78.9,539.5,317.9,4.87,4.9,99.3,7.5,7.53,99.6,6.67,11.8,56.7,0,0.02,-0.02,0.1,0.4,0,0,0,Matches
282,Giovani Lo Celso,,ar ARG,MFFW,Tottenham,25-360,1996,2.6,45,56.9,79.1,713.5,130.8,24.2,26.5,91.3,10.8,13.8,77.8,6.15,8.46,72.7,0,0.23,-0.23,1.92,5.38,0.38,0,2.31,Matches
283,Jurgen Locadia,,nl NED,FW,Brighton,28-148,1993,0.3,6.67,10,66.7,143.3,0,0,0,,6.67,6.67,100,0,0,,0,0,0,0,0,0,0,0,Matches
284,Ruben Loftus-Cheek,,eng ENG,MF,Chelsea,26-071,1996,9.7,52.6,59.1,89,901.5,188.4,24.5,26.6,92.2,22.7,25.2,90.2,4.12,4.95,83.3,0.21,0.09,0.11,0.72,4.43,1.24,0,4.95,Matches
285,Kevin Long,,ie IRL,DF,Burnley,31-229,1990,1,13,18,72.2,251,46,4,5,80,8,10,80,1,2,50,0,0,0,0,0,0,0,0,Matches
286,Shane Long,,ie IRL,FWMF,Southampton,35-072,1987,1.6,14.4,25,57.5,146.3,30.6,11.9,18.8,63.3,1.88,3.75,50,0,0.63,0,0,0,0,0.63,1.25,0,0,1.88,Matches
287,Sean Longstaff,,eng ENG,MF,Newcastle Utd,24-156,1997,12.2,30.2,38.1,79.4,597.8,148,12.4,15,82.5,11.6,13.4,87.1,5.08,7.87,64.6,0.08,0.03,0.05,0.33,2.38,0.16,0,2.46,Matches
288,Ademola Lookman,,ng NGA,FWMF,Leicester City,24-166,1997,12.7,25.5,33.1,77.1,349.9,96,16.1,18.5,86.8,7.48,9.69,77.2,1.02,2.13,48.1,0,0.14,-0.14,1.5,1.34,1.57,0.24,3.23,Matches
289,Jonas Lossl,,dk DEN,GK,Brentford,33-062,1989,2,22,31,71,680.5,390.5,3.5,3.5,100,8.5,8.5,100,9.5,18.5,51.4,0,0,0,0,1,0,0,0.5,Matches
290,Imran Louza,,ma MAR,MF,Watford,22-338,1999,11.9,34.5,45.1,76.5,740.8,213.5,12,14.2,84.6,14.7,17.5,84.1,7.23,12.1,59.7,0,0.07,-0.07,1.26,3.87,0.59,0.08,3.45,Matches
291,Matthew Lowton,,eng ENG,DF,Burnley,32-299,1989,16.8,30.4,44.2,68.6,591.5,285.3,15.1,17.1,88.5,10.1,13.6,74.1,4.88,11.7,41.8,0.12,0.07,0.05,0.71,3.21,1.19,0.48,4.05,Matches
292,Douglas Luiz,,br BRA,MF,Aston Villa,23-330,1998,23.1,38.3,46.6,82.2,727.3,203.7,15.7,17.4,89.8,15.9,18.3,87,5.89,9.48,62.1,0.13,0.09,0.04,1.13,2.47,0.69,0.04,3.25,Matches
293,Romelu Lukaku,,be BEL,FW,Chelsea,28-326,1993,13.8,12.6,17.5,72.2,165.8,22.4,8.33,10.3,81,3.04,4.49,67.7,0.58,0.87,66.7,0,0.16,-0.16,1.09,0.43,0.58,0,0.87,Matches
294,Lyanco,,br BRA,DF,Southampton,25-062,1997,6.1,26.2,37.4,70.2,531.3,208.4,8.36,9.34,89.5,14.3,16.4,87,3.44,11,31.3,0,0.02,-0.02,0.49,1.8,0.33,0,1.97,Matches
295,Alexis Mac Allister,,ar ARG,MFFW,Brighton,23-101,1998,15.9,39.7,49.2,80.6,741.2,197.5,18.1,20.8,86.7,15.8,17.4,90.9,5.28,9.25,57.1,0.13,0.08,0.05,1.19,4.59,1.32,0.19,5.16,Matches
296,James Maddison,,eng ENG,MFFW,Leicester City,25-132,1996,20.1,27.8,37.7,73.7,514.8,152.5,12.3,14.8,83.2,11,13.2,83.8,3.83,8.21,46.7,0.2,0.19,0.01,1.59,2.59,1.24,0.2,3.58,Matches
297,Harry Maguire,,eng ENG,DF,Manchester Utd,29-030,1993,23.7,46.6,53.5,87,1060.8,314.9,11.9,13,91.9,24.7,27,91.7,9.79,13.1,74.6,0,0,0,0.08,4.35,0.08,0,2.91,Matches
298,Riyad Mahrez,,dz ALG,FW,Manchester City,31-042,1991,13.5,46.4,56.1,82.8,806.6,164.7,23.2,26.1,88.9,17.9,20.6,87.1,4.89,8.3,58.9,0.3,0.24,0.06,2.37,1.26,2.44,0.37,3.85,Matches
299,Ainsley Maitland-Niles,,eng ENG,MF,Arsenal,24-218,1997,3,35,45.3,77.2,641,201,16,19.7,81.4,15.7,18.3,85.5,3.33,6.33,52.6,0,0.1,-0.1,1,4,1,0,4.33,Matches
300,Sadio Mane,,sn SEN,FW,Liverpool,29-359,1992,25,25.1,33.6,74.7,411,90,13.3,16,83.5,8.68,11.8,73.6,2.48,3.28,75.6,0.04,0.14,-0.1,1.04,1.8,1.8,0.24,3.4,Matches
301,Javier Manquillo,,es ESP,DF,Newcastle Utd,27-334,1994,14,21.3,29,73.4,303,123.6,12.5,14.5,86.2,6.71,9.43,71.2,1.07,3,35.7,0.14,0.02,0.12,0.29,1,0.14,0,1.21,Matches
302,Fernando Marcal,,br BRA,DF,Wolves,33-044,1989,15.2,41.4,53.5,77.5,724.9,246.6,19.1,21.4,89,18.6,22.6,82.5,3.29,7.3,45,0,0.03,-0.03,0.59,1.58,0.46,0.26,3.16,Matches
303,Solly March,,eng ENG,DFFW,Brighton,27-258,1994,14.7,30.5,42.4,72.1,557.6,146.6,15.7,18.7,84,10.3,14.1,73.4,3.74,7.35,50.9,0.07,0.16,-0.09,2.11,1.5,1.5,0.68,2.52,Matches
304,Pablo Mari,,es ESP,DF,Arsenal,28-216,1993,2,39,43,90.7,820,265.5,11.5,13,88.5,20,20.5,97.6,7,8.5,82.4,0,0.05,-0.05,0.5,4.5,0,0,4,Matches
305,Anthony Martial,,fr FRA,FW,Manchester Utd,26-120,1995,2.4,27.5,35.4,77.6,410,98.3,15,18.8,80,11.7,13.8,84.8,0.83,1.67,50,0,0.04,-0.04,0.42,0.83,1.67,0,3.33,Matches
306,Martinelli,,br BRA,FWMF,Arsenal,20-290,2001,13.8,18.8,26.9,70.1,316.5,53.4,9.13,11.4,79.7,6.96,8.91,78,2.03,4.35,46.7,0.22,0.11,0.11,1.59,0.36,0.72,0.22,1.01,Matches
307,Emiliano Martinez,,ar ARG,GK,Aston Villa,29-214,1992,29,22.5,30.9,73,667.2,381.2,4.41,4.45,99.2,10,10,100,7.97,16.2,49,0,0,0,0,0.38,0,0,0,Matches
308,Adam Masina,,ma MAR,DF,Watford,28-092,1994,9.6,29.5,43.9,67.2,646.8,299.2,7.4,8.75,84.5,15.7,20.1,78.2,5.83,14,41.8,0,0.05,-0.05,0.73,2.19,0.63,0.42,2.71,Matches
309,Arthur Masuaku,,cd COD,DFFW,West Ham,28-148,1993,6.2,42.3,54.4,77.7,671,226.8,24,27.1,88.7,15.5,20,77.4,2.42,6.13,39.5,0.16,0.15,0.02,0.48,3.55,0.81,0.32,3.39,Matches
310,Jean-Philippe Mateta,,fr FRA,FW,Crystal Palace,24-280,1997,7.2,13.8,18.8,73.3,157.1,16.9,10,12.1,82.8,2.92,4.17,70,0.14,0.69,20,0.14,0.15,-0.01,0.69,0.28,0.14,0,0.28,Matches
311,Nemanja Mati?,,rs SRB,MF,Manchester Utd,33-246,1988,10.4,58.1,66.7,87,1128,321.1,22.7,26,87.4,26.2,28.8,91,8.17,9.81,83.3,0.19,0.09,0.11,0.77,7.12,0.48,0.1,5.96,Matches
312,Joel Matip,,cm CMR,DF,Liverpool,30-239,1991,24,65.5,72.6,90.2,1422.6,411.3,17.3,19.2,90.2,35.3,37.5,94,12.5,15,83.4,0.08,0.03,0.05,0.38,6.13,0.38,0,5.46,Matches
313,Neal Maupay,,fr FRA,FW,Brighton,25-233,1996,23.6,18.5,23.6,78.4,264.8,40.3,11,12.8,85.5,5.47,6.65,82.2,0.93,1.36,68.8,0.08,0.09,0,0.97,0.68,0.89,0.04,1.31,Matches
314,Bryan Mbeumo,,fr FRA,FWMF,Brentford,22-240,1999,25.7,16.5,25,65.8,273,56.7,8.95,11.6,77.4,5.06,7.43,68.1,1.87,3.81,49,0.23,0.12,0.11,1.21,0.82,0.86,0.19,1.56,Matches
315,James McArthur,,sct SCO,MF,Crystal Palace,34-179,1987,12.9,46.3,55.2,83.8,857.7,188.4,19.2,21.3,90.2,19.8,21.9,90.5,5.81,9.07,64.1,0.16,0.07,0.09,0.85,4.11,1.09,0.39,4.26,Matches
316,James Mcatee,,eng ENG,MFFW,Manchester City,19-168,2002,0.2,45,65,69.2,725,25,20,30,66.7,25,30,83.3,0,5,0,0,0,0,0,0,0,0,0,Matches
317,Kasey McAteer,,eng ENG,FW,Leicester City,20-133,2001,0,1,1,100,8,0,1,1,100,0,0,,0,0,,0,0,0,0,0,0,0,0,Matches
318,Liam McCarron,,sct SCO,FW,Leeds United,21-028,2001,0.1,20,20,100,530,0,0,0,,10,10,100,10,10,100,0,0,0,0,0,0,0,0,Matches
319,Alex McCarthy,,eng ENG,GK,Southampton,32-122,1989,15,18.3,30,60.9,562.7,361.8,3.07,3.07,100,8.73,8.87,98.5,6.33,17.9,35.4,0,0,0,0.07,0.47,0,0,0,Matches
320,John McGinn,,sct SCO,MF,Aston Villa,27-168,1994,26.3,29.7,39.6,75,682.4,266.9,10,11.8,84.6,12.7,15.4,82.7,6.81,11.7,58.3,0.08,0.14,-0.06,1.6,5.17,1.52,0.46,5.02,Matches
321,Stuart McKinstry,,sct SCO,MF,Leeds United,19-198,2002,0,3,4,75,31,2,1,1,100,1,1,100,0,1,0,0,0,0,0,0,0,0,0,Matches
322,Kenny McLean,,sct SCO,MF,Norwich City,30-086,1992,27.3,25,34.2,73.1,458.3,139.2,11.5,13.9,83.1,9.82,12.6,78.1,3.22,6.04,53.3,0,0.02,-0.02,0.22,2.34,0.66,0.04,2.67,Matches
323,Dwight McNeil,,eng ENG,MF,Burnley,22-133,1999,26.5,22,32.3,68.1,428.5,121.6,9.36,11,84.9,8.38,10.4,80.4,3.66,8.45,43.3,0.04,0.11,-0.08,1.25,1.58,1.25,0.72,1.74,Matches
324,Scott McTominay,,sct SCO,MF,Manchester Utd,25-117,1996,21.5,39.4,46.3,85.1,748.6,193.4,16,18.5,86.6,17.4,19.7,88.4,5.26,6.47,81.3,0.05,0.07,-0.02,0.74,4.09,0.42,0.05,3.86,Matches
325,Ben Mee,,eng ENG,DF,Burnley,32-193,1989,20.4,26.4,36,73.4,654.4,248.3,6.86,7.84,87.5,12,14.5,83.1,7.25,12.7,57.1,0,0,0,0.1,2.65,0.15,0.05,2.3,Matches
326,Benjamin Mendy,,fr FRA,DF,Manchester City,27-261,1994,0.9,81.1,96.7,83.9,1505.6,502.2,28.9,33.3,86.7,42.2,42.2,100,8.89,15.6,57.1,0,0.33,-0.33,2.22,6.67,1.11,1.11,8.89,Matches
327,Edouard Mendy,,sn SEN,GK,Chelsea,30-034,1992,25,22.8,28.2,80.7,546.4,304.3,6.72,6.8,98.8,9.84,10.1,97.6,5.72,10.8,53,0,0,0,0,0.04,0,0,0,Matches
328,Nampalys Mendy,,sn SEN,MF,Leicester City,29-285,1992,2.8,47.1,49.3,95.7,823.9,157.9,21.1,22.1,95.2,20.4,20.7,98.3,4.29,4.29,100,0,0,0,0.36,3.21,0,0,2.14,Matches
329,Illan Meslier,,fr FRA,GK,Leeds United,22-033,2000,30.6,27.7,36.6,75.7,681.6,322.2,6.18,6.21,99.5,14.3,14.5,98.9,7.06,15.7,44.9,0,0,0,0,0,0,0,0,Matches
330,Luka Milivojevi?,,rs SRB,MF,Crystal Palace,30-362,1991,7.2,46.8,59,79.3,904,243.2,16.7,19.3,86.3,21.8,25.8,84.4,6.81,11.3,60.5,0,0.08,-0.08,0.97,3.33,0.83,0.28,4.44,Matches
331,James Milner,,eng ENG,MFDF,Liverpool,36-090,1986,7.1,61.5,75.8,81.2,1229.3,390.1,22.5,26.1,86.5,28.5,32.4,87.8,9.58,14.9,64.2,0.14,0.2,-0.06,1.41,7.89,1.83,0.28,7.18,Matches
332,Yerry Mina,,co COL,DF,Everton,27-193,1994,7.2,32.1,39.2,81.9,705.3,196.8,9.44,10.8,87.2,14.6,17.2,84.7,6.81,9.03,75.4,0,0,0,0,1.94,0,0,1.39,Matches
333,Takumi Minamino,,jp JPN,FWMF,Liverpool,27-078,1995,1.1,31.8,37.3,85.4,466.4,77.3,18.2,22.7,80,11.8,12.7,92.9,0.91,0.91,100,0,0.36,-0.36,0.91,2.73,0,0,1.82,Matches
334,Tyrone Mings,,eng ENG,DF,Aston Villa,29-022,1993,27.4,37.6,46.5,80.8,824.9,294.2,10,11.7,85.4,20.9,23,91.1,6.39,11.1,57.8,0.11,0.04,0.07,0.29,2.37,0.22,0.04,2.37,Matches
335,Tyrick Mitchell,,eng ENG,DF,Crystal Palace,22-215,1999,28.9,39.8,54.4,73,676,327.6,18.4,20.9,88.1,17.5,22.8,76.7,3.04,7.96,38.3,0.07,0.04,0.03,0.59,2.84,1.14,0.48,3.88,Matches
336,Jakub Moder,,pl POL,MFFW,Brighton,22-362,1999,18.9,31.2,42.6,73.2,504.1,147.2,16,19.4,82.8,11.8,15.8,74.6,2.49,4.34,57.3,0.16,0.09,0.07,0.74,2.75,1.01,0.16,3.54,Matches
337,Wesley Moraes,,br BRA,FW,Aston Villa,25-129,1996,0,2,2,100,19,10,2,2,100,0,0,,0,0,,0,0,0,0,0,0,0,1,Matches
338,Tyler Morton,,eng ENG,MF,Liverpool,19-155,2002,0.7,45.7,52.9,86.5,837.1,174.3,20,21.4,93.3,20,21.4,93.3,5.71,8.57,66.7,0,0,0,0,11.4,0,0,4.29,Matches
339,Mason Mount,,eng ENG,MFFW,Chelsea,23-084,1999,19.5,35.8,46.5,77,548,172.7,20.2,22.6,89.1,11.2,13.9,80.1,2.82,6.46,43.7,0.36,0.25,0.11,2.05,2.21,1.9,0.36,4.31,Matches
340,Lucas Moura,,br BRA,FWMF,Tottenham,29-234,1992,17.3,29.6,39.1,75.7,449,124.2,16.8,19.5,86.4,10.6,13.9,76.3,1.39,3.29,42.1,0.29,0.21,0.08,1.56,2.77,1.5,0.17,4.16,Matches
341,Joao Moutinho,,pt POR,MF,Wolves,35-208,1986,26.1,49.9,58.8,84.9,1035.5,204.8,17,19,89.1,23,25.5,90.1,9.2,12.6,72.9,0.04,0.08,-0.05,1.26,4.18,0.57,0.11,3.98,Matches
342,Bali Mumba,,eng ENG,DF,Norwich City,20-178,2001,0.5,14,20,70,198,72,10,12,83.3,4,4,100,0,4,0,0,0,0,0,2,0,0,2,Matches
343,Jacob Murphy,,eng ENG,DFFW,Newcastle Utd,27-039,1995,13.9,22.8,36.2,63,402.3,145.6,10.8,13.8,78.1,8.92,12.5,71.3,2.52,6.62,38,0.07,0.12,-0.04,1.08,1.65,1.37,0.72,2.37,Matches
344,Enock Mwepu,,zm ZAM,MF,Brighton,24-093,1998,7.2,26.9,36.9,72.9,412.5,96.1,14.6,18.3,79.5,9.72,12.2,79.5,1.81,4.17,43.3,0.42,0.15,0.26,0.69,1.25,0.42,0,1.94,Matches
345,Vitaliy Mykolenko,,ua UKR,DF,Everton,22-310,1999,3,36.7,46.7,78.6,551.3,155,23,25.3,90.8,11.7,15.3,76.1,1.67,4.33,38.5,0,0.07,-0.07,0.33,2,0.33,0,2.33,Matches
346,Marvelous Nakamba,,zw ZIM,MF,Aston Villa,28-075,1994,8.4,32.1,37.3,86.3,541.8,149,15.2,17.3,88.3,14,15.6,90.1,2.38,3.57,66.7,0,0.01,-0.01,0.36,2.62,0.12,0,2.98,Matches
347,Wilfred Ndidi,,ng NGA,MFDF,Leicester City,25-109,1996,18,42.1,51.1,82.4,737.2,181.8,19.3,22.4,86.1,18.2,20.6,88.6,3.72,5.78,64.4,0,0,0,0,2.06,0.22,0,2.89,Matches
348,Tanguy Ndombele,,fr FRA,MF,Tottenham,25-097,1996,5.4,42.2,48.9,86.4,680,153.1,22.2,23.9,93,15,17.6,85.3,3.7,4.63,80,0.19,0.07,0.11,0.74,4.26,0.74,0,3.7,Matches
349,Reiss Nelson,,eng ENG,FW,Arsenal,22-115,1999,0.2,50,55,90.9,585,85,30,30,100,15,15,100,0,0,,0,0,0,5,5,0,0,5,Matches
350,Pedro Neto,,pt POR,MFFW,Wolves,22-026,2000,1.7,36.5,50,72.9,592.9,139.4,18.2,18.8,96.9,14.7,17.6,83.3,2.35,8.24,28.6,0,0.12,-0.12,2.35,0.59,1.76,0.59,3.53,Matches
351,Ruben Neves,,pt POR,MF,Wolves,25-022,1997,25.2,55,66.7,82.4,1334.3,276.1,11.8,13.9,84.9,28.2,31.6,89.2,14.6,19.7,74.2,0.08,0.07,0.01,0.67,6.71,0.99,0.12,4.76,Matches
352,Jeremy Ngakia,,eng ENG,DF,Watford,21-209,2000,7,31.4,43.1,72.8,586.1,278.1,12.6,14.9,84.6,14.6,18,81,3.86,8.71,44.3,0,0.04,-0.04,0.29,2.71,0.86,0.29,3,Matches
353,Saul Niguez,,es ESP,DFMF,Chelsea,27-134,1994,3.8,55.5,65.3,85.1,930.3,168.7,27.9,30.5,91.4,20,23.7,84.4,5.79,7.89,73.3,0,0.05,-0.05,0.53,1.84,0.26,0.26,0.79,Matches
354,Eddie Nketiah,,eng ENG,FWMF,Arsenal,22-309,1999,1.4,33.6,39.3,85.5,522.9,97.9,17.1,20,85.7,15,17.1,87.5,0.71,1.43,50,0.71,0.5,0.21,2.14,0.71,1.43,0,2.86,Matches
355,Nicolas Nkoulou,,cm CMR,DF,Watford,32-008,1990,1.9,24.2,27.9,86.8,572.6,85.3,5.26,5.79,90.9,12.6,14.2,88.9,5.79,7.37,78.6,0,0,0,0.53,1.05,0,0,0.53,Matches
356,Mark Noble,,eng ENG,MF,West Ham,34-331,1987,1.6,64.4,73.1,88,1200,320.6,23.8,25.6,92.7,33.8,35.6,94.7,6.88,11.9,57.9,0,0.13,-0.13,0.63,4.38,0,0,2.5,Matches
357,Mathias Normann,,no NOR,MF,Norwich City,25-311,1996,12.9,26.7,40.5,65.8,598.2,203.2,9.15,11.2,81.9,11.9,16.4,72.5,5.35,11.5,46.6,0.08,0.03,0.05,0.47,3.1,0.85,0.16,3.57,Matches
358,Christian Norgaard,,dk DEN,MF,Brentford,28-025,1994,29.2,37.8,47.9,78.9,687.6,207.3,16.3,19.7,82.8,16.2,19.3,84,4.38,6.88,63.7,0.07,0.08,-0.01,0.72,4.42,0.65,0.1,4.9,Matches
359,Angelo Ogbonna,,it ITA,DF,West Ham,33-316,1988,10.2,38.4,44.3,86.7,842,220,9.61,10.1,95.1,22.2,23.5,94.2,6.37,10.1,63.1,0,0,0,0,1.76,0,0,0.98,Matches
360,Michael Olise,,fr FRA,FWMF,Crystal Palace,20-113,2001,10.8,37.1,50,74.3,668.5,190.8,17.4,19.9,87.4,14.7,19.5,75.4,4.44,8.98,49.5,0.46,0.27,0.19,1.67,2.13,2.04,0.46,5.19,Matches
361,Andrew Omobamidele,,ie IRL,DF,Norwich City,19-285,2002,4.2,46.7,53.8,86.7,947.9,269.8,16.2,18.3,88.3,22.4,24.5,91.3,7.62,10,76.2,0,0,0,0,2.62,0,0,3.1,Matches
362,Tyler Onyango,,eng ENG,MFFW,Everton,19-031,2003,0.3,0,3.33,0,0,0,0,0,,0,3.33,0,0,0,,0,0,0,0,0,0,0,0,Matches
363,Frank Onyeka,,ng NGA,MF,Brentford,24-093,1998,11.6,22.5,28.3,79.6,384.4,80.6,10,12.2,82.3,9.74,11.2,86.9,2.24,3.45,65,0,0.02,-0.02,0.34,1.64,0.52,0,1.9,Matches
364,Divock Origi,,be BEL,FW,Liverpool,26-351,1995,0.8,20,25,80,210,42.5,15,20,75,2.5,2.5,100,0,0,,0,0,0,0,1.25,0,0,1.25,Matches
365,Alex Oxlade-Chamberlain,,eng ENG,MFFW,Liverpool,28-232,1993,8.7,36.6,46.3,78.9,729.2,169.4,14.4,17.1,83.9,14.9,17.5,85.5,6.32,9.2,68.8,0.11,0.1,0.01,1.03,4.6,1.84,0.34,5.17,Matches
366,Cole Palmer,,eng ENG,FWMF,Manchester City,19-333,2002,1.4,32.1,37.9,84.9,443.6,81.4,20.7,22.1,93.5,7.86,10,78.6,2.86,4.29,66.7,0,0.14,-0.14,1.43,1.43,2.86,0,3.57,Matches
367,Emerson Palmieri,,it ITA,DF,Chelsea,27-244,1994,0.1,10,20,50,80,0,10,10,100,0,0,,0,0,,0,0,0,0,0,0,0,0,Matches
368,Thomas Partey,,gh GHA,MF,Arsenal,28-295,1993,21.7,45.1,52.4,86.1,869.7,213.6,18.6,20.6,90.4,18.7,21,89,7.05,9.4,75,0.05,0.06,-0.01,0.83,5.02,0.6,0,5.3,Matches
369,Joao Pedro,,br BRA,FWMF,Watford,20-190,2001,12.2,20.6,30,68.6,345.3,102.1,11.1,15.2,73.5,6.48,9.1,71.2,2.21,3.85,57.4,0.08,0.18,-0.1,1.23,2.46,1.48,0.25,3.52,Matches
370,Nicolas Pepe,,ci CIV,FWMF,Arsenal,26-310,1995,6.7,36.3,45.8,79.2,550.6,138.5,21.3,24.6,86.7,11,13.6,81.3,2.39,5.37,44.4,0.15,0.24,-0.09,1.79,1.34,1.19,0.3,1.94,Matches
371,Ricardo Pereira,,pt POR,DF,Leicester City,28-180,1993,9.8,47.2,58.7,80.5,745.2,256.4,26.5,29.6,89.7,17.7,20.6,85.6,2.65,5.61,47.3,0.2,0.12,0.08,0.92,1.53,1.53,0.31,3.57,Matches
372,Ayoze Perez,,es ESP,FWMF,Leicester City,28-255,1993,2.4,24.2,30,80.6,363.8,107.5,14.6,17.1,85.4,6.67,9.17,72.7,2.08,2.5,83.3,0.83,0.29,0.54,2.5,2.5,0.83,0,4.58,Matches
373,Sonny Perkins,,eng ENG,FW,West Ham,18-053,2004,0,0,1,0,0,0,0,0,,0,1,0,0,0,,0,0,0,0,0,0,0,0,Matches
374,Romain Perraud,,fr FRA,DF,Southampton,24-194,1997,13.4,27.8,42.2,65.7,418,179.5,15.1,17.7,85.7,10.7,16.5,64.7,0.97,4.85,20,0.07,0.04,0.04,0.52,1.57,0.75,0.22,2.54,Matches
375,Kalvin Phillips,,eng ENG,MF,Leeds United,26-123,1995,11.4,46.4,56.5,82.1,1055.9,258,12.6,15.2,83.2,23.3,25.2,92.7,10,14.8,67.5,0.09,0.02,0.07,0.53,4.74,0.7,0.18,3.77,Matches
376,Jaden Philogene Bidace,,eng ENG,FW,Aston Villa,19-321,2002,0.1,0,0,,0,0,0,0,,0,0,,0,0,,0,0,0,0,0,0,0,0,Matches
377,Jordan Pickford,,eng ENG,GK,Everton,28-028,1994,26,17.7,32.4,54.5,694.2,487.1,2.15,2.15,100,6.12,6.23,98.1,9.31,23.9,38.9,0,0,0,0.12,1.08,0,0,0,Matches
378,Erik Pieters,,nl NED,DF,Burnley,33-240,1988,7.9,30,42.8,70.1,502.9,205.8,15.1,18.5,81.5,11.9,15.2,78.3,2.41,6.96,34.5,0,0,0,0,2.15,0.13,0,2.41,Matches
379,Ethan Pinnock,,jm JAM,DF,Brentford,28-310,1993,28.7,39,51.6,75.7,787.3,298.4,13.1,15.3,85.9,19.5,24.8,78.8,5.92,10.3,57.2,0.03,0.04,-0.01,0.35,2.33,0.24,0.1,1.99,Matches
380,Daniel Podence,,pt POR,FWMF,Wolves,26-165,1995,16.3,28,38.3,73.1,465.8,144,14.7,18,81.9,8.96,12,74.5,3.19,5.46,58.4,0.18,0.23,-0.05,2.09,1.96,2.09,0.55,4.6,Matches
381,Paul Pogba,,fr FRA,MFFW,Manchester Utd,29-020,1993,13.5,46.7,56.2,83,952.5,247.5,19.4,22.4,86.8,17.1,19.5,87.8,8.74,11,79.2,0.67,0.26,0.41,1.78,6.89,1.63,0.37,6.22,Matches
382,Nick Pope,,eng ENG,GK,Burnley,29-350,1992,26,14.3,29.3,48.6,688.1,573.7,0.73,0.81,90.5,2.88,3,96.2,10.6,25.4,41.8,0,0.01,-0.01,0.12,1.38,0.04,0,0,Matches
383,Teemu Pukki,,fi FIN,FW,Norwich City,32-006,1990,28.2,10.6,14.4,73.2,164.1,22.8,5.99,7.55,79.3,3.72,4.86,76.6,0.67,0.92,73.1,0.07,0.06,0.01,0.6,0.5,0.18,0.04,0.71,Matches
384,Christian Pulisic,,us USA,MFFW,Chelsea,23-198,1998,10.5,25.8,32.6,79.2,377.8,72.9,16.5,19,86.9,8,10,80,0.95,1.52,62.5,0.1,0.07,0.03,0.95,0.95,0.57,0,1.62,Matches
385,Przemyslaw Placheta,,pl POL,FWMF,Norwich City,24-012,1998,4.9,19.2,28.8,66.7,334.5,97.8,10,12.2,81.7,5.92,8.37,70.7,2.45,4.9,50,0,0.06,-0.06,0.41,1.02,0.82,0.41,1.84,Matches
386,Jesuran Rak Sakyi,,eng ENG,MF,Crystal Palace,19-181,2002,0.2,50,60,83.3,680,125,30,30,100,10,15,66.7,5,5,100,0,0,0,0,0,0,0,0,Matches
387,Aaron Ramsdale,,eng ENG,GK,Arsenal,23-325,1998,24,23.7,35.1,67.5,697.8,428.8,5.46,5.54,98.5,10.3,10.4,98.4,7.92,19,41.6,0,0,0,0,0.96,0,0,0,Matches
388,Jacob Ramsey,,eng ENG,MF,Aston Villa,20-311,2001,22.4,31.4,36.7,85.5,551.7,139.8,14.6,16.3,89.3,12.6,14.2,88.7,3.53,4.46,79,0.04,0.08,-0.04,0.71,3.21,0.85,0.09,3.39,Matches
389,Marcus Rashford,,eng ENG,FWMF,Manchester Utd,24-155,1997,10.8,21.9,31.9,68.9,318.4,64.7,13.4,17.8,75.5,6.57,9.07,72.4,1.2,2.78,43.3,0.19,0.19,0,0.83,1.2,1.02,0.28,2.04,Matches
390,Milot Rashica,,xk KVX,FWMF,Norwich City,25-280,1996,18.9,15.1,24.2,62.6,298.1,92.1,6.61,8.25,80.1,5.82,8.52,68.3,2.49,6.4,38.8,0.11,0.11,-0.01,1.53,1.16,0.95,0.42,1.64,Matches
391,David Raya,,es ESP,GK,Brentford,26-201,1995,17,28.2,44.6,63.3,1000,674.5,4.18,4.18,100,10.6,10.8,97.8,13.4,29.4,45.5,0,0,0,0,1.53,0.06,0,0.06,Matches
392,Nathan Redmond,,eng ENG,MFFW,Southampton,28-029,1994,15.1,24.7,35.2,70.2,414.2,129.9,12.6,15.3,82.3,8.87,12.7,69.8,2.25,5.36,42,0.33,0.24,0.09,1.85,1.59,2.38,0.79,3.97,Matches
393,Sergio Reguilon,,es ESP,DF,Tottenham,25-109,1996,19.5,35.8,47.3,75.7,630.2,200.3,17.2,20.3,85.1,14.8,18.7,78.9,3.38,6.41,52.8,0.15,0.21,-0.05,1.54,1.59,1.38,1.03,2.46,Matches
394,Declan Rice,,eng ENG,MF,West Ham,23-080,1999,29,53.2,59.1,90.1,1070.9,253,20,21.6,93,24,26,92.3,8.62,10.4,82.5,0.14,0.06,0.08,0.72,6.66,0.9,0.28,4.21,Matches
395,Taylor Richards,,eng ENG,MFFW,Brighton,21-121,2000,0.3,76.7,90,85.2,1436.7,370,23.3,26.7,87.5,40,46.7,85.7,10,10,100,0,0,0,0,6.67,0,0,6.67,Matches
396,Richarlison,,br BRA,FWMF,Everton,24-329,1997,19.2,12.3,18.6,66.4,184.4,40.5,6.09,8.02,76,4.74,6.25,75.8,0.68,1.41,48.1,0.21,0.1,0.11,0.89,0.73,0.57,0.05,1.25,Matches
397,Jairo Riedewald,,nl NED,MF,Crystal Palace,25-207,1996,1.3,34.6,41.5,83.3,707.7,166.9,10,12.3,81.3,20,20.8,96.3,4.62,6.92,66.7,0,0.08,-0.08,1.54,2.31,0,0,3.08,Matches
398,Matt Ritchie,,sct SCO,DF,Newcastle Utd,32-206,1989,14.6,33.7,46.5,72.5,685.1,350.4,15.1,16.8,89.4,11.6,14.4,81,6.58,14.1,46.6,0.14,0.11,0.03,1.99,2.6,1.03,0.48,3.22,Matches
399,Connor Roberts,,wls WAL,DF,Burnley,26-193,1995,11.2,25.8,41.3,62.4,484.6,227.2,11.4,13.3,85.9,10.8,16.4,65.8,3.48,10.4,33.6,0.09,0.03,0.06,0.54,2.14,0.89,0.36,3.04,Matches
400,Tyler Roberts,,wls WAL,MFFW,Leeds United,23-082,1999,11,20.2,27.4,73.8,320.8,75.5,10.8,13.2,82.1,6.09,8.18,74.4,2,3.45,57.9,0.09,0.11,-0.02,1.36,1.64,1.09,0.27,2.18,Matches
401,Andrew Robertson,,sct SCO,DF,Liverpool,28-024,1994,22.5,65,81.2,80.1,1169.7,425.4,30,33,90.8,28.4,33.5,84.7,6.27,12.4,50.7,0.44,0.22,0.23,2.18,4.89,1.78,0.49,6.84,Matches
402,Joe Rodon,,wls WAL,DF,Tottenham,24-164,1997,0.9,18.9,20,94.4,411.1,131.1,4.44,4.44,100,11.1,12.2,90.9,3.33,3.33,100,0,0,0,0,1.11,0,0,0,Matches
403,Rodri,,es ESP,MF,Manchester City,25-286,1996,24.4,81.4,88.1,92.4,1688.9,328.6,27.9,29.6,94.2,39.2,41.6,94.4,13.9,15.8,87.6,0.04,0.05,-0.01,0.86,8.03,1.19,0.04,6.02,Matches
404,Rodrigo,,es ESP,MFFW,Leeds United,31-029,1991,19.1,27.4,36.3,75.5,481.8,129.6,14,17.6,79.8,9.06,11.3,80.5,3.46,5.08,68,0.05,0.21,-0.16,1.83,3.19,1.62,0.42,3.61,Matches
405,Jay Rodriguez,,eng ENG,FW,Burnley,32-249,1989,10.7,13,19.3,67.1,174,44.6,8.79,11.5,76.4,2.9,5.42,53.4,0.56,1.12,50,0.19,0.17,0.02,0.84,1.31,0,0,1.03,Matches
406,Mads Roerslev,,dk DEN,DF,Brentford,22-284,1999,11.5,15,23.2,64.4,269.7,87.8,6.09,7.74,78.7,6.78,9.74,69.6,1.74,4.17,41.7,0.09,0.05,0.03,0.43,0.87,0.52,0.43,2.26,Matches
407,Cristian Romero,,ar ARG,DF,Tottenham,23-342,1998,15.5,55.5,63,88.1,1107.9,360.3,19.9,21.5,92.5,26.9,28.8,93.3,8.13,11.2,72.8,0,0.02,-0.02,0.32,2.9,0.32,0,2.65,Matches
408,Oriol Romeu,,es ESP,MF,Southampton,30-192,1991,26.4,46.4,55,84.4,896.1,205.7,19.8,22.6,87.6,19.3,22.3,86.7,6.55,8.6,76.2,0.04,0.09,-0.05,1.06,4.2,0.76,0.08,4.09,Matches
409,Cristiano Ronaldo,,pt POR,FW,Manchester Utd,37-058,1985,21.3,24.8,30.5,81.4,342,53.3,15.7,18.3,85.9,7.09,8.64,82.1,0.89,1.13,79.2,0.14,0.13,0.01,0.89,1.36,0.66,0,1.88,Matches
410,Salomon Rondon,,ve VEN,FW,Everton,32-200,1989,7.9,14.6,21.4,68,185.9,29.2,8.99,11.9,75.5,3.04,5.32,57.1,0.63,1.14,55.6,0,0.08,-0.08,0.76,0.89,0.13,0,0.38,Matches
411,Danny Rose,,eng ENG,DF,Watford,31-276,1990,7.7,28.7,43,66.8,602.1,345.6,10.5,11.8,89,12.6,17.1,73.5,5.06,11.4,44.3,0,0.1,-0.1,0.65,3.12,0.91,0.13,4.16,Matches
412,Jon Rowe,,eng ENG,FWMF,Norwich City,18-339,2003,1.5,19.3,28.7,67.4,223.3,54,13.3,16,83.3,4,6.67,60,0,1.33,0,0.67,0.13,0.53,1.33,0.67,0,0,0.67,Matches
413,Antonio Rudiger,,de GER,DF,Chelsea,29-032,1993,27,61.9,70.5,87.9,1332.4,411.7,18.5,19.7,94.2,32.7,35.1,93.2,10.3,14.7,70,0,0.04,-0.04,0.41,6.22,0.93,0.15,4.85,Matches
414,Lukas Rupp,,de GER,MF,Norwich City,31-086,1991,6.5,42.6,50.5,84.5,737.7,162.3,20.3,21.7,93.6,16.5,18.8,87.7,4.46,6.92,64.4,0,0.18,-0.18,1.23,2.31,0.62,0.15,3.38,Matches
415,Jose Sa,,pt POR,GK,Wolves,29-077,1993,31,19.7,29.3,67.4,582.8,327.6,3.74,3.74,100,8.13,8.26,98.4,7.65,17,44.9,0.03,0.03,0,0.13,0.39,0.06,0,0.03,Matches
416,Allan Saint-Maximin,,fr FRA,FWMF,Newcastle Utd,25-023,1997,23.7,17.6,24.7,71.3,290,69.2,9.11,11.4,80,6.37,8.44,75.5,1.56,2.87,54.4,0.13,0.19,-0.06,1.73,1.39,1.1,0.25,1.9,Matches
417,Romain Saiss,,ma MAR,DF,Wolves,32-009,1990,27.4,46.6,56.6,82.4,988.5,461.8,13.8,15.2,90.6,25.1,28.4,88.7,7.45,12.1,61.4,0,0.01,-0.01,0.18,5.04,0.04,0,3.94,Matches
418,Bukayo Saka,,eng ENG,FWMF,Arsenal,20-211,2001,23.7,27.4,36.8,74.5,413.5,99.1,15.9,18.9,84,8.73,11.2,78.1,1.77,3.8,46.7,0.21,0.24,-0.03,1.94,0.97,1.14,0.3,2.24,Matches
419,Mohamed Salah,,eg EGY,FW,Liverpool,29-293,1992,25.9,28.2,36.1,78,396.8,112.3,18.2,20.5,88.5,8.19,10.8,75.7,1.12,2.28,49.2,0.39,0.33,0.06,1.93,1.12,1.85,0.19,3.98,Matches
420,Mohammed Salisu,,gh GHA,DF,Southampton,22-352,1999,27,43.4,55.7,77.9,859,350.2,15.1,17.7,85.5,22.6,26.4,85.4,5.26,10.6,49.8,0,0.02,-0.02,0.26,4.96,0.19,0.04,3.67,Matches
421,Albert Sambi Lokonga,,be BEL,MF,Arsenal,22-164,1999,10.1,53.2,59.6,89.2,967.8,220.8,23.4,25.3,92.2,21.9,23.7,92.5,6.73,9.11,73.9,0,0.06,-0.06,1.29,4.85,1.39,0.1,4.36,Matches
422,Davinson Sanchez,,co COL,DF,Tottenham,25-296,1996,14.8,50,56.4,88.7,1019.6,295.9,16,17,94.4,26.4,28,94,7.03,10.1,69.8,0,0.01,-0.01,0.14,3.78,0.41,0.07,2.91,Matches
423,Robert Sanchez,,es ESP,GK,Brighton,24-137,1997,29,30.2,41.9,72,861.9,439.4,4.9,4.93,99.3,15.5,15.9,97.6,9.76,21,46.5,0,0.01,-0.01,0.1,0.83,0.07,0,0.03,Matches
424,Jadon Sancho,,eng ENG,FWMF,Manchester Utd,22-010,2000,17.6,38.2,46.4,82.5,546.3,123.5,23.1,26.4,87.5,12.4,14.9,83.2,1.53,2.39,64.3,0.17,0.22,-0.05,1.99,1.31,1.7,0.28,3.35,Matches
425,Morgan Sanson,,fr FRA,MF,Aston Villa,27-229,1994,4,30.3,39.3,77.1,521.5,122.5,15.3,16.3,93.8,13,16.3,80,1.75,4.5,38.9,0,0,0,0.25,3.75,0.25,0,2.5,Matches
426,Samir Santos,,br BRA,DF,Watford,27-120,1994,12,31.7,38.1,83.2,679.7,190.4,9,9.67,93.1,17.1,18.7,91.5,5.08,9,56.5,0,0.01,-0.01,0.08,1.42,0.08,0,1.25,Matches
427,Josh Sargent,,us USA,FWMF,Norwich City,22-043,2000,17.3,17,23,73.9,226.4,49.5,11.4,13.9,82.5,4.51,6.3,71.6,0.64,1.04,61.1,0.06,0.04,0.02,0.75,0.35,0.17,0,1.16,Matches
428,Jeremy Sarmiento,,ec ECU,FWDF,Brighton,19-292,2002,0.3,30,43.3,69.2,440,80,16.7,30,55.6,13.3,13.3,100,0,0,,0,0,0,0,6.67,3.33,0,3.33,Matches
429,Ismaila Sarr,,sn SEN,MFFW,Watford,24-038,1998,15.9,16.7,23,72.4,274,67.2,9.56,11.9,80,4.91,6.67,73.6,1.7,2.89,58.7,0.06,0.15,-0.09,1.07,1.01,1.13,0.19,2.26,Matches
430,Malang Sarr,,fr FRA,DF,Chelsea,23-071,1999,4.7,61.5,69.1,88.9,1113.4,317.4,23.8,25.5,93.3,30.4,31.9,95.3,6.17,9.79,63,0,0.06,-0.06,0.43,2.98,0.21,0,2.98,Matches
431,Dane Scarlett,,eng ENG,MF,Tottenham,18-011,2004,0,1,1,100,12,0,1,1,100,0,0,,0,0,,0,0,0,0,0,0,0,0,Matches
432,Fabian Schar,,ch SUI,DF,Newcastle Utd,30-105,1991,19.8,27.5,39,70.5,717.2,291.1,6.31,7.73,81.7,13.2,15.3,86.4,7.93,15.6,50.8,0.1,0.02,0.08,0.1,2.98,0.51,0.05,1.67,Matches
433,Jeffrey Schlupp,,gh GHA,MFFW,Crystal Palace,29-102,1992,14.4,22.3,30.4,73.3,400.4,112.7,9.38,11.8,79.4,10.2,13.2,77.4,2.36,3.75,63,0.07,0.08,-0.01,0.69,1.94,0.28,0.07,2.29,Matches
434,Kasper Schmeichel,,dk DEN,GK,Leicester City,35-150,1986,28,25,35.4,70.5,797.1,441.2,2.79,2.82,98.7,11.4,11.4,99.4,10.8,21.1,50.9,0,0,0,0.04,0.25,0.04,0,0.04,Matches
435,Ken Sema,,se SWE,MFFW,Watford,28-186,1993,6.1,13.3,22.8,58.3,209.5,61.3,7.05,8.85,79.6,4.26,6.89,61.9,0.98,4.1,24,0,0.1,-0.1,0.66,0.82,0.33,0.33,0.49,Matches
436,Nelson Semedo,,pt POR,DF,Wolves,28-139,1993,22.1,38,48.4,78.5,577.2,212.5,21.6,24,90.2,13.7,16.7,81.8,1.99,5.43,36.7,0.05,0.05,0,0.63,2.13,0.36,0.09,2.99,Matches
437,Ryan Sessegnon,,eng ENG,DFMF,Tottenham,21-321,2000,6,24.2,32.8,73.6,393.5,120.5,13.2,15.8,83.2,8.67,11.2,77.6,2,4,50,0.17,0.13,0.03,0.83,0.83,1.5,0.5,2.67,Matches
438,Jamie Shackleton,,eng ENG,DFMF,Leeds United,22-178,1999,7.6,44.7,51.8,86.3,732.2,214.3,22.2,24.2,91.8,18.6,21.1,88.1,3.29,4.08,80.6,0,0,0,0.26,2.63,0.39,0,2.37,Matches
439,Luke Shaw,,eng ENG,DF,Manchester Utd,26-266,1995,17.8,52.7,65.8,80,878.2,338.3,27.9,30.7,90.9,18.7,22.2,84.1,5.17,10.1,51.1,0.17,0.19,-0.02,2.19,3.48,0.96,0.34,4.38,Matches
440,Jonjo Shelvey,,eng ENG,MF,Newcastle Utd,30-036,1992,18,34.9,43.3,80.6,841.6,245,10.6,11.6,91.8,14,16.4,85.4,9.78,14.3,68.2,0.06,0.04,0.01,0.83,4.39,0.5,0,3.39,Matches
441,Francisco Sierralta,,cl CHI,DF,Watford,24-333,1997,4.7,30.4,36,84.6,740,199.8,4.26,4.68,90.9,17.9,18.9,94.4,7.66,11.5,66.7,0,0,0,0,0.64,0,0,0.64,Matches
442,Bernardo Silva,,pt POR,MFFW,Manchester City,27-237,1994,26.9,52.1,59,88.3,818.8,126.7,29.2,31.2,93.6,18.2,20.4,89.2,3.46,4.72,73.2,0.07,0.17,-0.1,1.71,2.94,1.26,0.26,2.6,Matches
443,Fabio Silva,,pt POR,FW,Wolves,19-259,2002,3.9,15.6,22.6,69.3,210.5,40.3,11.3,13.8,81.5,3.59,5.13,70,0.51,1.03,50,0,0.03,-0.03,0.51,0.26,1.28,0,2.31,Matches
444,Thiago Silva,,br BRA,DF,Chelsea,37-194,1984,22.3,75.7,81.7,92.6,1632.7,571.6,21.9,22.6,97,40.4,42,96.1,12.9,16,80.9,0,0.01,-0.01,0.22,6.37,0.58,0,4.3,Matches
445,Ellis Simms,,eng ENG,FW,Everton,21-089,2001,0.7,11.4,21.4,53.3,127.1,20,8.57,14.3,60,2.86,7.14,40,0,0,,0,0,0,0,0,0,0,0,Matches
446,Moussa Sissoko,,fr FRA,MF,Watford,32-231,1989,27.8,26.4,32.8,80.3,477.7,137,12.6,14.4,87.3,9.78,12.3,79.8,3.42,4.71,72.5,0.04,0.09,-0.05,1.12,2.34,0.61,0.29,3.17,Matches
447,Oliver Skipp,,eng ENG,MF,Tottenham,21-200,2000,15,49.1,54.8,89.5,880.3,202.4,20.9,22.4,93.2,22.9,24.7,92.5,4.87,6.33,76.8,0,0.06,-0.06,0.47,5.13,0.6,0.07,4.6,Matches
448,William Smallbone,,ie IRL,MFFW,Southampton,22-042,2000,1.3,10.8,20.8,51.9,149.2,50,6.92,10,69.2,3.08,6.92,44.4,0.77,2.31,33.3,0,0.08,-0.08,0.77,0,0,0,0.77,Matches
449,Emile Smith Rowe,,eng ENG,MFFW,Arsenal,21-250,2000,16.7,33.1,38.6,85.6,506.5,105.6,18.4,20.1,91.7,11.7,12.9,91.2,1.92,4.07,47.1,0.12,0.12,0,1.38,1.26,1.26,0,2.93,Matches
450,Cedric Soares,,pt POR,DF,Arsenal,30-216,1991,9.2,48.8,60.8,80.3,834.1,274.5,23.8,26.4,90.1,18.5,21.6,85.4,5.43,10.3,52.6,0,0.05,-0.05,0.76,3.59,1.63,1.09,2.93,Matches
451,Tomas Soucek,,cz CZE,MF,West Ham,27-036,1995,28.9,31.2,39.8,78.5,577.8,128.1,13.8,17.1,80.6,12.5,15.4,81.3,4.26,5.92,71.9,0.03,0.05,-0.01,0.48,2.84,0.48,0.1,3.11,Matches
452,Boubakary Soumare,,fr FRA,MF,Leicester City,23-036,1999,11.5,35.9,44,81.6,627,150.5,15.8,19.2,82.4,15.7,17.8,87.8,3.48,5.48,63.5,0.09,0.02,0.07,0.35,2.7,0.35,0,3.13,Matches
453,Caglar Soyuncu,,tr TUR,DF,Leicester City,25-316,1996,23.7,53.9,63.3,85.1,1086.2,340.4,17.2,18.5,92.7,29.4,31.5,93.3,6.79,12.2,55.9,0,0,0,0.08,2.36,0.13,0.08,1.73,Matches
454,Jason Steele,,eng ENG,GK,Brighton,31-229,1990,1,34,38,89.5,824,323,8,8,100,19,19,100,7,11,63.6,0,0,0,0,0,0,0,0,Matches
455,Jed Steer,,eng ENG,GK,Aston Villa,29-193,1992,1,27,36,75,759,560,2,2,100,16,16,100,9,18,50,0,0,0,0,0,0,0,0,Matches
456,Zack Steffen,,us USA,GK,Manchester City,27-002,1995,1,33,38,86.8,638,313,18,18,100,10,10,100,5,10,50,0,0,0,0,0,0,0,0,Matches
457,Dale Stephens,,eng ENG,MF,Burnley,32-296,1989,1.4,31.4,40.7,77.2,596.4,152.9,11.4,16.4,69.6,15,17.9,84,4.29,5,85.7,0,0,0,0.71,1.43,0.71,0,2.14,Matches
458,Jack Stephens,,eng ENG,DF,Southampton,28-067,1994,7,40.1,50.4,79.6,835.4,265.9,13.1,14.1,92.9,19.9,23.4,84.8,6.57,11.6,56.8,0,0.04,-0.04,0.57,2.29,0,0,2.86,Matches
459,Raheem Sterling,,eng ENG,FW,Manchester City,27-117,1994,18.4,33.8,40.5,83.2,482.6,98.2,21.2,23.5,90.1,10.7,12.5,85.2,1.2,2.07,57.9,0.16,0.2,-0.04,1.74,0.76,2.39,0.38,3.37,Matches
460,Finley Stevens,,wls WAL,DF,Brentford,18-359,2003,0.2,25,40,62.5,470,255,10,15,66.7,15,20,75,0,5,0,0,0,0,5,0,5,0,10,Matches
461,John Stones,,eng ENG,DF,Manchester City,27-311,1994,9.6,75,80.3,93.4,1513.9,361.4,26.3,27.9,94,37.7,38.8,97.3,10.6,12.8,82.9,0,0.01,-0.01,0.21,6.04,0.21,0,3.33,Matches
462,Pascal Struijk,,nl NED,DFMF,Leeds United,22-236,1999,19.8,48,54.6,87.8,1030,274.2,13.5,14.8,91.2,26.3,28,93.7,7.83,10.7,73.1,0,0.01,-0.01,0.25,2.73,0.1,0,3.18,Matches
463,Crysencio Summerville,,nl NED,MFFW,Leeds United,20-156,2001,1.4,34.3,45,76.2,480,122.9,18.6,22.1,83.9,12.1,17.1,70.8,1.43,2.86,50,0,0,0,0.71,2.14,2.86,0,4.29,Matches
464,Jakob Sorensen,,dk DEN,DFMF,Norwich City,24-032,1998,4.1,35.9,42.9,83.5,772.7,206.6,11.7,13.7,85.7,16.1,17.6,91.7,7.32,10.5,69.8,0,0,0,0,2.93,0,0,1.71,Matches
465,Japhet Tanganga,,eng ENG,DF,Tottenham,23-004,1999,8.2,39.9,48.3,82.6,718.2,213.4,18,20.4,88.6,17.6,20.7,84.7,3.66,6.22,58.8,0,0.05,-0.05,0.24,1.1,0.61,0.12,2.2,Matches
466,Matt Targett,,eng ENG,DF,Newcastle Utd,26-198,1995,8,37.4,51.5,72.6,673.3,320,16.8,19.3,87,15.6,19.8,79.1,4,10.1,39.5,0,0.1,-0.1,1.75,2.25,1.13,0.25,3.5,Matches
467,Matt Targett,,eng ENG,DF,Aston Villa,26-198,1995,15.9,37.7,50.6,74.4,734.7,350.9,15.3,18.1,84.7,17.1,20.6,83.2,4.65,9.5,49,0.06,0.14,-0.08,1.38,4.21,1.45,0.5,5.91,Matches
468,James Tarkowski,,eng ENG,DF,Burnley,29-136,1992,26,22,31.3,70.2,553.7,217.8,5.42,7.04,77,9.96,13.1,76.2,6.35,10.5,60.2,0.08,0.02,0.06,0.19,2.65,0.35,0,2.42,Matches
469,Nuno Tavares,,pt POR,DF,Arsenal,22-068,2000,7,47.7,57.7,82.7,860.4,236,22.1,24.7,89.6,20.1,22.9,88.1,4.86,7.71,63,0.14,0.11,0.03,0.71,1.71,0.86,0.43,1.86,Matches
470,Charlie Taylor,,eng ENG,DF,Burnley,28-198,1993,20.3,30.9,43.7,70.6,573.6,245.8,14.5,16.7,87.3,11.6,15,77.6,4.14,10.3,40.2,0.05,0.08,-0.03,0.59,1.92,0.79,0.54,2.81,Matches
471,Nathan Tella,,eng ENG,MFFW,Southampton,22-273,1999,6.6,12.9,21.1,61.2,184.8,50,8.33,10.2,82.1,3.64,6.36,57.1,0.61,2.58,23.5,0,0.11,-0.11,0.76,0.76,0.45,0.3,1.21,Matches
472,Alex Telles,,br BRA,DF,Manchester Utd,29-110,1992,11.6,46.2,62.4,74,751.6,304.1,24,27.3,87.7,18,22.2,81.3,3.36,10.3,32.8,0.17,0.09,0.09,1.47,2.93,0.95,0.43,3.19,Matches
473,Luke Thomas,,eng ENG,DF,Leicester City,20-298,2001,17.2,47.6,58.8,80.8,757.5,282.9,24,26,92.2,20.2,23.8,85.1,2.5,6.22,40.2,0.06,0.08,-0.02,0.52,3.2,0.58,0,3.31,Matches
474,Dominic Thompson,,eng ENG,DF,Brentford,21-252,2000,1.6,13.1,25.6,51.2,211.3,57.5,6.25,8.75,71.4,5,6.25,80,1.25,8.13,15.4,0,0,0,0,0,0,0,0.63,Matches
475,Youri Tielemans,,be BEL,MF,Leicester City,24-332,1997,21.1,46.9,57.6,81.3,868.3,242.1,20.2,22.9,88,20.6,23.5,87.5,5.36,9.34,57.4,0.09,0.16,-0.07,1.42,5.12,1.04,0.19,5.59,Matches
476,Kieran Tierney,,sct SCO,DF,Arsenal,24-303,1997,21.3,42.4,54.6,77.7,807.2,259,16.5,18.8,88,21.1,24.6,85.9,4.32,9.34,46.2,0.14,0.09,0.05,1.03,3.43,1.17,0.75,3.57,Matches
477,Takehiro Tomiyasu,,jp JPN,DF,Arsenal,23-150,1998,15.4,46.4,58.4,79.5,833.1,309,21.3,24.4,87.2,19.4,24.1,80.6,5.06,7.99,63.4,0.06,0.04,0.03,0.65,3.77,0.97,0.78,2.99,Matches
478,James Tomkins,,eng ENG,DF,Crystal Palace,33-006,1989,6.1,45.2,51.5,87.9,1097,286.9,7.54,8.36,90.2,27.4,29,94.4,10.2,13.4,75.6,0,0.07,-0.07,0.33,0.82,0,0,1.48,Matches
479,Ivan Toney,,eng ENG,FW,Brentford,26-019,1996,25.3,13.5,23.6,57.3,200.8,73.1,7.91,12,65.8,3.95,7.27,54.3,1.03,2.21,46.4,0.12,0.17,-0.06,1.07,1.86,0.87,0.08,2.37,Matches
480,Ferran Torres,,es ESP,FW,Manchester City,22-034,2000,3.4,16.2,21.2,76.4,245.3,22.1,8.53,10.6,80.6,5.29,6.18,85.7,1.47,1.76,83.3,0.29,0,0.29,0.29,0.59,0.29,0,0.59,Matches
481,Cenk Tosun,,tr TUR,FW,Everton,30-301,1991,0.1,20,20,100,370,0,10,10,100,10,10,100,0,0,,0,0,0,0,0,0,0,0,Matches
482,Andros Townsend,,eng ENG,MF,Everton,30-262,1991,16.2,21.1,30.1,70.2,367.2,128.1,10,11.7,85.3,8.52,10.8,78.9,2.28,5.93,38.5,0.12,0.15,-0.02,1.85,1.11,1.73,0.8,2.84,Matches
483,Adama Traore,,es ESP,FW,Wolves,26-069,1996,11.9,20.6,27.6,74.5,354.9,66.7,10.5,13.4,78.6,7.14,9.5,75.2,2.61,3.45,75.6,0,0.14,-0.14,1.6,1.43,1.26,0.59,1.93,Matches
484,Bertrand Traore,,bf BFA,FWMF,Aston Villa,26-210,1995,2,25,32.5,76.9,480.5,114.5,10.5,12,87.5,11,14,78.6,3.5,4,87.5,0,0,0,0,2,2,0,5,Matches
485,Trezeguet,,eg EGY,FW,Aston Villa,27-185,1994,0.1,60,60,100,970,370,50,50,100,0,0,,10,10,100,0,0,0,0,20,10,0,10,Matches
486,Francisco Trincao,,pt POR,FWMF,Wolves,22-096,1999,13.5,23.9,31,77.3,401.6,88.2,12.1,14.2,85.4,8.89,10.7,83.3,2.3,3.93,58.5,0.07,0.09,-0.01,1.11,1.85,0.81,0.3,2.07,Matches
487,Kieran Trippier,,eng ENG,DF,Newcastle Utd,31-197,1990,3.5,39.1,57.4,68.2,861.7,490.9,14.3,15.7,90.9,14.9,22.6,65.8,9.14,16.9,54.2,0,0.11,-0.11,1.71,4,1.43,0,4.57,Matches
488,William Troost-Ekong,,ng NGA,DF,Watford,28-215,1993,15.3,28.6,36.2,78.9,751,238.8,4.18,5.03,83.1,15.8,17.6,89.6,8.5,13.1,65,0,0.01,-0.01,0.07,1.9,0.07,0,2.03,Matches
489,Leandro Trossard,,be BEL,FWMF,Brighton,27-121,1994,25.4,30,38.1,78.6,539.2,113.2,14.9,17.4,85.9,10.1,12.8,79,3.98,5.31,74.8,0.04,0.09,-0.05,1.38,2.52,1.93,0.2,4.06,Matches
490,Kostas Tsimikas,,gr GRE,DF,Liverpool,25-327,1996,7.4,47.6,66.2,71.8,867.7,314.1,20.3,23,88.2,21.1,26.6,79.2,5.54,13,42.7,0.27,0.23,0.04,2.43,2.43,1.22,0.81,4.73,Matches
491,Axel Tuanzebe,,eng ENG,DF,Aston Villa,24-141,1997,5.6,35.2,40.5,86.8,765.5,199.3,8.93,9.82,90.9,18.6,20.5,90.4,6.96,9.46,73.6,0,0,0,0,0.54,0,0,1.07,Matches
492,Ozan Tufan,,tr TUR,MF,Watford,27-012,1995,3.7,23,33,69.7,422.7,114.9,10.8,13,83.3,9.46,11.9,79.5,2.43,5.68,42.9,0,0.05,-0.05,1.08,3.51,0.27,0,2.97,Matches
493,Christos Tzolis,,gr GRE,FWMF,Norwich City,20-064,2002,3.5,19.4,26.6,73.1,342.3,85.7,9.43,11.7,80.5,7.14,8.57,83.3,2.29,4.57,50,0,0.29,-0.29,2.29,0.86,0.57,0.29,1.71,Matches
494,Yan Valery,,fr FRA,DF,Southampton,23-041,1999,1.5,31.3,45.3,69.1,554.7,177.3,14,18,77.8,14.7,19.3,75.9,2,6.67,30,0,0.07,-0.07,0.67,5.33,0.67,0.67,2.67,Matches
495,Raphael Varane,,fr FRA,DF,Manchester Utd,28-344,1993,16.3,49.7,55.2,90.1,1142.5,290.6,11.2,11.8,94.8,27.8,29.8,93.2,10.4,12.9,80.6,0.06,0.01,0.06,0.18,3.8,0,0,2.27,Matches
496,Jamie Vardy,,eng ENG,FW,Leicester City,35-083,1987,15.6,9.55,13.2,72.3,152.6,32.4,4.68,6.22,75.3,3.91,5.13,76.3,0.51,0.9,57.1,0.13,0.09,0.04,1.15,0.64,0.96,0.13,1.35,Matches
497,Joel Veltman,,nl NED,DF,Brighton,30-079,1992,23.9,48.7,61.1,79.7,959.5,347.9,16.2,18.1,89.6,26.5,31.7,83.6,5.48,9.21,59.5,0.04,0.04,0,0.59,4.23,0.67,0.25,3.97,Matches
498,Jannik Vestergaard,,dk DEN,DF,Leicester City,29-244,1992,6.3,52.1,56.7,91.9,1163.8,330.5,13.8,14.4,95.6,28.6,29.8,95.7,9.05,11.1,81.4,0,0,0,0.16,1.9,0,0,2.38,Matches
499,Nikola Vlasic,,hr CRO,FWMF,West Ham,24-182,1997,5.1,26.3,33.7,77.9,375.1,61.2,15.9,17.3,92,8.24,10.8,76.4,0.98,2.94,33.3,0,0.08,-0.08,1.37,0.39,0.78,0,1.96,Matches
500,Matej Vydra,,cz CZE,FW,Burnley,29-338,1992,5,9.6,14.4,66.7,111.8,22.6,6,8.8,68.2,2,2.8,71.4,0.2,0.4,50,0.2,0.04,0.16,0.8,0.2,0,0,0.6,Matches
501,Theo Walcott,,eng ENG,MFFW,Southampton,33-019,1989,4.2,14.5,20.5,70.9,200.5,33.8,8.57,10.2,83.7,5.24,7.62,68.8,0.48,0.95,50,0,0,0,0.24,0.48,0.24,0,0.71,Matches
502,Kyle Walker,,eng ENG,DF,Manchester City,31-311,1990,18.5,76.5,85.6,89.4,1487.4,393.1,29.9,31.6,94.7,36.2,39.4,91.8,10,13.1,76.4,0.11,0.06,0.04,0.7,9.08,1.03,0.27,4.54,Matches
503,Kyle Walker-Peters,,eng ENG,DF,Southampton,24-356,1997,21.3,39.3,49.6,79.3,640.3,231.4,20.7,23.4,88.2,15.5,19,81.7,2.68,4.93,54.3,0.09,0.11,-0.02,0.99,2.77,1.46,0.09,4.98,Matches
504,Aaron Wan-Bissaka,,eng ENG,DF,Manchester Utd,24-129,1997,17.9,47.9,57,83.9,711.9,235.1,28.3,30.8,92,15.6,18,86.6,2.46,4.64,53,0,0.05,-0.05,0.78,2.07,0.67,0.39,2.68,Matches
505,Joel Ward,,eng ENG,DF,Crystal Palace,32-157,1989,23,49.9,62.6,79.8,923.1,330.6,21.3,23.8,89.4,22.9,26.4,86.5,5.3,10.6,50,0,0.02,-0.02,0.26,3.3,0.61,0.17,2.74,Matches
506,James Ward-Prowse,,eng ENG,MF,Southampton,27-154,1994,27.7,48.6,61.5,78.9,905.6,281.5,20.9,22.5,93.1,20.3,23.1,87.8,6.5,14.3,45.6,0.14,0.19,-0.05,2.09,4.66,0.69,0.32,3.61,Matches
507,Ollie Watkins,,eng ENG,FW,Aston Villa,26-095,1995,25.1,16.1,22.1,72.7,223.6,44.2,9.84,12.5,78.9,4.46,6.18,72.3,0.8,1.31,60.6,0.04,0.1,-0.06,0.96,0.96,0.84,0.04,1.67,Matches
508,Adam Webster,,eng ENG,DF,Brighton,27-090,1995,13,63.4,75.5,83.9,1361.1,471.3,17.1,19.3,88.4,36,39,92.3,9.62,15.6,61.6,0,0.01,-0.01,0.08,6.54,0.08,0,4.54,Matches
509,Wout Weghorst,,nl NED,FW,Burnley,29-240,1992,9.2,17,26.1,65,196.5,50.5,12.3,16.8,72.9,2.93,5.11,57.4,0.54,1.09,50,0.22,0.05,0.16,0.43,0.98,0.54,0,1.41,Matches
510,Danny Welbeck,,eng ENG,FWMF,Brighton,31-129,1990,9.1,12.5,15.7,79.7,150,20.3,9.01,10.5,85.4,2.75,3.3,83.3,0.33,0.44,75,0,0.03,-0.03,0.77,0.55,0.55,0,0.77,Matches
511,Timo Werner,,de GER,FWMF,Chelsea,26-029,1996,8.9,19.7,26.5,74.2,271.8,45.2,12.5,14.5,86,5.96,7.75,76.8,0.67,1.57,42.9,0.11,0.02,0.09,0.45,0.56,0.79,0,1.46,Matches
512,Ashley Westwood,,eng ENG,MF,Burnley,32-003,1990,23.1,33.4,47.2,70.7,689.7,235.9,12.9,14.7,87.9,13.5,17.3,77.9,6.49,13.7,47.5,0.13,0.15,-0.02,1.26,3.94,1.26,0.09,4.16,Matches
513,Ben White,,eng ENG,DF,Arsenal,24-178,1997,26,46.8,54.4,86.1,961,298.2,15.2,16.5,92.1,25.2,27,93.2,6.15,10,61.5,0,0.02,-0.02,0.31,3.73,0.19,0,2.65,Matches
514,Brandon Williams,,eng ENG,DF,Norwich City,21-213,2000,21.5,37.7,46.8,80.4,687.8,253.5,16,17.7,90,18,21.9,82,3.53,6.19,57.1,0.05,0.06,-0.01,0.84,1.86,0.84,0.19,3.53,Matches
515,Neco Williams,,wls WAL,DF,Liverpool,20-356,2001,0.1,80,80,100,1530,320,10,10,100,50,50,100,10,10,100,10,6,4,10,0,0,0,0,Matches
516,Joe Willock,,eng ENG,MF,Newcastle Utd,22-227,1999,20.5,19.3,24,80.3,321,78.6,9.9,12,82.9,6.93,8.05,86.1,1.76,2.73,64.3,0,0.05,-0.05,0.73,1.51,0.39,0.15,1.66,Matches
517,Callum Wilson,,eng ENG,FW,Newcastle Utd,30-036,1992,13.2,7.95,11.7,68.2,117.6,21.9,3.86,5.53,69.9,2.8,3.79,74,0.45,0.83,54.5,0,0.03,-0.03,0.61,0.53,0.23,0.08,0.45,Matches
518,Harry Winks,,eng ENG,MF,Tottenham,26-061,1996,9.6,57.1,66,86.4,1114.9,325.2,21.9,23.5,92.9,25.3,28.3,89.3,8.33,11.8,70.8,0.1,0.16,-0.05,1.15,6.04,1.46,0,6.88,Matches
519,Yoane Wissa,,cd COD,FWMF,Brentford,25-213,1996,9.7,13.2,19.2,68.8,204.2,46.1,7.22,9.28,77.8,4.23,6.29,67.2,1.34,1.86,72.2,0,0.04,-0.04,0.52,0.82,0.62,0.1,1.65,Matches
520,Chris Wood,,nz NZL,FW,Newcastle Utd,30-118,1991,10.8,12.4,23.1,53.8,152.6,35.6,8.24,14.3,57.8,2.87,5.56,51.7,0.46,0.93,50,0,0.07,-0.07,0.83,1.3,0.09,0,0.74,Matches
521,Chris Wood,,nz NZL,FW,Burnley,30-118,1991,15.2,12,20.3,59.1,175.7,37.2,7.89,12.4,63.8,3.09,5.33,58,0.79,1.05,75,0,0.01,-0.01,0.46,1.12,0.33,0,1.25,Matches
522,Freddie Woodman,,eng ENG,GK,Newcastle Utd,25-031,1997,4,18.5,30.8,60.2,620.3,368.8,2,2,100,8.5,8.5,100,7.75,20,38.8,0,0,0,0,1.5,0,0,0,Matches
523,Granit Xhaka,,ch SUI,MF,Arsenal,29-189,1992,16.2,46.2,53.6,86.1,850.2,235.1,19.1,21.4,89.3,20.2,22.4,90.1,5.68,7.41,76.7,0.06,0.1,-0.04,1.36,6.23,1.11,0.06,5.56,Matches
524,Andriy Yarmolenko,,ua UKR,FWMF,West Ham,32-163,1989,2,26,36,72.2,460,106,13.5,18.5,73,8.5,11.5,73.9,3.5,4.5,77.8,0,0,0,1,0,2,0.5,3,Matches
525,Ashley Young,,eng ENG,DFFW,Aston Villa,36-269,1985,12.5,33.8,44,76.9,602.9,208.3,16.9,19.5,86.5,12.9,16.1,80.1,3.84,6.88,55.8,0.16,0.05,0.11,0.88,2.4,0.8,0.24,2.48,Matches
526,Wilfried Zaha,,ci CIV,FW,Crystal Palace,29-145,1992,22.5,24.5,32,76.7,392.8,111.5,12.9,15.6,82.4,8.93,11.1,80.7,2.04,3.2,63.9,0.04,0.18,-0.13,1.42,1.07,2.22,0.44,3.87,Matches
527,Christoph Zimmermann,,de GER,DF,Norwich City,29-082,1993,0.5,14,22,63.6,244,174,4,8,50,10,12,83.3,0,2,0,0,0,0,0,0,0,0,2,Matches
528,Oleksandr Zinchenko,,ua UKR,DF,Manchester City,25-110,1996,6.6,80.8,90.3,89.4,1431.2,375.5,39.1,41.7,93.8,32.1,34.5,93,9.09,11.7,77.9,0.15,0.14,0.02,1.06,8.33,2.12,0.45,6.97,Matches
529,Hakim Ziyech,,ma MAR,FWMF,Chelsea,29-016,1993,11.7,34.7,47.9,72.5,577,191.5,18.8,21.3,88.4,11.5,15,76.1,3.25,8.72,37.3,0.17,0.25,-0.08,1.97,2.82,1.79,0.68,4.53,Matches
530,Kurt Zouma,,fr FRA,DF,West Ham,27-159,1994,18.8,35.4,40.4,87.7,747.4,208.9,9.84,10.6,93,20.2,21.9,92.2,5.27,7.71,68.3,0,0,0,0,1.12,0.05,0,1.6,Matches
531,Martin Odegaard,,no NOR,MF,Arsenal,23-108,1998,21,44.2,52.6,84.1,772.9,175.4,21.6,24.1,89.3,15.9,18,88.4,5.33,7.76,68.7,0.14,0.23,-0.09,2.48,3.19,2.19,0.1,5.43,Matches
