Rk,Name,,Nation,Pos,Squad,Age,Born,90s,Cmp Total,Att Total,Cmp% Total,TotDist,PrgDist,Cmp Short,Att Short,Cmp% Short,Cmp Medium,Att Medium,Cmp% Medium,Cmp Long,Att Long,Cmp% Long,Ast,xA,A-xA,KP,3-Jan,PPA,CrsPA,Prog,Matches
1,Max Aarons,,eng ENG,DF,Norwich City,22-078,2000,26.6,903,1204,75,15216,5823,463,513,90.3,349,457,76.4,81,185,43.8,1,1,0,14,42,31,7,82,Matches
2,Che Adams,,sct SCO,FW,Southampton,25-253,1996,18.3,247,364,67.9,3649,791,146,188,77.7,73,99,73.7,15,33,45.5,3,2.2,0.8,18,12,10,1,26,Matches
3,Rayan Ait Nouri,,fr FRA,DF,Wolves,20-290,2001,15.3,562,758,74.1,9665,3341,290,318,91.2,213,272,78.3,56,133,42.1,2,1.2,0.8,15,19,12,7,30,Matches
4,Kristoffer Ajer,,no NOR,DF,Brentford,23-340,1998,15.6,423,601,70.4,7636,3539,170,206,82.5,203,265,76.6,41,93,44.1,2,1,1,4,32,7,1,51,Matches
5,Nathan Ake,,nl NED,DF,Manchester City,27-033,1995,7.5,545,590,92.4,9989,2935,231,242,95.5,260,280,92.9,50,61,82,0,0.5,-0.5,2,46,3,0,22,Matches
6,Marc Albrighton,,eng ENG,FWDF,Leicester City,32-125,1989,11.1,271,439,61.7,4303,1864,167,196,85.2,80,124,64.5,18,87,20.7,1,1.3,-0.3,9,16,8,3,20,Matches
7,Thiago Alcantara,,es ESP,MF,Liverpool,30-346,1991,11.2,824,929,88.7,17191,4876,292,321,91,379,410,92.4,144,178,80.9,2,1.6,0.4,17,119,12,0,115,Matches
8,Trent Alexander-Arnold,,eng ENG,DF,Liverpool,23-167,1998,25.7,1610,2163,74.4,35385,14584,601,680,88.4,629,787,79.9,360,625,57.6,11,9.6,1.4,76,176,73,18,238,Matches
9,Alisson,,br BRA,GK,Liverpool,29-172,1992,27,872,1008,86.5,23180,12892,135,137,98.5,501,507,98.8,234,362,64.6,1,0.4,0.6,2,12,0,0,0,Matches
10,Allan,,br BRA,MF,Everton,31-074,1991,21.5,700,887,78.9,13605,4057,258,301,85.7,328,389,84.3,96,150,64,2,0.9,1.1,15,92,19,2,103,Matches
11,Dele Alli,,eng ENG,MF,Everton,25-346,1996,1.9,69,93,74.2,1063,280,33,42,78.6,23,29,79.3,6,11,54.5,0,0.3,-0.3,5,7,2,0,9,Matches
12,Dele Alli,,eng ENG,MFFW,Tottenham,25-346,1996,7.3,167,214,78,2687,651,94,108,87,56,69,81.2,14,27,51.9,0,0.8,-0.8,2,13,5,0,19,Matches
13,Miguel Almiron,,py PAR,MFFW,Newcastle Utd,28-041,1994,12.6,259,332,78,4039,979,145,165,87.9,86,110,78.2,21,34,61.8,0,0.5,-0.5,12,14,6,2,22,Matches
14,Marcos Alonso,,es ESP,DF,Chelsea,31-085,1990,16.1,682,898,75.9,12047,4437,327,372,87.9,273,334,81.7,66,146,45.2,3,2.8,0.2,26,44,18,9,67,Matches
15,Steven Alzate,,co COL,MF,Brighton,23-196,1998,4.5,207,234,88.5,3619,900,92,102,90.2,85,90,94.4,24,32,75,0,0.2,-0.2,3,17,3,1,17,Matches
16,Daniel Amartey,,gh GHA,DF,Leicester City,27-092,1994,16.7,857,946,90.6,17363,5183,263,278,94.6,473,501,94.4,114,145,78.6,0,0.1,-0.1,2,27,0,0,37,Matches
17,Joachim Andersen,,dk DEN,DF,Crystal Palace,25-296,1996,23.4,1290,1549,83.3,33175,9937,236,266,88.7,682,729,93.6,368,543,67.8,1,1.1,-0.1,11,100,6,2,61,Matches
18,Michail Antonio,,jm JAM,FW,West Ham,31-360,1990,27.6,397,612,64.9,6472,1291,218,289,75.4,118,173,68.2,42,79,53.2,7,6.1,0.9,41,22,26,11,34,Matches
19,Cameron Archer,,eng ENG,MFFW,Aston Villa,20-245,2001,0.3,5,5,100,91,28,1,1,100,4,4,100,0,0,,0,0,0,0,0,1,0,3,Matches
20,Alphonse Areola,,fr FRA,GK,West Ham,29-024,1993,1,20,41,48.8,768,546,0,0,,9,9,100,11,32,34.4,0,0,0,0,0,0,0,0,Matches
21,Adam Armstrong,,eng ENG,FWMF,Southampton,25-041,1997,13.5,188,270,69.6,3189,507,88,115,76.5,81,108,75,14,28,50,2,1.7,0.3,12,12,11,0,20,Matches
22,Stuart Armstrong,,sct SCO,MF,Southampton,29-358,1992,10.7,403,500,80.6,6457,1541,211,254,83.1,150,174,86.2,29,43,67.4,0,1,-1,18,20,16,2,47,Matches
23,Kepa Arrizabalaga,,es ESP,GK,Chelsea,27-171,1994,4,115,139,82.7,2763,1294,28,28,100,59,59,100,27,51,52.9,0,0,0,0,1,0,0,0,Matches
24,Harrison Ashby,,sct SCO,DF,West Ham,20-129,2001,0.1,7,8,87.5,142,18,2,2,100,4,5,80,1,1,100,0,0,0,0,0,0,0,0,Matches
25,Pierre-Emerick Aubameyang,,ga GAB,FW,Arsenal,32-278,1989,11.5,145,205,70.7,2016,383,94,117,80.3,40,62,64.5,8,14,57.1,1,0.8,0.2,9,4,10,1,13,Matches
26,Jordan Ayew,,gh GHA,FW,Crystal Palace,30-193,1991,17.3,456,601,75.9,6998,1357,258,291,88.7,158,198,79.8,29,66,43.9,3,2.2,0.8,19,21,14,5,34,Matches
27,Luke Ayling,,eng ENG,DF,Leeds United,30-210,1991,21,1043,1303,80,22412,9271,364,412,88.3,479,541,88.5,194,320,60.6,2,0.6,1.4,5,90,10,3,105,Matches
28,Cesar Azpilicueta,,es ESP,DF,Chelsea,32-207,1989,15.9,935,1140,82,15692,6171,450,499,90.2,425,491,86.6,54,115,47,2,1.9,0.1,15,61,16,1,84,Matches
29,Daniel Bachmann,,at AUT,GK,Watford,27-257,1994,11,194,328,59.1,7387,5045,20,20,100,76,79,96.2,98,229,42.8,0,0,0,0,9,0,0,0,Matches
30,Leon Bailey,,jm JAM,FWMF,Aston Villa,24-226,1997,5.8,114,170,67.1,2068,485,52,62,83.9,41,60,68.3,17,40,42.5,2,0.6,1.4,7,4,9,3,15,Matches
31,Eric Bailly,,ci CIV,DF,Manchester Utd,27-345,1994,2.4,64,80,80,1365,459,24,26,92.3,26,30,86.7,14,22,63.6,0,0,0,0,2,0,0,3,Matches
32,Folarin Balogun,,eng ENG,FW,Arsenal,20-263,2001,0.8,4,8,50,60,6,2,4,50,2,3,66.7,0,1,0,0,0,0,0,0,0,0,0,Matches
33,Patrick Bamford,,eng ENG,FW,Leeds United,28-199,1993,6.2,85,103,82.5,1349,211,48,53,90.6,26,31,83.9,9,13,69.2,2,1,1,6,6,5,2,7,Matches
34,Shandon Baptiste,,gd GRN,MF,Brentford,23-349,1998,9.8,233,281,82.9,4077,801,113,129,87.6,88,103,85.4,26,36,72.2,1,0.5,0.5,9,21,6,1,20,Matches
35,Ross Barkley,,eng ENG,MF,Chelsea,28-108,1993,1.7,90,110,81.8,1500,342,50,55,90.9,26,32,81.3,11,14,78.6,0,0.5,-0.5,7,6,6,0,10,Matches
36,Ashley Barnes,,eng ENG,FW,Burnley,32-144,1989,4.7,68,102,66.7,985,272,45,59,76.3,17,25,68,5,10,50,0,0.8,-0.8,7,9,3,0,9,Matches
37,Harvey Barnes,,eng ENG,FWMF,Leicester City,24-104,1997,17.4,388,530,73.2,5518,1655,242,286,84.6,112,162,69.1,20,44,45.5,6,2.6,3.4,21,21,18,2,56,Matches
38,Lewis Bate,,eng ENG,MF,Leeds United,19-145,2002,0.5,15,19,78.9,181,31,12,15,80,3,3,100,0,1,0,0,0,0,0,0,0,0,1,Matches
39,Mads Bech Sorensen,,dk DEN,DF,Brentford,23-075,1999,4.2,180,240,75,3602,1485,59,69,85.5,94,111,84.7,24,52,46.2,0,0.1,-0.1,3,13,2,2,5,Matches
40,Jan Bednarek,,pl POL,DF,Southampton,25-345,1996,22.2,974,1165,83.6,19950,5913,323,354,91.2,511,565,90.4,130,228,57,0,0.6,-0.6,5,62,1,1,40,Matches
41,Donny van de Beek,,nl NED,MF,Manchester Utd,24-339,1997,0.8,25,32,78.1,385,184,14,18,77.8,8,10,80,2,2,100,0,0.5,-0.5,3,2,2,0,3,Matches
42,Donny van de Beek,,nl NED,MF,Everton,24-339,1997,4.8,194,230,84.3,3020,892,99,111,89.2,77,85,90.6,10,22,45.5,0,0.1,-0.1,2,15,3,0,14,Matches
43,Asmir Begovi?,,ba BIH,GK,Everton,34-276,1987,2,21,55,38.2,994,775,1,1,100,5,5,100,15,49,30.6,0,0,0,0,1,0,0,0,Matches
44,Said Benrahma,,dz ALG,FWMF,West Ham,26-225,1995,19.9,505,672,75.1,8080,1885,294,345,85.2,155,200,77.5,43,82,52.4,6,2.7,3.3,26,30,27,10,53,Matches
45,Rodrigo Bentancur,,uy URU,MF,Tottenham,24-291,1997,6.8,445,495,89.9,8324,1694,184,194,94.8,191,209,91.4,61,70,87.1,1,0.8,0.2,6,38,3,0,39,Matches
46,Christian Benteke,,be BEL,FW,Crystal Palace,31-110,1990,12.4,198,282,70.2,3024,547,113,148,76.4,58,91,63.7,18,26,69.2,1,1.1,-0.1,10,10,9,0,16,Matches
47,Johann Berg Gudmundsson,,is ISL,MF,Burnley,31-147,1990,12.2,218,345,63.2,3487,903,134,165,81.2,58,89,65.2,22,63,34.9,1,0.3,0.7,6,6,12,11,13,Matches
48,Steven Bergwijn,,nl NED,FWMF,Tottenham,24-166,1997,5.5,128,155,82.6,1752,393,84,92,91.3,31,39,79.5,6,10,60,1,0.6,0.4,7,7,8,0,13,Matches
49,Ryan Bertrand,,eng ENG,DF,Leicester City,32-230,1989,3.7,154,191,80.6,2609,1077,75,81,92.6,65,78,83.3,9,18,50,0,0.3,-0.3,2,11,1,0,7,Matches
50,Mads Bidstrup,,dk DEN,MF,Brentford,21-026,2001,0.5,8,11,72.7,142,17,5,6,83.3,2,4,50,1,1,100,0,0,0,0,0,0,0,0,Matches
51,Yves Bissouma,,ml MLI,MF,Brighton,25-205,1996,18.1,844,942,89.6,15809,2766,359,395,90.9,367,395,92.9,108,132,81.8,1,0.6,0.4,6,53,10,0,40,Matches
52,Willy Boly,,ci CIV,DF,Wolves,31-048,1991,2,114,141,80.9,2265,829,41,46,89.1,54,62,87.1,17,30,56.7,0,0,0,0,7,0,0,6,Matches
53,Jarrod Bowen,,eng ENG,FW,West Ham,25-093,1996,26.2,477,704,67.8,9023,2455,230,285,80.7,145,199,72.9,88,167,52.7,8,5.1,2.9,36,24,21,4,40,Matches
54,Jarrad Branthwaite,,eng ENG,DF,Everton,19-269,2002,2.1,53,72,73.6,862,396,29,33,87.9,20,25,80,3,11,27.3,0,0,0,0,3,1,0,6,Matches
55,Armando Broja,,al ALB,FW,Southampton,20-194,2001,16.8,193,314,61.5,2322,512,123,179,68.7,47,89,52.8,3,10,30,0,1,-1,6,13,2,0,15,Matches
56,Josh Brownhill,,eng ENG,MF,Burnley,26-094,1995,22.4,597,796,75,10168,2672,317,378,83.9,197,255,77.3,68,125,54.4,1,1.5,-0.5,25,58,12,0,65,Matches
57,Bryan,,es ESP,FWMF,Tottenham,21-040,2001,1,49,63,77.8,764,240,29,35,82.9,15,19,78.9,4,5,80,0,0.1,-0.1,2,1,3,2,2,Matches
58,Emi Buendia,,ar ARG,FWMF,Aston Villa,25-088,1996,17.1,531,683,77.7,8496,2354,277,329,84.2,189,229,82.5,44,80,55,4,3.5,0.5,34,47,31,3,86,Matches
59,Dan Burn,,eng ENG,DF,Brighton,29-318,1992,11.4,507,623,81.4,11085,2931,124,151,82.1,276,312,88.5,100,145,69,0,0,0,1,43,2,0,36,Matches
60,Dan Burn,,eng ENG,DF,Newcastle Utd,29-318,1992,7,210,254,82.7,4427,1271,67,77,87,103,120,85.8,36,50,72,1,0.2,0.8,2,15,1,0,17,Matches
61,Jack Butland,,eng ENG,GK,Crystal Palace,29-013,1993,5.5,134,188,71.3,3181,1546,40,40,100,66,68,97.1,28,80,35,0,0,0,0,1,0,0,0,Matches
62,Sam Byram,,eng ENG,DFMF,Norwich City,28-188,1993,3,113,157,72,1810,659,61,76,80.3,42,57,73.7,9,20,45,0,0.1,-0.1,2,4,2,0,13,Matches
63,Willy Caballero,,ar ARG,GK,Southampton,40-176,1981,2,39,59,66.1,1548,1209,4,4,100,14,14,100,21,41,51.2,0,0,0,0,0,0,0,0,Matches
64,Dominic Calvert-Lewin,,eng ENG,FW,Everton,25-007,1997,8.5,108,170,63.5,1354,244,69,98,70.4,25,44,56.8,5,8,62.5,1,0.7,0.3,8,5,3,0,6,Matches
65,Joao Cancelo,,pt POR,DF,Manchester City,27-300,1994,26.9,2111,2504,84.3,38061,11461,1003,1085,92.4,852,979,87,241,379,63.6,5,3.3,1.7,27,225,75,10,216,Matches
66,Sergi Canos,,es ESP,DF,Brentford,25-049,1997,22.8,442,733,60.3,7849,3367,222,282,78.7,154,232,66.4,56,162,34.6,2,1.9,0.1,17,43,26,10,76,Matches
67,Todd Cantwell,,eng ENG,FWMF,Norwich City,24-024,1998,4.9,127,154,82.5,2078,457,61,70,87.1,50,60,83.3,11,16,68.8,0,0.2,-0.2,2,9,2,0,10,Matches
68,Matty Cash,,pl POL,DF,Aston Villa,24-228,1997,28.5,825,1195,69,15723,6401,347,403,86.1,346,436,79.4,114,309,36.9,3,1.8,1.2,21,51,24,11,70,Matches
69,Timothy Castagne,,be BEL,DF,Leicester City,26-108,1995,14.8,589,739,79.7,9807,3720,306,356,86,225,278,80.9,49,81,60.5,0,0.4,-0.4,6,30,7,1,42,Matches
70,Jonny Castro,,es ESP,DF,Wolves,28-020,1994,4,196,232,84.5,3240,991,104,117,88.9,72,83,86.7,19,25,76,0,0.3,-0.3,6,9,6,2,15,Matches
71,Craig Cathcart,,nir NIR,DF,Watford,33-045,1989,24.3,695,853,81.5,16345,4566,172,194,88.7,364,415,87.7,157,233,67.4,1,0.3,0.7,2,42,5,1,40,Matches
72,Edinson Cavani,,uy URU,FW,Manchester Utd,35-037,1987,6.8,142,181,78.5,2063,235,95,108,88,33,48,68.8,8,16,50,1,1.1,-0.1,4,3,1,0,5,Matches
73,Kayky Chagas,,br BRA,FW,Manchester City,18-285,2003,0.1,2,2,100,32,0,1,1,100,1,1,100,0,0,,0,0,0,0,0,0,0,0,Matches
74,Trevoh Chalobah,,eng ENG,DF,Chelsea,22-261,1999,13.1,823,908,90.6,15205,4292,320,343,93.3,422,447,94.4,78,109,71.6,1,0.1,0.9,1,80,5,0,42,Matches
75,Calum Chambers,,eng ENG,DF,Arsenal,27-062,1995,1.9,81,98,82.7,1499,490,35,38,92.1,36,42,85.7,10,17,58.8,0,0.1,-0.1,1,5,1,1,9,Matches
76,Calum Chambers,,eng ENG,DF,Aston Villa,27-062,1995,5,221,271,81.5,4847,1518,63,72,87.5,120,133,90.2,38,65,58.5,0,0,0,0,20,2,0,11,Matches
77,Daniel Chesters,,eng ENG,MF,West Ham,19-353,2002,0,0,0,,0,0,0,0,,0,0,,0,0,,0,0,0,0,0,0,0,0,Matches
78,Ben Chilwell,,eng ENG,DF,Chelsea,25-092,1996,6,264,343,77,4198,1147,133,146,91.1,109,131,83.2,16,47,34,1,0.9,0.1,10,7,6,1,13,Matches
79,Chiquinho,,pt POR,MFDF,Wolves,22-046,2000,0.6,15,25,60,237,114,10,13,76.9,3,6,50,2,4,50,1,0.1,0.9,2,1,2,2,3,Matches
80,Hamza Choudhury,,eng ENG,DFMF,Leicester City,24-173,1997,3.2,129,158,81.6,2277,536,62,70,88.6,47,57,82.5,17,24,70.8,0,0,0,0,2,0,0,5,Matches
81,Andreas Christensen,,dk DEN,DF,Chelsea,25-347,1996,14.1,947,1040,91.1,19268,5534,311,333,93.4,469,504,93.1,156,184,84.8,0,0.3,-0.3,4,88,7,1,62,Matches
82,Carney Chukwuemeka,,eng ENG,MFFW,Aston Villa,18-075,2004,2.2,59,75,78.7,914,122,29,36,80.6,26,29,89.7,3,3,100,1,1,0,2,1,0,0,2,Matches
83,Ciaran Clark,,ie IRL,DF,Newcastle Utd,32-178,1989,11.3,276,348,79.3,5333,1582,90,103,87.4,149,169,88.2,32,66,48.5,1,0.3,0.7,4,12,1,1,15,Matches
84,Tom Cleverley,,eng ENG,MF,Watford,32-223,1989,15.2,410,555,73.9,6994,2165,204,235,86.8,142,176,80.7,48,117,41,2,1.5,0.5,18,39,10,4,40,Matches
85,Nathaniel Clyne,,eng ENG,DF,Crystal Palace,30-352,1991,6,206,268,76.9,3549,1268,91,102,89.2,96,120,80,16,38,42.1,0,0,0,1,9,3,1,7,Matches
86,Conor Coady,,eng ENG,DF,Wolves,29-026,1993,29.8,1136,1266,89.7,28654,8050,168,178,94.4,643,675,95.3,318,397,80.1,0,0,0,1,37,2,0,31,Matches
87,Seamus Coleman,,ie IRL,DF,Everton,33-163,1988,21.6,738,1000,73.8,12967,6207,352,400,88,298,408,73,80,167,47.9,0,1,-1,10,73,21,9,71,Matches
88,Nathan Collins,,ie IRL,DF,Burnley,20-327,2001,8.6,186,264,70.5,4049,1576,55,64,85.9,88,111,79.3,39,81,48.1,0,0.4,-0.4,3,17,1,0,17,Matches
89,Aaron Connolly,,ie IRL,FW,Brighton,22-054,2000,1.7,15,18,83.3,212,10,9,11,81.8,6,7,85.7,0,0,,0,0.4,-0.4,1,0,0,0,0,Matches
90,Liam Cooper,,sct SCO,DF,Leeds United,30-205,1991,14.2,743,848,87.6,16406,4883,189,205,92.2,425,446,95.3,125,187,66.8,1,0,1,2,32,0,0,34,Matches
91,Jack Cork,,eng ENG,MF,Burnley,32-271,1989,9.8,205,273,75.1,3433,845,111,140,79.3,60,77,77.9,27,41,65.9,0,0,0,2,15,1,0,13,Matches
92,Maxwel Cornet,,ci CIV,FWMF,Burnley,25-177,1996,12.2,162,249,65.1,2307,496,94,131,71.8,46,64,71.9,10,29,34.5,0,0.7,-0.7,7,6,7,2,15,Matches
93,Helder Costa,,ao ANG,MF,Leeds United,28-070,1994,0.2,4,4,100,65,0,3,3,100,1,1,100,0,0,,0,0,0,0,0,0,0,0,Matches
94,Vladimir Coufal,,cz CZE,DF,West Ham,29-213,1992,18.7,733,1087,67.4,12672,6277,331,400,82.8,325,446,72.9,63,188,33.5,3,2.1,0.9,15,48,24,12,82,Matches
95,Philippe Coutinho,,br BRA,MFFW,Aston Villa,29-284,1992,8.6,281,343,81.9,4866,1288,149,168,88.7,93,109,85.3,33,49,67.3,3,2.4,0.6,16,37,6,1,31,Matches
96,Aaron Cresswell,,eng ENG,DF,West Ham,32-098,1989,22.3,1214,1528,79.5,21888,9521,545,591,92.2,523,602,86.9,131,284,46.1,3,2.7,0.3,32,94,19,7,127,Matches
97,Charlie Cresswell,,eng ENG,DF,Leeds United,19-106,2002,1.6,72,96,75,1599,476,17,19,89.5,42,46,91.3,13,30,43.3,0,0,0,0,3,0,0,5,Matches
98,Cucho,,co COL,FWMF,Watford,22-337,1999,11.3,228,353,64.6,4026,1446,114,148,77,72,105,68.6,34,68,50,2,1.9,0.1,19,19,13,6,28,Matches
99,Marc Cucurella,,es ESP,DF,Brighton,23-244,1998,25.3,1442,1767,81.6,24033,8452,738,812,90.9,560,651,86,116,213,54.5,1,2.3,-1.3,33,95,36,16,140,Matches
100,Luke Cundle,,eng ENG,MF,Wolves,19-331,2002,0.9,27,32,84.4,406,99,15,15,100,11,14,78.6,0,1,0,0,0.2,-0.2,1,3,1,0,3,Matches
101,Patson Daka,,zm ZAM,FW,Leicester City,23-165,1998,8.5,111,144,77.1,1581,280,69,84,82.1,34,43,79.1,4,5,80,3,1.4,1.6,7,6,3,0,12,Matches
102,Stuart Dallas,,nir NIR,DFMF,Leeds United,30-338,1991,28.9,1174,1472,79.8,20769,7451,571,629,90.8,447,524,85.3,131,253,51.8,1,2.2,-1.2,31,102,25,5,112,Matches
103,Diogo Dalot,,pt POR,DF,Manchester Utd,23-005,1999,12.1,576,725,79.4,11519,4203,232,272,85.3,255,295,86.4,87,141,61.7,0,0.4,-0.4,10,46,16,5,69,Matches
104,Karl Darlow,,eng ENG,GK,Newcastle Utd,31-166,1990,8,152,253,60.1,6707,4585,15,15,100,41,42,97.6,96,195,49.2,0,0,0,0,10,0,0,0,Matches
105,Josh Dasilva,,eng ENG,MFFW,Brentford,23-151,1998,1.5,27,37,73,504,148,11,12,91.7,14,19,73.7,2,5,40,0,0.1,-0.1,1,4,1,0,4,Matches
106,Ben Davies,,wls WAL,DF,Tottenham,28-333,1993,19.3,896,1059,84.6,16644,5632,340,373,91.2,479,530,90.4,69,123,56.1,1,0.5,0.5,6,76,11,0,73,Matches
107,Tom Davies,,eng ENG,MF,Everton,23-266,1998,1.8,46,59,78,730,174,21,22,95.5,19,23,82.6,3,6,50,0,0,0,0,2,1,0,7,Matches
108,Keinan Davis,,eng ENG,FW,Aston Villa,24-038,1998,0.1,3,3,100,49,30,1,1,100,2,2,100,0,0,,0,0,0,0,0,0,0,1,Matches
109,Craig Dawson,,eng ENG,DF,West Ham,31-321,1990,23.9,774,944,82,17968,5494,211,233,90.6,374,417,89.7,183,276,66.3,2,0.5,1.5,3,68,1,0,38,Matches
110,Kevin De Bruyne,,be BEL,MF,Manchester City,30-268,1991,17.1,834,1101,75.7,15686,4051,368,428,86,346,431,80.3,107,198,54,3,5.5,-2.5,57,83,42,5,106,Matches
111,Troy Deeney,,eng ENG,FW,Watford,33-267,1988,0.3,3,6,50,38,16,2,4,50,1,1,100,0,0,,0,0.1,-0.1,1,1,0,0,1,Matches
112,Liam Delap,,eng ENG,FW,Manchester City,19-043,2003,0.1,1,1,100,15,5,1,1,100,0,0,,0,0,,0,0,0,0,0,0,0,0,Matches
113,Fabian Delph,,eng ENG,MF,Everton,32-122,1989,2.8,106,125,84.8,2250,584,50,54,92.6,33,39,84.6,23,29,79.3,0,0,0,1,12,1,0,13,Matches
114,Leander Dendoncker,,be BEL,MFFW,Wolves,26-342,1995,15.7,530,607,87.3,9416,1816,238,270,88.1,220,244,90.2,59,68,86.8,2,0.9,1.1,10,28,4,0,29,Matches
115,Emmanuel Dennis,,ng NGA,FWMF,Watford,24-128,1997,24.2,351,530,66.2,5066,1392,216,284,76.1,96,143,67.1,23,44,52.3,5,2.5,2.5,27,18,17,5,45,Matches
116,Kiernan Dewsbury Hall,,eng ENG,MF,Leicester City,23-198,1998,13.7,560,726,77.1,9031,2247,297,342,86.8,204,256,79.7,46,95,48.4,2,1.7,0.3,21,52,17,3,48,Matches
117,Ibrahima Diallo,,fr FRA,MF,Southampton,23-015,1999,8.4,286,342,83.6,5088,1119,137,165,83,119,131,90.8,24,34,70.6,2,0.9,1.1,14,34,1,0,23,Matches
118,Raphael Dias Belloli,,br BRA,MFFW,Leeds United,25-099,1996,25,627,982,63.8,11666,4840,293,354,82.8,218,304,71.7,91,247,36.8,3,6.2,-3.2,57,76,40,8,140,Matches
119,Ruben Dias,,pt POR,DF,Manchester City,24-313,1997,23.7,1845,1956,94.3,39598,10190,509,533,95.5,1032,1063,97.1,301,347,86.7,3,2.1,0.9,11,157,4,0,93,Matches
120,Luis Diaz,,co COL,FW,Liverpool,25-069,1997,5.5,206,235,87.7,3021,618,132,141,93.6,59,73,80.8,11,12,91.7,0,1,-1,9,11,12,0,23,Matches
121,Eric Dier,,eng ENG,DF,Tottenham,28-067,1994,25.1,1363,1540,88.5,30313,10274,360,383,94,759,807,94.1,240,334,71.9,0,1.3,-1.3,6,75,7,0,72,Matches
122,Lucas Digne,,fr FRA,DF,Aston Villa,28-246,1993,7.1,300,409,73.3,4848,2068,169,186,90.9,96,133,72.2,28,66,42.4,1,0.6,0.4,11,13,10,5,31,Matches
123,Lucas Digne,,fr FRA,DF,Everton,28-246,1993,13,487,678,71.8,8548,4277,219,262,83.6,211,268,78.7,42,104,40.4,0,1.7,-1.7,20,29,12,4,49,Matches
124,Virgil van Dijk,,nl NED,DF,Liverpool,30-258,1991,27,1773,1956,90.6,40341,12907,451,487,92.6,963,1004,95.9,349,448,77.9,1,0.3,0.7,4,132,3,0,83,Matches
125,Issa Diop,,fr FRA,DF,West Ham,25-073,1997,9,309,359,86.1,6307,2121,98,104,94.2,168,184,91.3,42,70,60,1,0.1,0.9,1,13,0,0,13,Matches
126,Moussa Djenepo,,ml MLI,MF,Southampton,23-281,1998,4.9,105,143,73.4,1624,689,64,75,85.3,29,41,70.7,10,17,58.8,0,0.2,-0.2,6,10,8,2,22,Matches
127,Lewis Dobbin,,eng ENG,FWMF,Everton,19-079,2003,0.4,4,7,57.1,106,24,2,3,66.7,0,1,0,2,3,66.7,0,0,0,0,1,0,0,1,Matches
128,Matt Doherty,,ie IRL,DF,Tottenham,30-066,1992,8.5,407,498,81.7,6818,1830,207,233,88.8,160,188,85.1,34,56,60.7,4,1.8,2.2,14,20,11,4,35,Matches
129,Gabriel Dos Santos,,br BRA,DF,Arsenal,24-094,1997,24.4,1251,1397,89.5,26162,6807,359,382,94,701,732,95.8,176,258,68.2,0,0.7,-0.7,4,63,1,0,43,Matches
130,Abdoulaye Doucoure,,fr FRA,MF,Everton,29-081,1993,19.7,629,787,79.9,10626,2365,302,353,85.6,252,301,83.7,54,81,66.7,4,1.4,2.6,14,58,14,1,65,Matches
131,Kieran Dowell,,eng ENG,FWMF,Norwich City,24-164,1997,4,79,123,64.2,1312,290,48,60,80,21,30,70,8,25,32,0,0.6,-0.6,6,5,6,3,6,Matches
132,Cody Drameh,,eng ENG,DF,Leeds United,20-105,2001,1.4,60,77,77.9,927,398,39,44,88.6,18,23,78.3,3,4,75,0,0,0,1,3,2,1,6,Matches
133,Martin Dubravka,,sk SVK,GK,Newcastle Utd,33-067,1989,17,359,550,65.3,14419,10097,35,35,100,124,127,97.6,197,385,51.2,0,0,0,0,11,0,0,0,Matches
134,Shane Duffy,,ie IRL,DF,Brighton,30-081,1992,16,894,1007,88.8,20678,5681,171,184,92.9,541,578,93.6,180,237,75.9,0,0.1,-0.1,3,55,2,0,35,Matches
135,Paul Dummett,,wls WAL,DF,Newcastle Utd,30-178,1991,2.2,51,68,75,867,436,24,28,85.7,25,31,80.6,2,8,25,0,0,0,0,5,0,0,3,Matches
136,Lewis Dunk,,eng ENG,DF,Brighton,30-122,1991,19.6,1353,1484,91.2,31166,8148,304,325,93.5,758,794,95.5,281,351,80.1,0,0.2,-0.2,1,74,2,1,40,Matches
137,Ederson,,br BRA,GK,Manchester City,28-218,1993,28,739,828,89.3,19192,10764,147,147,100,377,377,100,212,300,70.7,0,0.1,-0.1,1,8,1,0,1,Matches
138,Odsonne Edouard,,fr FRA,FW,Crystal Palace,24-066,1998,14.1,252,349,72.2,3640,812,158,197,80.2,79,109,72.5,11,17,64.7,3,2.1,0.9,16,20,9,1,31,Matches
139,Anthony Elanga,,se SWE,FW,Manchester Utd,19-330,2002,6.1,177,217,81.6,2509,513,104,115,90.4,56,66,84.8,10,15,66.7,0,0.6,-0.6,3,6,5,3,11,Matches
140,Harvey Elliott,,eng ENG,MF,Liverpool,18-353,2003,3.1,176,208,84.6,2984,803,90,101,89.1,70,80,87.5,16,21,76.2,0,0.3,-0.3,5,20,7,1,29,Matches
141,Mohamed Elneny,,eg EGY,MF,Arsenal,29-255,1992,2,107,116,92.2,1987,399,46,49,93.9,40,43,93,18,18,100,1,0.2,0.8,4,16,1,0,2,Matches
142,Mohamed Elyounoussi,,no NOR,MF,Southampton,27-231,1994,16.8,352,497,70.8,5309,1225,215,266,80.8,112,158,70.9,18,45,40,1,1.9,-0.9,22,33,15,1,36,Matches
143,Emerson,,br BRA,DF,Tottenham,23-068,1999,16.8,798,995,80.2,12540,3928,453,506,89.5,283,348,81.3,49,94,52.1,1,1.7,-0.7,21,25,21,7,59,Matches
144,Christian Eriksen,,dk DEN,MF,Brentford,30-037,1992,2.4,104,146,71.2,2234,675,44,53,83,34,45,75.6,25,42,59.5,1,0.6,0.4,5,13,4,2,11,Matches
145,Oghenekaro Etebo,,ng NGA,MF,Watford,26-134,1995,4.3,138,154,89.6,3210,710,33,36,91.7,77,83,92.8,28,34,82.4,0,0.1,-0.1,2,11,3,1,11,Matches
146,Jonny Evans,,nir NIR,DF,Leicester City,34-079,1988,8.7,410,504,81.3,9273,3268,84,103,81.6,256,279,91.8,68,119,57.1,1,0.5,0.5,2,22,1,0,21,Matches
147,Eberechi Eze,,eng ENG,MFFW,Crystal Palace,23-267,1998,1.6,50,68,73.5,774,144,31,35,88.6,15,21,71.4,3,8,37.5,0,0.1,-0.1,1,2,1,0,3,Matches
148,Lukasz Fabianski,,pl POL,GK,West Ham,36-339,1985,29,473,759,62.3,18300,12202,42,42,100,156,157,99.4,274,557,49.2,0,0,0,1,8,0,0,0,Matches
149,Fabinho,,br BRA,MF,Liverpool,28-151,1993,20.9,1027,1169,87.9,18797,4340,417,461,90.5,483,526,91.8,106,140,75.7,1,0.7,0.3,12,116,13,1,86,Matches
150,Kiko Femenia,,es ESP,DF,Watford,31-049,1991,17.8,637,898,70.9,10583,4971,339,381,89,250,348,71.8,41,139,29.5,5,2,3,16,38,12,6,59,Matches
151,Evan Ferguson,,ie IRL,MF,Brighton,17-155,2004,0.3,6,7,85.7,98,5,3,4,75,1,1,100,1,1,100,0,0,0,0,0,1,1,0,Matches
152,Nathan Ferguson,,eng ENG,DF,Crystal Palace,21-168,2000,0.1,3,5,60,23,20,1,1,100,0,0,,0,2,0,0,0,0,0,0,0,0,0,Matches
153,Bruno Fernandes,,pt POR,MF,Manchester Utd,27-196,1994,25.6,1055,1451,72.7,20423,5854,476,551,86.4,399,510,78.2,165,328,50.3,6,7.9,-1.9,77,116,65,13,146,Matches
154,Alvaro Fernandez,,es ESP,GK,Brentford,23-344,1998,12,322,500,64.4,9413,5300,64,66,97,147,150,98,110,283,38.9,0,0,0,0,10,0,0,1,Matches
155,Federico Fernandez,,ar ARG,DF,Newcastle Utd,33-030,1989,5.8,183,214,85.5,4199,1503,41,46,89.1,109,114,95.6,33,53,62.3,0,0.3,-0.3,1,12,0,0,8,Matches
156,Fernandinho,,br BRA,MF,Manchester City,36-323,1985,6.8,446,499,89.4,8159,1953,187,205,91.2,210,224,93.8,44,62,71,1,0.8,0.2,8,55,15,1,38,Matches
157,Roberto Firmino,,br BRA,FW,Liverpool,30-172,1991,8.8,303,383,79.1,4564,997,172,190,90.5,101,135,74.8,18,24,75,3,2,1,13,19,7,0,25,Matches
158,Junior Firpo,,es ESP,DF,Leeds United,25-213,1996,14.8,635,765,83,11095,3849,276,314,87.9,303,347,87.3,48,83,57.8,1,1.7,-0.7,17,49,15,5,63,Matches
159,Ashley Fletcher,,eng ENG,FW,Watford,26-172,1995,0.3,3,9,33.3,74,28,0,6,0,2,2,100,1,1,100,0,0,0,0,2,0,0,1,Matches
160,Phil Foden,,eng ENG,FW,Manchester City,21-299,2000,17.9,707,876,80.7,11596,2356,401,443,90.5,235,274,85.8,62,122,50.8,3,4.6,-1.6,30,42,30,6,57,Matches
161,Pablo Fornals,,es ESP,FWMF,West Ham,26-029,1996,24,779,1036,75.2,14219,4748,359,415,86.5,299,379,78.9,101,177,57.1,2,3.6,-1.6,35,79,42,7,130,Matches
162,Adam Forshaw,,eng ENG,MF,Leeds United,30-166,1991,16,632,751,84.2,11790,2897,295,323,91.3,226,264,85.6,91,126,72.2,1,1.1,-0.1,13,57,8,0,53,Matches
163,Marcus Forss,,fi FIN,FWMF,Brentford,22-278,1999,2.3,24,41,58.5,380,110,16,22,72.7,3,11,27.3,4,6,66.7,1,0,1,0,4,1,0,5,Matches
164,Fraser Forster,,eng ENG,GK,Southampton,34-006,1988,12,243,395,61.5,8377,5317,32,33,97,103,105,98.1,107,255,42,0,0,0,0,4,0,0,0,Matches
165,Ben Foster,,eng ENG,GK,Watford,38-354,1983,18,312,615,50.7,13994,10552,19,20,95,90,94,95.7,203,501,40.5,1,0.1,0.9,1,29,2,0,0,Matches
166,Tariqe Fosu,,gh GHA,DF,Brentford,26-138,1995,0.2,6,8,75,110,13,2,2,100,3,4,75,1,2,50,0,0,0,0,0,0,0,1,Matches
167,Ryan Fraser,,sct SCO,FWMF,Newcastle Utd,28-027,1994,15,304,438,69.4,5263,1704,160,191,83.8,97,140,69.3,39,89,43.8,3,2,1,23,16,22,13,26,Matches
168,Fred,,br BRA,MF,Manchester Utd,29-018,1993,19.6,949,1113,85.3,17688,4440,407,461,88.3,398,445,89.4,126,159,79.2,4,1.5,2.5,22,103,11,1,87,Matches
169,Ryan Fredericks,,eng ENG,DF,West Ham,29-164,1992,1.4,30,48,62.5,518,185,16,22,72.7,12,19,63.2,2,5,40,0,0,0,1,1,1,0,3,Matches
170,Leo Fuhr Hjelde,,no NOR,DF,Leeds United,18-209,2003,1.7,84,111,75.7,1317,504,47,55,85.5,30,35,85.7,6,14,42.9,0,0,0,1,4,0,0,5,Matches
171,Conor Gallagher,,eng ENG,MF,Crystal Palace,22-045,2000,24.4,708,922,76.8,12703,3075,331,380,87.1,266,325,81.8,92,175,52.6,3,3.2,-0.2,31,55,19,7,47,Matches
172,Dwight Gayle,,eng ENG,FW,Newcastle Utd,31-157,1990,0.4,6,8,75,69,2,5,6,83.3,1,1,100,0,0,,0,0,0,1,0,0,0,0,Matches
173,Jean-Philippe Gbamin,,ci CIV,MF,Everton,26-179,1995,0.7,16,21,76.2,224,20,12,14,85.7,3,5,60,1,2,50,0,0,0,0,0,0,0,0,Matches
174,David de Gea,,es ESP,GK,Manchester Utd,31-136,1990,29,481,692,69.5,14088,8351,81,82,98.8,216,223,96.9,180,381,47.2,0,0,0,0,1,0,0,0,Matches
175,Joe Gelhardt,,eng ENG,FWMF,Leeds United,19-323,2002,5.2,63,87,72.4,790,231,37,48,77.1,19,26,73.1,1,5,20,1,0.4,0.6,5,5,4,0,9,Matches
176,Anwar El Ghazi,,nl NED,FW,Everton,26-324,1995,0.1,8,9,88.9,92,33,7,8,87.5,0,0,,1,1,100,0,0,0,0,0,0,0,0,Matches
177,Anwar El Ghazi,,nl NED,FWMF,Aston Villa,26-324,1995,4.3,82,115,71.3,1262,370,50,58,86.2,26,41,63.4,5,8,62.5,1,0.4,0.6,4,1,6,4,7,Matches
178,Saman Ghoddos,,ir IRN,MFDF,Brentford,28-198,1993,4.8,128,190,67.4,2354,793,63,87,72.4,41,56,73.2,21,39,53.8,1,1.2,-0.2,6,12,10,2,17,Matches
179,Dimitris Giannoulis,,gr GRE,DF,Norwich City,26-157,1995,6.1,248,328,75.6,4019,1636,129,146,88.4,97,124,78.2,19,47,40.4,1,0.3,0.7,5,8,5,1,16,Matches
180,Morgan Gibbs-White,,eng ENG,FWMF,Wolves,22-055,2000,0.1,7,10,70,74,28,5,6,83.3,1,1,100,0,1,0,0,0,0,0,1,0,0,1,Matches
181,Ben Gibson,,eng ENG,DF,Norwich City,29-067,1993,23.7,964,1173,82.2,22828,8871,228,248,91.9,513,561,91.4,219,347,63.1,0,0,0,2,83,8,0,74,Matches
182,Billy Gilmour,,sct SCO,MF,Norwich City,20-285,2001,15.7,742,939,79,16064,3989,260,296,87.8,302,343,88,165,270,61.1,1,2,-1,24,72,14,1,71,Matches
183,Ben Godfrey,,eng ENG,DF,Everton,24-067,1998,18.5,512,670,76.4,9631,3542,191,225,84.9,252,318,79.2,58,101,57.4,0,0.7,-0.7,12,40,13,7,30,Matches
184,Andre Gomes,,pt POR,MF,Everton,28-236,1993,5.6,189,248,76.2,3426,1037,88,105,83.8,72,84,85.7,23,43,53.5,1,0.2,0.8,4,26,3,0,19,Matches
185,Toti Gomes,,pt POR,DF,Wolves,23-066,1999,2,53,83,63.9,949,361,21,23,91.3,26,36,72.2,4,21,19,0,0,0,0,4,0,0,3,Matches
186,Joe Gomez,,eng ENG,DF,Liverpool,24-304,1997,1.2,85,102,83.3,1788,368,29,34,85.3,39,45,86.7,16,20,80,0,0,0,1,10,0,0,5,Matches
187,Charlie Goode,,eng ENG,DF,Brentford,26-232,1995,5,190,300,63.3,4717,1455,35,53,66,97,140,69.3,57,99,57.6,0,0.3,-0.3,7,16,2,1,12,Matches
188,Anthony Gordon,,eng ENG,MFFW,Everton,21-027,2001,16.7,351,518,67.8,5680,1679,186,233,79.8,108,145,74.5,38,89,42.7,2,1.8,0.2,19,19,16,7,44,Matches
189,Kaide Gordon,,eng ENG,FW,Liverpool,17-169,2004,0.1,4,4,100,50,0,2,2,100,0,0,,1,1,100,0,0,0,0,0,0,0,0,Matches
190,Dan Gosling,,eng ENG,MF,Watford,32-050,1990,0.2,5,7,71.4,61,6,4,5,80,1,1,100,0,1,0,0,0,0,0,0,0,0,0,Matches
191,Demarai Gray,,eng ENG,MFFW,Everton,25-268,1996,18.8,383,544,70.4,7242,1602,164,197,83.2,141,180,78.3,60,123,48.8,2,2.7,-0.7,30,15,20,6,32,Matches
192,Jack Grealish,,eng ENG,FW,Manchester City,26-194,1995,16.1,638,738,86.4,9254,1802,383,424,90.3,205,227,90.3,32,41,78,2,5,-3,42,18,30,3,57,Matches
193,Mason Greenwood,,eng ENG,FWMF,Manchester Utd,20-173,2001,14.1,397,504,78.8,7344,1629,185,214,86.4,164,195,84.1,43,75,57.3,1,1.6,-0.6,15,26,13,3,36,Matches
194,Sam Greenwood,,eng ENG,FWMF,Leeds United,20-056,2002,0.9,21,25,84,311,70,7,9,77.8,8,8,100,2,3,66.7,1,0.2,0.8,1,1,0,0,2,Matches
195,Pascal Gross,,de GER,MFDF,Brighton,30-281,1991,15.3,729,955,76.3,14409,3936,298,335,89,300,365,82.2,121,216,56,3,3.2,-0.2,40,55,23,10,68,Matches
196,Vicente Guaita,,es ESP,GK,Crystal Palace,35-072,1987,23.5,590,738,79.9,15711,8077,153,153,100,245,246,99.6,182,329,55.3,0,0,0,0,2,0,0,0,Matches
197,Marc Guehi,,eng ENG,DF,Crystal Palace,21-253,2000,28,1487,1709,87,31574,10280,409,437,93.6,868,933,93,203,321,63.2,0,0.4,-0.4,3,97,2,0,83,Matches
198,Bruno Guimaraes,,br BRA,MF,Newcastle Utd,24-127,1997,3.2,139,167,83.2,2887,585,57,64,89.1,41,49,83.7,35,41,85.4,0,0.5,-0.5,2,11,5,1,11,Matches
199,Ilkay Gundogan,,de GER,MF,Manchester City,31-150,1990,15,779,908,85.8,13571,2762,390,418,93.3,284,317,89.6,89,137,65,4,3.9,0.1,30,47,22,2,57,Matches
200,Angus Gunn,,eng ENG,GK,Norwich City,26-060,1996,7,156,224,69.6,4841,2532,38,38,100,49,50,98,68,135,50.4,0,0,0,0,1,0,0,0,Matches
201,Grant Hanley,,sct SCO,DF,Norwich City,30-123,1991,23.2,795,938,84.8,17781,4174,201,227,88.5,415,449,92.4,167,240,69.6,0,0.2,-0.2,3,20,2,0,22,Matches
202,Jack Harrison,,eng ENG,FWMF,Leeds United,25-123,1996,21.9,501,786,63.7,7884,2804,294,367,80.1,153,242,63.2,41,115,35.7,1,2.2,-1.2,35,28,34,8,83,Matches
203,Kortney Hause,,eng ENG,DF,Aston Villa,26-250,1995,4.4,162,206,78.6,3509,992,53,58,91.4,75,90,83.3,33,54,61.1,0,0,0,0,8,0,0,6,Matches
204,Kai Havertz,,de GER,FWMF,Chelsea,22-285,1999,14.5,372,458,81.2,5175,901,237,266,89.1,92,122,75.4,21,26,80.8,2,1.1,0.9,8,19,11,1,30,Matches
205,Isaac Hayden,,eng ENG,MFDF,Newcastle Utd,27-001,1995,11.1,255,318,80.2,4657,912,111,130,85.4,114,134,85.1,28,41,68.3,0,0.1,-0.1,2,19,1,1,9,Matches
206,Hwang Hee-chan,,kr KOR,FWMF,Wolves,26-056,1996,15,378,465,81.3,6328,956,201,240,83.8,130,148,87.8,39,54,72.2,1,1.4,-0.4,10,19,8,0,21,Matches
207,Jordan Henderson,,eng ENG,MF,Liverpool,31-279,1990,22.3,1379,1662,83,25980,6286,577,640,90.2,603,696,86.6,177,260,68.1,5,3.4,1.6,31,150,41,9,134,Matches
208,Jeff Hendrick,,ie IRL,MF,Newcastle Utd,30-051,1992,0.8,24,27,88.9,452,30,10,11,90.9,11,11,100,3,4,75,0,0,0,1,2,0,0,1,Matches
209,Wayne Hennessey,,wls WAL,GK,Burnley,35-058,1987,2,40,80,50,2119,1850,1,1,100,8,8,100,31,71,43.7,0,0.1,-0.1,3,5,0,0,0,Matches
210,Rico Henry,,eng ENG,DF,Brentford,24-258,1997,23.2,602,848,71,9946,3123,295,350,84.3,237,312,76,54,123,43.9,0,0.7,-0.7,10,41,14,7,56,Matches
211,Son Heung-min,,kr KOR,FWMF,Tottenham,29-258,1992,24.9,741,962,77,11370,2675,430,475,90.5,229,272,84.2,60,161,37.3,5,6.7,-1.7,50,26,34,2,57,Matches
212,Ki-Jana Hoever,,nl NED,DF,Wolves,20-064,2002,3.4,113,159,71.1,1953,647,51,62,82.3,52,72,72.2,8,14,57.1,0,0,0,1,4,2,1,8,Matches
213,Rob Holding,,eng ENG,DF,Arsenal,26-184,1995,4.8,201,233,86.3,4159,886,58,63,92.1,112,118,94.9,29,48,60.4,0,0,0,0,3,0,0,7,Matches
214,Mason Holgate,,eng ENG,DF,Everton,25-152,1996,14.8,428,592,72.3,10197,3380,116,137,84.7,199,253,78.7,109,195,55.9,0,0,0,0,25,1,0,23,Matches
215,Callum Hudson-Odoi,,eng ENG,FWMF,Chelsea,21-136,2000,10.7,313,393,79.6,4959,1083,173,201,86.1,108,132,81.8,22,41,53.7,2,2.3,-0.3,24,9,20,5,31,Matches
216,Will Hughes,,eng ENG,MF,Crystal Palace,26-340,1995,9.1,336,415,81,6373,1404,139,159,87.4,148,162,91.4,43,78,55.1,1,0.6,0.4,7,20,7,3,21,Matches
217,Pierre Hojbjerg,,dk DEN,MF,Tottenham,26-230,1995,26.5,1644,1852,88.8,31699,8382,659,713,92.4,742,810,91.6,220,290,75.9,2,1.8,0.2,21,171,27,2,148,Matches
218,Adam Idah,,ie IRL,FWMF,Norwich City,21-012,2001,6.9,96,142,67.6,1650,322,44,66,66.7,40,50,80,8,12,66.7,1,0.6,0.4,4,7,4,2,7,Matches
219,Kelechi Iheanacho,,ng NGA,FW,Leicester City,25-171,1996,9.2,190,250,76,2771,652,102,122,83.6,65,79,82.3,10,23,43.5,5,2.4,2.6,14,14,8,1,26,Matches
220,Danny Ings,,eng ENG,FW,Aston Villa,29-243,1992,16.9,208,306,68,2950,694,129,166,77.7,47,72,65.3,18,34,52.9,5,1.6,3.4,11,13,11,3,22,Matches
221,Tim Iroegbunam,,,MF,Aston Villa,,,0.1,4,4,100,82,24,1,1,100,3,3,100,0,0,,0,0,0,0,0,0,0,0,Matches
222,Alex Iwobi,,ng NGA,MFFW,Everton,25-324,1996,11.6,262,334,78.4,4243,1276,138,154,89.6,90,115,78.3,22,40,55,1,1.4,-0.4,18,19,12,4,32,Matches
223,Daniel James,,wls WAL,FWMF,Leeds United,24-133,1997,22.5,289,440,65.7,4383,1158,155,202,76.7,103,151,68.2,19,44,43.2,3,2.4,0.6,21,16,18,1,44,Matches
224,Daniel James,,wls WAL,FW,Manchester Utd,24-133,1997,1.4,22,32,68.8,233,36,18,24,75,3,5,60,0,1,0,0,0,0,1,0,0,0,0,Matches
225,Reece James,,eng ENG,DF,Chelsea,22-105,1999,13.1,830,981,84.6,13919,3723,419,454,92.3,324,378,85.7,76,111,68.5,6,4.3,1.7,32,36,32,7,77,Matches
226,Vitaly Janelt,,de GER,MF,Brentford,23-317,1998,19.8,571,760,75.1,10866,3515,219,268,81.7,256,312,82.1,75,143,52.4,0,1.5,-1.5,14,62,16,3,81,Matches
227,Pontus Jansson,,se SWE,DF,Brentford,31-038,1991,29.9,979,1197,81.8,20550,5838,272,319,85.3,556,641,86.7,144,218,66.1,1,0.4,0.6,3,29,0,0,48,Matches
228,Mathias Jensen,,dk DEN,MF,Brentford,26-081,1996,13.6,424,594,71.4,9469,3060,165,192,85.9,146,189,77.2,110,199,55.3,1,3,-2,30,43,21,10,47,Matches
229,Gabriel Jesus,,br BRA,FW,Manchester City,24-354,1997,14.9,486,575,84.5,7230,1278,260,289,90,190,224,84.8,20,30,66.7,7,3.4,3.6,23,12,23,5,41,Matches
230,Raul Jimenez,,mx MEX,FW,Wolves,30-322,1991,23.9,455,646,70.4,6750,1324,278,363,76.6,128,164,78,31,61,50.8,3,2,1,27,30,10,1,35,Matches
231,Joelinton,,br BRA,MFFW,Newcastle Utd,25-221,1996,20.9,565,719,78.6,8799,2220,308,364,84.6,193,244,79.1,43,60,71.7,1,1.3,-0.3,22,44,17,3,54,Matches
232,Ben Johnson,,eng ENG,DF,West Ham,22-058,2000,13.4,458,663,69.1,8899,3674,195,224,87.1,188,263,71.5,66,141,46.8,0,0.6,-0.6,6,38,15,10,43,Matches
233,Curtis Jones,,eng ENG,MF,Liverpool,21-052,2001,7.1,399,439,90.9,6640,1350,208,217,95.9,156,166,94,32,47,68.1,1,0.4,0.6,5,30,4,0,23,Matches
234,Phil Jones,,eng ENG,DF,Manchester Utd,30-030,1992,1,46,50,92,879,246,15,16,93.8,28,29,96.6,2,3,66.7,0,0,0,1,7,0,0,4,Matches
235,Jorginho,,it ITA,MF,Chelsea,30-093,1991,20.8,1284,1445,88.9,22721,5474,564,616,91.6,583,631,92.4,114,162,70.4,2,2.4,-0.4,17,108,27,0,101,Matches
236,Diogo Jota,,pt POR,FW,Liverpool,25-109,1996,19.4,418,568,73.6,6739,1630,212,269,78.8,165,207,79.7,29,51,56.9,1,4.1,-3.1,28,36,25,2,54,Matches
237,James Justin,,eng ENG,DF,Leicester City,24-028,1998,4.1,185,230,80.4,2813,1063,96,101,95,77,91,84.6,8,24,33.3,0,0.6,-0.6,4,8,2,0,16,Matches
238,Mathias Jorgensen,,dk DEN,DF,Brentford,31-334,1990,4.8,196,274,71.5,3678,1613,80,92,87,96,130,73.8,18,44,40.9,0,0.1,-0.1,2,13,3,3,13,Matches
239,Ozan Kabak,,tr TUR,DF,Norwich City,21-363,2000,10.2,341,414,82.4,7111,2287,92,112,82.1,197,216,91.2,45,71,63.4,0,0,0,2,17,0,0,18,Matches
240,Christian Kabasele,,be BEL,DF,Watford,31-027,1991,5.3,191,223,85.7,4593,1487,28,36,77.8,119,128,93,42,57,73.7,0,0,0,1,12,2,1,13,Matches
241,Samuel Kalu,,ng NGA,FWMF,Watford,24-209,1997,0.5,3,5,60,47,17,1,1,100,2,3,66.7,0,1,0,0,0,0,0,0,0,0,0,Matches
242,Hassane Kamara,,ci CIV,DF,Watford,27-185,1994,10.9,430,610,70.5,7372,3251,186,217,85.7,204,262,77.9,28,93,30.1,0,0.4,-0.4,7,19,6,2,30,Matches
243,Harry Kane,,eng ENG,FW,Tottenham,28-238,1993,26.9,538,760,70.8,10377,3041,244,311,78.5,184,244,75.4,93,144,64.6,5,6.1,-1.1,34,74,29,5,88,Matches
244,N'Golo Kante,,fr FRA,MF,Chelsea,30-359,1991,13.3,677,799,84.7,11510,3119,329,377,87.3,274,314,87.3,58,73,79.5,3,1.5,1.5,14,56,20,0,78,Matches
245,Edo Kayembe,,cd COD,MF,Watford,23-232,1998,4.6,196,240,81.7,3884,878,84,93,90.3,77,91,84.6,35,49,71.4,0,0.2,-0.2,4,18,0,0,20,Matches
246,Moise Kean,,it ITA,FW,Everton,22-023,2000,0,1,1,100,17,0,0,0,,1,1,100,0,0,,0,0,0,0,0,0,0,0,Matches
247,Michael Keane,,eng ENG,DF,Everton,29-071,1993,24.5,737,943,78.2,17435,5762,216,253,85.4,327,387,84.5,186,287,64.8,2,0.6,1.4,4,65,4,0,59,Matches
248,Naby Keita,,gn GUI,MF,Liverpool,27-041,1995,9.2,485,559,86.8,7839,2023,240,264,90.9,199,221,90,31,42,73.8,1,1.1,-0.1,10,46,16,0,62,Matches
249,Caoimhin Kelleher,,ie IRL,GK,Liverpool,23-120,1998,2,81,90,90,1869,742,17,17,100,50,50,100,14,23,60.9,0,0,0,0,0,0,0,0,Matches
250,Jonjoe Kenny,,eng ENG,DF,Everton,25-008,1997,7.8,253,335,75.5,4633,1937,116,124,93.5,105,140,75,30,57,52.6,1,0.3,0.7,5,24,5,3,22,Matches
251,Max Kilman,,eng ENG,DF,Wolves,24-304,1997,27.9,1174,1357,86.5,24779,8628,376,414,90.8,600,648,92.6,190,277,68.6,0,0,0,2,83,2,0,86,Matches
252,Joshua King,,no NOR,FW,Watford,30-067,1992,21.9,334,459,72.8,5109,1018,180,226,79.6,124,175,70.9,19,27,70.4,3,3.1,-0.1,33,24,13,2,28,Matches
253,Kristoffer Klaesson,,no NOR,GK,Leeds United,21-116,2000,0.4,9,11,81.8,250,164,2,2,100,3,3,100,4,6,66.7,0,0,0,0,0,0,0,0,Matches
254,Mateusz Klich,,pl POL,MF,Leeds United,31-283,1990,18.3,613,783,78.3,9686,2881,331,380,87.1,210,259,81.1,46,91,50.5,2,2,0,28,58,21,3,83,Matches
255,Robin Koch,,de GER,MFDF,Leeds United,25-249,1996,11.2,330,410,80.5,7047,1895,94,113,83.2,171,200,85.5,61,84,72.6,0,0.5,-0.5,6,24,6,0,22,Matches
256,Sead Kolasinac,,ba BIH,DF,Arsenal,28-276,1993,1,10,13,76.9,167,64,4,4,100,5,8,62.5,1,1,100,0,0,0,0,1,0,0,0,Matches
257,Ibrahima Konate,,fr FRA,DF,Liverpool,22-302,1999,8,433,493,87.8,9117,3339,108,121,89.3,257,271,94.8,62,89,69.7,0,0.1,-0.1,1,34,3,0,29,Matches
258,Ezri Konsa,,eng ENG,DF,Aston Villa,24-151,1997,22,641,740,86.6,12669,3861,195,215,90.7,353,380,92.9,82,128,64.1,0,0.3,-0.3,4,20,0,0,28,Matches
259,Cheikhou Kouyate,,sn SEN,MF,Crystal Palace,32-092,1989,18.5,542,651,83.3,9208,2292,247,290,85.2,226,264,85.6,49,68,72.1,1,0.7,0.3,4,38,3,1,42,Matches
260,Mateo Kovacic,,hr CRO,MF,Chelsea,27-321,1994,14.2,862,965,89.3,16041,3581,377,407,92.6,363,395,91.9,108,140,77.1,5,2.8,2.2,18,90,19,0,85,Matches
261,Emil Krafth,,se SWE,DF,Newcastle Utd,27-233,1994,11.5,338,457,74,5756,2540,156,178,87.6,131,176,74.4,36,71,50.7,1,0.6,0.4,3,26,6,1,35,Matches
262,Alex Kral,,cz CZE,MF,West Ham,23-308,1998,0,0,2,0,0,0,0,1,0,0,1,0,0,0,,0,0,0,0,0,0,0,0,Matches
263,Tim Krul,,nl NED,GK,Norwich City,33-354,1988,22,568,814,69.8,18268,10293,75,76,98.7,234,237,98.7,257,498,51.6,0,0.4,-0.4,2,6,1,0,1,Matches
264,Juraj Kucka,,sk SVK,MF,Watford,35-025,1987,17.6,395,565,69.9,7220,2213,179,234,76.5,151,202,74.8,52,95,54.7,1,1,0,10,31,7,2,45,Matches
265,Dejan Kulusevski,,se SWE,MFFW,Tottenham,21-332,2000,7.6,234,276,84.8,3524,730,134,146,91.8,89,102,87.3,8,14,57.1,4,2.3,1.7,14,12,10,2,22,Matches
266,Alexandre Lacazette,,fr FRA,FWMF,Arsenal,30-299,1991,17,309,405,76.3,4210,921,193,239,80.8,74,101,73.3,19,29,65.5,7,1.9,5.1,23,26,19,1,34,Matches
267,Adam Lallana,,eng ENG,MF,Brighton,33-317,1988,16.8,807,922,87.5,12810,2718,435,476,91.4,301,329,91.5,52,78,66.7,1,0.7,0.3,8,61,17,0,58,Matches
268,Tariq Lamptey,,eng ENG,DFFW,Brighton,21-174,2000,14.2,513,661,77.6,7710,1838,289,330,87.6,187,234,79.9,23,55,41.8,2,1.8,0.2,19,15,19,12,38,Matches
269,Manuel Lanzini,,ar ARG,MF,West Ham,29-036,1993,14.7,799,887,90.1,12589,2876,436,456,95.6,280,315,88.9,58,83,69.9,2,1.9,0.1,19,49,17,0,60,Matches
270,Aymeric Laporte,,es ESP,DF,Manchester City,27-300,1994,23.1,2017,2115,95.4,43689,12836,556,576,96.5,1088,1119,97.2,361,406,88.9,0,0.3,-0.3,7,260,8,0,164,Matches
271,Jamaal Lascelles,,eng ENG,DF,Newcastle Utd,28-132,1993,18.8,402,517,77.8,8633,2361,94,126,74.6,239,275,86.9,61,102,59.8,0,0.3,-0.3,2,15,2,0,18,Matches
272,Pierre Lees-Melou,,fr FRA,MF,Norwich City,28-302,1993,17.8,572,729,78.5,11124,3040,253,293,86.3,204,239,85.4,98,156,62.8,0,1.3,-1.3,18,55,22,8,66,Matches
273,Aaron Lennon,,eng ENG,MFFW,Burnley,34-341,1987,11.9,172,248,69.4,2592,594,106,125,84.8,51,75,68,12,32,37.5,0,0.3,-0.3,4,7,3,1,12,Matches
274,Bernd Leno,,de GER,GK,Arsenal,30-019,1992,4,72,111,64.9,2043,1251,20,20,100,24,24,100,26,65,40,0,0,0,0,1,0,0,0,Matches
275,Jamal Lewis,,nir NIR,DF,Newcastle Utd,24-057,1998,2.9,81,103,78.6,1454,521,35,39,89.7,31,38,81.6,13,22,59.1,0,0,0,1,4,0,0,4,Matches
276,Victor Lindelof,,se SWE,DF,Manchester Utd,27-249,1994,18.2,818,920,88.9,17742,5137,234,252,92.9,441,467,94.4,138,185,74.6,2,0.5,1.5,3,53,5,0,43,Matches
277,Jesse Lingard,,eng ENG,FW,Manchester Utd,29-098,1992,2.3,70,84,83.3,872,276,44,46,95.7,17,24,70.8,1,4,25,0,0.2,-0.2,3,10,1,0,6,Matches
278,Valentino Livramento,,eng ENG,DF,Southampton,19-131,2002,22.2,812,1053,77.1,13175,4742,451,509,88.6,295,389,75.8,58,120,48.3,1,2.1,-1.1,18,34,20,9,66,Matches
279,Diego Llorente,,es ESP,DF,Leeds United,28-219,1993,19,858,1036,82.8,19192,5281,190,216,88,509,561,90.7,152,235,64.7,0,0.1,-0.1,2,56,4,0,56,Matches
280,Hugo Lloris,,fr FRA,GK,Tottenham,35-087,1986,29,564,715,78.9,15788,9355,141,142,99.3,217,218,99.5,196,345,56.8,0,0.5,-0.5,3,12,0,0,0,Matches
281,Giovani Lo Celso,,ar ARG,MFFW,Tottenham,25-348,1996,2.6,117,148,79.1,1855,340,63,69,91.3,28,36,77.8,16,22,72.7,0,0.6,-0.6,5,14,1,0,6,Matches
282,Jurgen Locadia,,nl NED,FW,Brighton,28-136,1993,0.3,2,3,66.7,43,0,0,0,,2,2,100,0,0,,0,0,0,0,0,0,0,0,Matches
283,Ruben Loftus-Cheek,,eng ENG,MF,Chelsea,26-059,1996,8.7,436,495,88.1,7300,1636,210,229,91.7,186,208,89.4,29,37,78.4,2,0.9,1.1,6,36,11,0,45,Matches
284,Shane Long,,ie IRL,FWMF,Southampton,35-060,1987,1.6,22,39,56.4,231,49,19,30,63.3,3,6,50,0,1,0,0,0,0,1,2,0,0,3,Matches
285,Sean Longstaff,,eng ENG,MF,Newcastle Utd,24-144,1997,12.2,369,465,79.4,7293,1805,151,183,82.5,142,163,87.1,62,96,64.6,1,0.4,0.6,4,29,2,0,30,Matches
286,Ademola Lookman,,eng ENG,FWMF,Leicester City,24-154,1997,12.7,324,420,77.1,4444,1219,204,235,86.8,95,123,77.2,13,27,48.1,0,1.8,-1.8,19,17,20,3,41,Matches
287,Jonas Lossl,,dk DEN,GK,Brentford,33-050,1989,2,44,62,71,1361,781,7,7,100,17,17,100,19,37,51.4,0,0,0,0,2,0,0,1,Matches
288,Imran Louza,,ma MAR,MF,Watford,22-326,1999,11.1,394,507,77.7,8436,2410,139,160,86.9,167,198,84.3,82,136,60.3,0,0.8,-0.8,14,46,7,1,40,Matches
289,Matthew Lowton,,eng ENG,DF,Burnley,32-287,1989,16.8,510,743,68.6,9937,4793,254,287,88.5,169,228,74.1,82,196,41.8,2,1.2,0.8,12,54,20,8,68,Matches
290,Douglas Luiz,,br BRA,MF,Aston Villa,23-318,1998,22.9,873,1059,82.4,16579,4624,357,398,89.7,363,418,86.8,134,211,63.5,3,2,1,26,56,15,1,73,Matches
291,Romelu Lukaku,,be BEL,FW,Chelsea,28-314,1993,13.5,169,235,71.9,2237,309,111,137,81,41,61,67.2,8,12,66.7,0,2.2,-2.2,15,6,8,0,12,Matches
292,Lyanco,,br BRA,DF,Southampton,25-050,1997,6.1,160,228,70.2,3241,1271,51,57,89.5,87,100,87,21,67,31.3,0,0.1,-0.1,3,11,2,0,12,Matches
293,Alexis Mac Allister,,ar ARG,MFFW,Brighton,23-089,1998,14.9,588,734,80.1,11000,2905,271,312,86.9,229,253,90.5,80,144,55.6,2,1.1,0.9,18,65,20,3,73,Matches
294,James Maddison,,eng ENG,MFFW,Leicester City,25-120,1996,19.1,526,705,74.6,9668,2808,236,279,84.6,211,253,83.4,68,146,46.6,3,3.4,-0.4,29,50,24,3,68,Matches
295,Harry Maguire,,eng ENG,DF,Manchester Utd,29-018,1993,22.7,1041,1201,86.7,23657,7101,268,293,91.5,550,601,91.5,219,295,74.2,0,0,0,2,96,2,0,67,Matches
296,Riyad Mahrez,,dz ALG,FW,Manchester City,31-030,1991,13.5,627,757,82.8,10889,2223,313,352,88.9,242,278,87.1,66,112,58.9,4,3.2,0.8,32,17,33,5,52,Matches
297,Ainsley Maitland-Niles,,eng ENG,MF,Arsenal,24-206,1997,3,105,136,77.2,1923,603,48,59,81.4,47,55,85.5,10,19,52.6,0,0.3,-0.3,3,12,3,0,13,Matches
298,Sadio Mane,,sn SEN,FW,Liverpool,29-347,1992,24.7,622,831,74.8,10185,2246,331,395,83.8,215,293,73.4,61,80,76.3,1,3.6,-2.6,26,45,45,6,85,Matches
299,Javier Manquillo,,es ESP,DF,Newcastle Utd,27-322,1994,13.3,276,381,72.4,3947,1648,163,191,85.3,87,124,70.2,14,40,35,2,0.3,1.7,4,14,2,0,17,Matches
300,Fernando Marcal,,br BRA,DF,Wolves,33-032,1989,14.2,588,755,77.9,10286,3405,267,301,88.7,270,327,82.6,45,101,44.6,0,0.5,-0.5,8,23,6,3,45,Matches
301,Solly March,,eng ENG,DFFW,Brighton,27-246,1994,13.8,415,567,73.2,7569,1961,213,251,84.9,140,189,74.1,51,96,53.1,1,1.8,-0.8,26,19,19,9,33,Matches
302,Pablo Mari,,es ESP,DF,Arsenal,28-204,1993,2,78,86,90.7,1640,531,23,26,88.5,40,41,97.6,14,17,82.4,0,0.1,-0.1,1,9,0,0,8,Matches
303,Anthony Martial,,fr FRA,FW,Manchester Utd,26-108,1995,2.4,66,85,77.6,984,236,36,45,80,28,33,84.8,2,4,50,0,0.1,-0.1,1,2,4,0,8,Matches
304,Martinelli,,br BRA,FWMF,Arsenal,20-278,2001,13.8,260,371,70.1,4368,737,126,158,79.7,96,123,78,28,60,46.7,3,1.5,1.5,22,5,10,3,14,Matches
305,Emiliano Martinez,,ar ARG,GK,Aston Villa,29-202,1992,28,632,870,72.6,18822,10722,123,124,99.2,282,282,100,224,460,48.7,0,0,0,0,11,0,0,0,Matches
306,Adam Masina,,ma MAR,DF,Watford,28-080,1994,9.6,283,421,67.2,6209,2872,71,84,84.5,151,193,78.2,56,134,41.8,0,0.5,-0.5,7,21,6,4,26,Matches
307,Arthur Masuaku,,cd COD,DFFW,West Ham,28-136,1993,6.2,262,337,77.7,4160,1406,149,168,88.7,96,124,77.4,15,38,39.5,1,0.9,0.1,3,22,5,2,21,Matches
308,Jean-Philippe Mateta,,fr FRA,FW,Crystal Palace,24-268,1997,7.2,99,135,73.3,1131,122,72,87,82.8,21,30,70,1,5,20,1,1.1,-0.1,5,2,1,0,2,Matches
309,Nemanja Matic,,rs SRB,MF,Manchester Utd,33-234,1988,10.2,585,674,86.8,11329,3211,229,263,87.1,264,290,91,82,99,82.8,2,0.9,1.1,8,70,4,1,58,Matches
310,Joel Matip,,cm CMR,DF,Liverpool,30-227,1991,23,1478,1640,90.1,32019,9261,390,432,90.3,801,850,94.2,279,339,82.3,2,0.8,1.2,9,135,9,0,124,Matches
311,Neal Maupay,,fr FRA,FW,Brighton,25-221,1996,22.7,416,530,78.5,5972,928,247,289,85.5,124,152,81.6,21,31,67.7,2,2.1,-0.1,22,16,20,1,30,Matches
312,Bryan Mbeumo,,fr FRA,FWMF,Brentford,22-228,1999,24.8,404,624,64.7,6741,1399,219,287,76.3,124,185,67,47,97,48.5,4,2.3,1.7,27,20,20,5,38,Matches
313,James McArthur,,sct SCO,MF,Crystal Palace,34-167,1987,12.9,597,712,83.8,11064,2431,248,275,90.2,256,283,90.5,75,117,64.1,2,0.9,1.1,11,53,14,5,55,Matches
314,James Mcatee,,eng ENG,MFFW,Manchester City,19-156,2002,0.2,9,13,69.2,145,5,4,6,66.7,5,6,83.3,0,1,0,0,0,0,0,0,0,0,0,Matches
315,Kasey McAteer,,eng ENG,FW,Leicester City,20-121,2001,0,1,1,100,8,0,1,1,100,0,0,,0,0,,0,0,0,0,0,0,0,0,Matches
316,Liam McCarron,,sct SCO,FW,Leeds United,21-016,2001,0.1,2,2,100,53,0,0,0,,1,1,100,1,1,100,0,0,0,0,0,0,0,0,Matches
317,Alex McCarthy,,eng ENG,GK,Southampton,32-110,1989,15,274,450,60.9,8440,5427,46,46,100,131,133,98.5,95,268,35.4,0,0,0,1,7,0,0,0,Matches
318,John McGinn,,sct SCO,MF,Aston Villa,27-156,1994,25.3,742,994,74.6,17113,6607,247,295,83.7,320,389,82.3,170,292,58.2,2,3.4,-1.4,37,128,39,12,123,Matches
319,Stuart McKinstry,,sct SCO,MF,Leeds United,19-186,2002,0,3,4,75,31,2,1,1,100,1,1,100,0,1,0,0,0,0,0,0,0,0,0,Matches
320,Kenny McLean,,sct SCO,MF,Norwich City,30-074,1992,26.3,662,902,73.4,12154,3674,305,364,83.8,262,334,78.4,85,161,52.8,0,0.5,-0.5,5,61,16,1,69,Matches
321,Dwight McNeil,,eng ENG,MF,Burnley,22-121,1999,26,576,845,68.2,11276,3222,245,288,85.1,220,273,80.6,97,223,43.5,1,3.1,-2.1,33,42,33,19,46,Matches
322,Scott McTominay,,sct SCO,MF,Manchester Utd,25-105,1996,20.9,823,965,85.3,15645,4064,335,386,86.8,362,409,88.5,111,135,82.2,1,1.4,-0.4,16,85,9,1,82,Matches
323,Ben Mee,,eng ENG,DF,Burnley,32-181,1989,20.4,539,734,73.4,13349,5065,140,160,87.5,245,295,83.1,148,259,57.1,0,0.1,-0.1,2,54,3,1,47,Matches
324,Benjamin Mendy,,fr FRA,DF,Manchester City,27-249,1994,0.9,73,87,83.9,1355,452,26,30,86.7,38,38,100,8,14,57.1,0,0.3,-0.3,2,6,1,1,8,Matches
325,Edouard Mendy,,sn SEN,GK,Chelsea,30-022,1992,24,550,681,80.8,13094,7299,163,164,99.4,244,250,97.6,132,255,51.8,0,0,0,0,1,0,0,0,Matches
326,Nampalys Mendy,,sn SEN,MF,Leicester City,29-273,1992,1.8,90,92,97.8,1648,302,40,40,100,37,38,97.4,11,11,100,0,0,0,0,7,0,0,3,Matches
327,Illan Meslier,,fr FRA,GK,Leeds United,22-021,2000,29.6,823,1086,75.8,20093,9436,184,185,99.5,428,433,98.8,205,461,44.5,0,0,0,0,0,0,0,0,Matches
328,Luka Milivojevic,,rs SRB,MF,Crystal Palace,30-350,1991,7.2,337,425,79.3,6509,1751,120,139,86.3,157,186,84.4,49,81,60.5,0,0.6,-0.6,7,24,6,2,32,Matches
329,James Milner,,eng ENG,MFDF,Liverpool,36-078,1986,7.1,432,533,81.1,8636,2745,159,184,86.4,198,226,87.6,68,106,64.2,1,1.4,-0.4,10,56,13,2,51,Matches
330,Yerry Mina,,co COL,DF,Everton,27-181,1994,7.2,231,282,81.9,5078,1417,68,78,87.2,105,124,84.7,49,65,75.4,0,0,0,0,14,0,0,10,Matches
331,Takumi Minamino,,jp JPN,FWMF,Liverpool,27-066,1995,1.1,35,41,85.4,513,85,20,25,80,13,14,92.9,1,1,100,0,0.4,-0.4,1,3,0,0,2,Matches
332,Tyrone Mings,,eng ENG,DF,Aston Villa,29-010,1993,26.4,969,1202,80.6,21223,7480,259,303,85.5,541,595,90.9,162,284,57,3,1.2,1.8,8,63,6,1,60,Matches
333,Tyrick Mitchell,,eng ENG,DF,Crystal Palace,22-203,1999,28.9,1148,1573,73,19525,9463,532,605,87.9,506,660,76.7,88,230,38.3,2,1.2,0.8,17,82,33,14,112,Matches
334,Jakub Moder,,pl POL,MFFW,Brighton,22-350,1999,18.8,590,806,73.2,9527,2782,303,366,82.8,223,299,74.6,47,82,57.3,3,1.7,1.3,14,52,19,3,67,Matches
335,Wesley Moraes,,br BRA,FW,Aston Villa,25-117,1996,0,2,2,100,19,10,2,2,100,0,0,,0,0,,0,0,0,0,0,0,0,1,Matches
336,Tyler Morton,,eng ENG,MF,Liverpool,19-143,2002,0.7,32,37,86.5,586,122,14,15,93.3,14,15,93.3,4,6,66.7,0,0,0,0,8,0,0,3,Matches
337,Mason Mount,,eng ENG,MFFW,Chelsea,23-072,1999,18.5,667,861,77.5,10299,3211,371,418,88.8,211,260,81.2,54,119,45.4,7,4.7,2.3,39,40,35,7,78,Matches
338,Lucas Moura,,br BRA,FWMF,Tottenham,29-222,1992,17.1,505,669,75.5,7653,2098,288,334,86.2,180,237,75.9,24,57,42.1,4,3.1,0.9,26,48,26,3,70,Matches
339,Joao Moutinho,,pt POR,MF,Wolves,35-196,1986,25.1,1251,1475,84.8,26004,5171,427,480,89,574,639,89.8,231,314,73.6,1,2.2,-1.2,32,106,15,3,101,Matches
340,Bali Mumba,,eng ENG,DF,Norwich City,20-166,2001,0.5,7,10,70,99,36,5,6,83.3,2,2,100,0,2,0,0,0,0,0,1,0,0,1,Matches
341,Jacob Murphy,,eng ENG,DFFW,Newcastle Utd,27-027,1995,13.5,312,495,63,5509,1998,147,188,78.2,122,171,71.3,35,91,38.5,1,1.7,-0.7,15,22,19,10,32,Matches
342,Enock Mwepu,,zm ZAM,MF,Brighton,24-081,1998,7.1,193,263,73.4,2957,691,104,131,79.4,70,88,79.5,13,28,46.4,3,1.1,1.9,5,9,3,0,14,Matches
343,Vitaliy Mykolenko,,ua UKR,DF,Everton,22-298,1999,2,75,94,79.8,1183,326,40,44,90.9,30,36,83.3,4,10,40,0,0.2,-0.2,1,3,1,0,5,Matches
344,Marvelous Nakamba,,zw ZIM,MF,Aston Villa,28-063,1994,8.4,270,313,86.3,4551,1252,128,145,88.3,118,131,90.1,20,30,66.7,0,0.1,-0.1,3,22,1,0,25,Matches
345,Wilfred Ndidi,,ng NGA,MFDF,Leicester City,25-097,1996,18,757,918,82.5,13270,3273,348,404,86.1,328,369,88.9,67,104,64.4,0,0,0,0,37,4,0,52,Matches
346,Tanguy Ndombele,,fr FRA,MF,Tottenham,25-085,1996,5.4,228,264,86.4,3672,827,120,129,93,81,95,85.3,20,25,80,1,0.4,0.6,4,23,4,0,20,Matches
347,Reiss Nelson,,eng ENG,FW,Arsenal,22-103,1999,0.2,10,11,90.9,117,17,6,6,100,3,3,100,0,0,,0,0,0,1,1,0,0,1,Matches
348,Pedro Neto,,pt POR,MFFW,Wolves,22-014,2000,1.5,57,75,76,929,216,29,30,96.7,23,27,85.2,3,12,25,0,0.2,-0.2,4,1,3,1,6,Matches
349,Ruben Neves,,pt POR,MF,Wolves,25-010,1997,25.2,1385,1680,82.4,33625,6957,297,350,84.9,711,797,89.2,368,496,74.2,2,1.7,0.3,17,169,25,3,120,Matches
350,Jeremy Ngakia,,eng ENG,DF,Watford,21-197,2000,7,220,302,72.8,4103,1947,88,104,84.6,102,126,81,27,61,44.3,0,0.3,-0.3,2,19,6,2,21,Matches
351,Saul Niguez,,es ESP,DFMF,Chelsea,27-122,1994,3.8,211,248,85.1,3535,641,106,116,91.4,76,90,84.4,22,30,73.3,0,0.2,-0.2,2,7,1,1,3,Matches
352,Eddie Nketiah,,eng ENG,FWMF,Arsenal,22-297,1999,1.4,47,55,85.5,732,137,24,28,85.7,21,24,87.5,1,2,50,1,0.7,0.3,3,1,2,0,4,Matches
353,Nicolas Nkoulou,,cm CMR,DF,Watford,31-361,1990,1.9,46,53,86.8,1088,162,10,11,90.9,24,27,88.9,11,14,78.6,0,0,0,1,2,0,0,1,Matches
354,Mark Noble,,eng ENG,MF,West Ham,34-319,1987,1.4,77,90,85.6,1475,396,28,31,90.3,40,42,95.2,9,17,52.9,0,0.2,-0.2,1,7,0,0,4,Matches
355,Mathias Normann,,no NOR,MF,Norwich City,25-299,1996,11.9,323,493,65.5,7359,2501,108,130,83.1,145,203,71.4,66,141,46.8,1,0.4,0.6,6,40,11,2,45,Matches
356,Christian Norgaard,,dk DEN,MF,Brentford,28-013,1994,28.2,1088,1376,79.1,19793,5973,470,566,83,466,554,84.1,127,199,63.8,2,2.2,-0.2,21,128,18,3,138,Matches
357,Angelo Ogbonna,,it ITA,DF,West Ham,33-304,1988,10.2,392,452,86.7,8588,2244,98,103,95.1,226,240,94.2,65,103,63.1,0,0,0,0,18,0,0,10,Matches
358,Michael Olise,,fr FRA,FWMF,Crystal Palace,20-101,2001,10.8,401,540,74.3,7220,2061,188,215,87.4,159,211,75.4,48,97,49.5,5,3,2,18,23,22,5,56,Matches
359,Andrew Omobamidele,,ie IRL,DF,Norwich City,19-273,2002,4.2,196,226,86.7,3981,1133,68,77,88.3,94,103,91.3,32,42,76.2,0,0,0,0,11,0,0,13,Matches
360,Tyler Onyango,,eng ENG,MFFW,Everton,19-019,2003,0.3,0,1,0,0,0,0,0,,0,1,0,0,0,,0,0,0,0,0,0,0,0,Matches
361,Frank Onyeka,,ng NGA,MF,Brentford,24-081,1998,11.6,261,328,79.6,4459,935,116,141,82.3,113,130,86.9,26,40,65,0,0.2,-0.2,4,19,6,0,22,Matches
362,Divock Origi,,be BEL,FW,Liverpool,26-339,1995,0.8,16,20,80,168,34,12,16,75,2,2,100,0,0,,0,0,0,0,1,0,0,1,Matches
363,Alex Oxlade-Chamberlain,,eng ENG,MFFW,Liverpool,28-220,1993,8.7,318,402,79.1,6344,1474,125,149,83.9,130,152,85.5,55,80,68.8,1,0.9,0.1,9,40,16,3,45,Matches
364,Cole Palmer,,eng ENG,FWMF,Manchester City,19-321,2002,1.4,45,53,84.9,621,114,29,31,93.5,11,14,78.6,4,6,66.7,0,0.2,-0.2,2,2,4,0,5,Matches
365,Emerson Palmieri,,it ITA,DF,Chelsea,27-232,1994,0.1,1,2,50,8,0,1,1,100,0,0,,0,0,,0,0,0,0,0,0,0,0,Matches
366,Thomas Partey,,gh GHA,MF,Arsenal,28-283,1993,21.7,978,1136,86.1,18872,4635,403,446,90.4,406,456,89,153,204,75,1,1.3,-0.3,18,109,13,0,115,Matches
367,Joao Pedro,,br BRA,FWMF,Watford,20-178,2001,11.3,235,346,67.9,3985,1213,126,175,72,76,106,71.7,25,44,56.8,1,2,-1,14,29,18,3,42,Matches
368,Nicolas Pepe,,ci CIV,FWMF,Arsenal,26-298,1995,6.7,243,307,79.2,3689,928,143,165,86.7,74,91,81.3,16,36,44.4,1,1.6,-0.6,12,9,8,2,13,Matches
369,Ricardo Pereira,,pt POR,DF,Leicester City,28-168,1993,9.8,463,575,80.5,7303,2513,260,290,89.7,173,202,85.6,26,55,47.3,2,1.2,0.8,9,15,15,3,35,Matches
370,Ayoze Perez,,es ESP,FWMF,Leicester City,28-243,1993,2.4,58,72,80.6,873,258,35,41,85.4,16,22,72.7,5,6,83.3,2,0.7,1.3,6,6,2,0,11,Matches
371,Sonny Perkins,,eng ENG,FW,West Ham,18-041,2004,0,0,1,0,0,0,0,0,,0,1,0,0,0,,0,0,0,0,0,0,0,0,Matches
372,Romain Perraud,,fr FRA,DF,Southampton,24-182,1997,13.4,372,566,65.7,5601,2405,203,237,85.7,143,221,64.7,13,65,20,1,0.5,0.5,7,21,10,3,34,Matches
373,Kalvin Phillips,,eng ENG,MF,Leeds United,26-111,1995,11.1,514,626,82.1,11735,2856,137,165,83,261,281,92.9,111,165,67.3,1,0.2,0.8,6,53,8,2,42,Matches
374,Jaden Philogene Bidace,,eng ENG,FW,Aston Villa,19-309,2002,0.1,0,0,,0,0,0,0,,0,0,,0,0,,0,0,0,0,0,0,0,0,Matches
375,Jordan Pickford,,eng ENG,GK,Everton,28-016,1994,25,431,800,53.9,17148,12039,51,51,100,146,149,98,232,598,38.8,0,0.1,-0.1,3,26,0,0,0,Matches
376,Erik Pieters,,nl NED,DF,Burnley,33-228,1988,7.9,237,339,69.9,3973,1626,119,146,81.5,94,120,78.3,19,56,33.9,0,0,0,0,17,1,0,19,Matches
377,Ethan Pinnock,,jm JAM,DF,Brentford,28-298,1993,27.7,1095,1439,76.1,22114,8279,366,425,86.1,551,700,78.7,165,283,58.3,1,1.2,-0.2,10,66,7,3,56,Matches
378,Daniel Podence,,pt POR,FWMF,Wolves,26-153,1995,15.6,434,593,73.2,7181,2202,230,282,81.6,138,183,75.4,49,85,57.6,3,3.7,-0.7,32,32,32,9,70,Matches
379,Paul Pogba,,fr FRA,MFFW,Manchester Utd,29-008,1993,12.6,599,721,83.1,12246,3116,246,283,86.9,222,253,87.7,113,143,79,9,3.5,5.5,24,89,22,5,80,Matches
380,Nick Pope,,eng ENG,GK,Burnley,29-338,1992,25,355,729,48.7,17002,14159,19,21,90.5,74,77,96.1,261,628,41.6,0,0.2,-0.2,3,35,1,0,0,Matches
381,Teemu Pukki,,fi FIN,FW,Norwich City,31-359,1990,27.2,294,398,73.9,4569,632,167,208,80.3,103,135,76.3,19,25,76,2,1.5,0.5,16,14,5,1,20,Matches
382,Christian Pulisic,,us USA,MFFW,Chelsea,23-186,1998,10.5,271,342,79.2,3967,765,173,199,86.9,84,105,80,10,16,62.5,1,0.7,0.3,10,10,6,0,17,Matches
383,Przemyslaw Placheta,,pl POL,FWMF,Norwich City,24-000,1998,4.9,94,141,66.7,1639,479,49,60,81.7,29,41,70.7,12,24,50,0,0.3,-0.3,2,5,4,2,9,Matches
384,Jesuran Rak Sakyi,,eng ENG,MF,Crystal Palace,19-169,2002,0.2,10,12,83.3,136,25,6,6,100,2,3,66.7,1,1,100,0,0,0,0,0,0,0,0,Matches
385,Aaron Ramsdale,,eng ENG,GK,Arsenal,23-313,1998,24,567,842,67.3,16671,10228,131,133,98.5,246,250,98.4,189,457,41.4,0,0,0,0,22,0,0,0,Matches
386,Jacob Ramsey,,eng ENG,MF,Aston Villa,20-299,2001,21.4,672,788,85.3,11997,3060,306,344,89,273,308,88.6,79,100,79,1,1.9,-0.9,16,71,18,2,74,Matches
387,Marcus Rashford,,eng ENG,FWMF,Manchester Utd,24-143,1997,10.4,227,333,68.2,3338,678,136,183,74.3,71,97,73.2,13,30,43.3,2,2,0,9,13,11,3,22,Matches
388,Milot Rashica,,xk KVX,FWMF,Norwich City,25-268,1996,18,277,446,62.1,5495,1694,119,150,79.3,107,156,68.6,47,121,38.8,2,2,0,29,22,18,8,31,Matches
389,David Raya,,es ESP,GK,Brentford,26-189,1995,16,456,723,63.1,15983,10766,70,70,100,174,178,97.8,210,472,44.5,0,0,0,0,25,1,0,1,Matches
390,Nathan Redmond,,eng ENG,MFFW,Southampton,28-017,1994,15.1,373,531,70.2,6254,1961,190,231,82.3,134,192,69.8,34,81,42,5,3.6,1.4,28,24,36,12,60,Matches
391,Sergio Reguilon,,es ESP,DF,Tottenham,25-097,1996,19.5,699,923,75.7,12288,3905,336,395,85.1,288,365,78.9,66,125,52.8,3,4,-1,30,31,27,20,48,Matches
392,Declan Rice,,eng ENG,MF,West Ham,23-068,1999,28,1467,1629,90.1,29511,6994,550,592,92.9,662,717,92.3,239,289,82.7,4,1.8,2.2,20,183,25,8,114,Matches
393,Taylor Richards,,eng ENG,MFFW,Brighton,21-109,2000,0.3,23,27,85.2,431,111,7,8,87.5,12,14,85.7,3,3,100,0,0,0,0,2,0,0,2,Matches
394,Richarlison,,br BRA,FWMF,Everton,24-317,1997,18.2,214,325,65.8,3237,715,106,143,74.1,83,107,77.6,12,25,48,3,1.9,1.1,16,13,9,1,22,Matches
395,Jairo Riedewald,,nl NED,MF,Crystal Palace,25-195,1996,1.3,45,54,83.3,920,217,13,16,81.3,26,27,96.3,6,9,66.7,0,0.1,-0.1,2,3,0,0,4,Matches
396,Matt Ritchie,,sct SCO,DF,Newcastle Utd,32-194,1989,14.6,492,679,72.5,10003,5116,220,246,89.4,170,210,81,96,206,46.6,2,1.6,0.4,29,38,15,7,47,Matches
397,Connor Roberts,,wls WAL,DF,Burnley,26-181,1995,10.2,274,438,62.6,5160,2499,121,136,89,115,175,65.7,37,114,32.5,1,0.3,0.7,6,24,10,4,34,Matches
398,Tyler Roberts,,wls WAL,MFFW,Leeds United,23-070,1999,11,222,301,73.8,3529,831,119,145,82.1,67,90,74.4,22,38,57.9,1,1.2,-0.2,15,18,12,3,24,Matches
399,Andrew Robertson,,sct SCO,DF,Liverpool,28-012,1994,21.5,1386,1734,79.9,24969,9162,636,702,90.6,607,719,84.4,136,265,51.3,10,4.9,5.1,48,104,40,11,145,Matches
400,Joe Rodon,,wls WAL,DF,Tottenham,24-152,1997,0.9,17,18,94.4,370,118,4,4,100,10,11,90.9,3,3,100,0,0,0,0,1,0,0,0,Matches
401,Rodri,,es ESP,MF,Manchester City,25-274,1996,23.4,1883,2040,92.3,39032,7502,636,677,93.9,916,971,94.3,319,365,87.4,1,1.2,-0.2,21,184,28,1,140,Matches
402,Rodrigo,,es ESP,MFFW,Leeds United,31-017,1991,18.1,487,646,75.4,8482,2279,252,318,79.2,160,198,80.8,59,85,69.4,1,3.8,-2.8,32,55,28,7,62,Matches
403,Jay Rodriguez,,eng ENG,FW,Burnley,32-237,1989,10.5,136,201,67.7,1837,473,91,119,76.5,31,57,54.4,6,12,50,2,1.8,0.2,9,14,0,0,11,Matches
404,Mads Roerslev,,dk DEN,DF,Brentford,22-272,1999,10.5,164,252,65.1,2989,955,66,83,79.5,74,107,69.2,20,45,44.4,1,0.6,0.4,5,10,6,5,25,Matches
405,Cristian Romero,,ar ARG,DF,Tottenham,23-330,1998,14.5,783,895,87.5,15668,5271,283,307,92.2,379,408,92.9,115,160,71.9,0,0.3,-0.3,5,42,5,0,39,Matches
406,Oriol Romeu,,es ESP,MF,Southampton,30-180,1991,25.7,1198,1418,84.5,23226,5271,507,579,87.6,503,577,87.2,170,223,76.2,1,2.1,-1.1,25,108,19,2,105,Matches
407,Cristiano Ronaldo,,pt POR,FW,Manchester Utd,37-046,1985,21.3,528,649,81.4,7285,1135,335,390,85.9,151,184,82.1,19,24,79.2,3,2.7,0.3,19,29,14,0,40,Matches
408,Salomon Rondon,,ve VEN,FW,Everton,32-188,1989,7.9,115,169,68,1469,231,71,94,75.5,24,42,57.1,5,9,55.6,0,0.6,-0.6,6,7,1,0,3,Matches
409,Danny Rose,,eng ENG,DF,Watford,31-264,1990,7.7,221,331,66.8,4636,2661,81,91,89,97,132,73.5,39,88,44.3,0,0.8,-0.8,5,24,7,1,32,Matches
410,Jon Rowe,,eng ENG,FWMF,Norwich City,18-327,2003,1.2,28,39,71.8,329,81,19,22,86.4,6,9,66.7,0,1,0,1,0.2,0.8,2,1,0,0,1,Matches
411,Antonio Rudiger,,de GER,DF,Chelsea,29-020,1993,26,1608,1837,87.5,34593,10761,481,512,93.9,853,917,93,264,381,69.3,0,1.1,-1.1,11,163,24,4,126,Matches
412,Lukas Rupp,,de GER,MF,Norwich City,31-074,1991,6.5,277,328,84.5,4795,1055,132,141,93.6,107,122,87.7,29,45,64.4,0,1.2,-1.2,8,15,4,1,22,Matches
413,Jose Sa,,pt POR,GK,Wolves,29-065,1993,30,587,877,66.9,17319,9877,114,114,100,240,244,98.4,226,511,44.2,1,1,0,4,11,2,0,1,Matches
414,Allan Saint-Maximin,,fr FRA,FWMF,Newcastle Utd,25-011,1997,22.7,391,550,71.1,6468,1550,201,252,79.8,141,186,75.8,36,67,53.7,3,4.5,-1.5,41,32,22,6,41,Matches
415,Romain Saiss,,ma MAR,DF,Wolves,31-362,1990,27.4,1278,1551,82.4,27085,12654,377,416,90.6,689,777,88.7,204,332,61.4,0,0.3,-0.3,5,138,1,0,108,Matches
416,Bukayo Saka,,eng ENG,FWMF,Arsenal,20-199,2001,23.7,649,871,74.5,9799,2349,377,449,84,207,265,78.1,42,90,46.7,5,5.6,-0.6,46,23,27,7,53,Matches
417,Mohamed Salah,,eg EGY,FW,Liverpool,29-281,1992,25.1,709,910,77.9,9991,2834,458,517,88.6,204,272,75,29,59,49.2,10,8.5,1.5,49,28,47,5,99,Matches
418,Mohammed Salisu,,gh GHA,DF,Southampton,22-340,1999,26,1146,1456,78.7,22457,9104,406,474,85.7,598,691,86.5,132,266,49.6,0,0.5,-0.5,7,131,4,1,96,Matches
419,Albert Sambi Lokonga,,be BEL,MF,Arsenal,22-152,1999,10.1,537,602,89.2,9775,2230,236,256,92.2,221,239,92.5,68,92,73.9,0,0.6,-0.6,13,49,14,1,44,Matches
420,Davinson Sanchez,,co COL,DF,Tottenham,25-284,1996,14.8,740,834,88.7,15090,4379,237,251,94.4,390,415,94,104,149,69.8,0,0.1,-0.1,2,56,6,1,43,Matches
421,Robert Sanchez,,es ESP,GK,Brighton,24-125,1997,28,862,1196,72.1,24583,12505,142,143,99.3,444,455,97.6,276,595,46.4,0,0.4,-0.4,3,23,2,0,1,Matches
422,Jadon Sancho,,eng ENG,FWMF,Manchester Utd,21-363,2000,16.6,632,764,82.7,9024,2044,382,436,87.6,206,246,83.7,24,39,61.5,3,3.8,-0.8,34,22,26,5,54,Matches
423,Morgan Sanson,,fr FRA,MF,Aston Villa,27-217,1994,3.2,101,133,75.9,1823,418,49,52,94.2,44,57,77.2,7,17,41.2,0,0,0,1,13,1,0,8,Matches
424,Samir Santos,,br BRA,DF,Watford,27-108,1994,11,360,434,82.9,7718,2133,102,110,92.7,194,213,91.1,58,102,56.9,0,0,0,0,15,1,0,15,Matches
425,Josh Sargent,,us USA,FWMF,Norwich City,22-031,2000,17.3,295,399,73.9,3940,877,198,240,82.5,79,110,71.8,11,18,61.1,1,0.7,0.3,13,6,4,0,21,Matches
426,Jeremy Sarmiento,,ec ECU,FW,Brighton,19-280,2002,0.2,5,7,71.4,76,14,3,5,60,2,2,100,0,0,,0,0,0,0,2,0,0,0,Matches
427,Ismaila Sarr,,sn SEN,FWMF,Watford,24-026,1998,14.9,257,355,72.4,4230,1027,148,186,79.6,74,99,74.7,27,46,58.7,1,2.2,-1.2,16,16,17,3,35,Matches
428,Malang Sarr,,fr FRA,DF,Chelsea,23-059,1999,4.7,289,325,88.9,5235,1492,112,120,93.3,143,150,95.3,29,46,63,0,0.3,-0.3,2,14,1,0,14,Matches
429,Dane Scarlett,,eng ENG,MF,Tottenham,17-364,2004,0,1,1,100,12,0,1,1,100,0,0,,0,0,,0,0,0,0,0,0,0,0,Matches
430,Fabian Schar,,ch SUI,DF,Newcastle Utd,30-093,1991,18.8,497,716,69.4,13051,5259,114,140,81.4,236,275,85.8,146,294,49.7,2,0.4,1.6,2,55,9,1,30,Matches
431,Jeffrey Schlupp,,gh GHA,MFFW,Crystal Palace,29-090,1992,14.4,321,438,73.3,5766,1623,135,170,79.4,147,190,77.4,34,54,63,1,1.1,-0.1,10,28,4,1,33,Matches
432,Kasper Schmeichel,,dk DEN,GK,Leicester City,35-138,1986,27,677,963,70.3,21660,11918,76,77,98.7,306,308,99.4,293,576,50.9,0,0,0,1,7,1,0,1,Matches
433,Ken Sema,,se SWE,MFFW,Watford,28-174,1993,6.1,81,139,58.3,1278,374,43,54,79.6,26,42,61.9,6,25,24,0,0.6,-0.6,4,5,2,2,3,Matches
434,Nelson Semedo,,pt POR,DF,Wolves,28-127,1993,22.1,840,1070,78.5,12756,4697,478,530,90.2,302,369,81.8,44,120,36.7,1,1.1,-0.1,14,47,8,2,66,Matches
435,Ryan Sessegnon,,eng ENG,DFMF,Tottenham,21-309,2000,6,145,197,73.6,2361,723,79,95,83.2,52,67,77.6,12,24,50,1,0.8,0.2,5,5,9,3,16,Matches
436,Jamie Shackleton,,eng ENG,DFMF,Leeds United,22-166,1999,7.6,340,394,86.3,5565,1629,169,184,91.8,141,160,88.1,25,31,80.6,0,0,0,2,20,3,0,18,Matches
437,Luke Shaw,,eng ENG,DF,Manchester Utd,26-254,1995,17.3,905,1135,79.7,15021,5807,483,532,90.8,321,383,83.8,86,173,49.7,3,3.1,-0.1,37,56,16,5,76,Matches
438,Jonjo Shelvey,,eng ENG,MF,Newcastle Utd,30-024,1992,17,586,730,80.3,14052,4093,183,199,92,234,275,85.1,161,239,67.4,1,0.7,0.3,14,73,9,0,58,Matches
439,Francisco Sierralta,,cl CHI,DF,Watford,24-321,1997,4.7,143,169,84.6,3478,939,20,22,90.9,84,89,94.4,36,54,66.7,0,0,0,0,3,0,0,3,Matches
440,Bernardo Silva,,pt POR,MFFW,Manchester City,27-225,1994,26.7,1395,1581,88.2,21877,3379,785,839,93.6,483,542,89.1,93,127,73.2,2,4.5,-2.5,44,79,33,7,68,Matches
441,Fabio Silva,,pt POR,FWMF,Wolves,19-247,2002,2.9,47,72,65.3,628,129,33,41,80.5,12,18,66.7,1,3,33.3,0,0.1,-0.1,2,1,4,0,8,Matches
442,Thiago Silva,,br BRA,DF,Chelsea,37-182,1984,21.3,1609,1741,92.4,34701,11962,466,481,96.9,858,895,95.9,273,340,80.3,0,0.1,-0.1,4,135,12,0,90,Matches
443,Ellis Simms,,eng ENG,FW,Everton,21-077,2001,0.7,8,15,53.3,89,14,6,10,60,2,5,40,0,0,,0,0,0,0,0,0,0,0,Matches
444,Moussa Sissoko,,fr FRA,MF,Watford,32-219,1989,26.8,720,895,80.4,13015,3752,346,395,87.6,266,335,79.4,92,127,72.4,1,2.4,-1.4,30,64,16,7,87,Matches
445,Oliver Skipp,,eng ENG,MF,Tottenham,21-188,2000,15,736,822,89.5,13204,3036,313,336,93.2,343,371,92.5,73,95,76.8,0,0.9,-0.9,7,77,9,1,69,Matches
446,William Smallbone,,ie IRL,MFFW,Southampton,22-030,2000,1.3,14,27,51.9,194,65,9,13,69.2,4,9,44.4,1,3,33.3,0,0.1,-0.1,1,0,0,0,1,Matches
447,Emile Smith Rowe,,eng ENG,MFFW,Arsenal,21-238,2000,16.7,552,645,85.6,8459,1764,308,336,91.7,196,215,91.2,32,68,47.1,2,2,0,23,21,21,0,49,Matches
448,Cedric Soares,,pt POR,DF,Arsenal,30-204,1991,9.2,449,559,80.3,7674,2525,219,243,90.1,170,199,85.4,50,95,52.6,0,0.5,-0.5,7,33,15,10,27,Matches
449,Tomas Soucek,,cz CZE,MF,West Ham,27-024,1995,27.9,862,1102,78.2,16013,3540,378,472,80.1,346,426,81.2,119,166,71.7,1,1.4,-0.4,14,79,14,3,84,Matches
450,Boubakary Soumare,,fr FRA,MF,Leicester City,23-024,1999,11.5,413,506,81.6,7210,1731,182,221,82.4,180,205,87.8,40,63,63.5,1,0.2,0.8,4,31,4,0,36,Matches
451,Caglar Soyuncu,,tr TUR,DF,Leicester City,25-304,1996,23.7,1278,1500,85.2,25744,8068,407,439,92.7,697,747,93.3,161,288,55.9,0,0.1,-0.1,2,56,3,2,41,Matches
452,Jason Steele,,eng ENG,GK,Brighton,31-217,1990,1,34,38,89.5,824,323,8,8,100,19,19,100,7,11,63.6,0,0,0,0,0,0,0,0,Matches
453,Jed Steer,,eng ENG,GK,Aston Villa,29-181,1992,1,27,36,75,759,560,2,2,100,16,16,100,9,18,50,0,0,0,0,0,0,0,0,Matches
454,Zack Steffen,,us USA,GK,Manchester City,26-355,1995,1,33,38,86.8,638,313,18,18,100,10,10,100,5,10,50,0,0,0,0,0,0,0,0,Matches
455,Dale Stephens,,eng ENG,MF,Burnley,32-284,1989,1.4,44,57,77.2,835,214,16,23,69.6,21,25,84,6,7,85.7,0,0,0,1,2,1,0,3,Matches
456,Jack Stephens,,eng ENG,DF,Southampton,28-055,1994,7,281,353,79.6,5848,1861,92,99,92.9,139,164,84.8,46,81,56.8,0,0.3,-0.3,4,16,0,0,20,Matches
457,Raheem Sterling,,eng ENG,FW,Manchester City,27-105,1994,17.4,585,704,83.1,8350,1696,369,410,90,183,217,84.3,21,37,56.8,1,3.4,-2.4,29,14,40,5,58,Matches
458,Finley Stevens,,wls WAL,DF,Brentford,18-347,2003,0.2,5,8,62.5,94,51,2,3,66.7,3,4,75,0,1,0,0,0,0,1,0,1,0,2,Matches
459,John Stones,,eng ENG,DF,Manchester City,27-299,1994,9.6,720,771,93.4,14533,3469,252,268,94,362,372,97.3,102,123,82.9,0,0.1,-0.1,2,58,2,0,32,Matches
460,Pascal Struijk,,nl NED,DFMF,Leeds United,22-224,1999,19.8,950,1080,88,20394,5430,268,294,91.2,520,553,94,155,212,73.1,0,0.2,-0.2,5,54,2,0,63,Matches
461,Crysencio Summerville,,nl NED,MFFW,Leeds United,20-144,2001,1.4,48,63,76.2,672,172,26,31,83.9,17,24,70.8,2,4,50,0,0,0,1,3,4,0,6,Matches
462,Jakob Sorensen,,dk DEN,DFMF,Norwich City,24-020,1998,4.1,147,176,83.5,3168,847,48,56,85.7,66,72,91.7,30,43,69.8,0,0,0,0,12,0,0,7,Matches
463,Japhet Tanganga,,eng ENG,DF,Tottenham,22-357,1999,8.2,327,396,82.6,5889,1750,148,167,88.6,144,170,84.7,30,51,58.8,0,0.4,-0.4,2,9,5,1,18,Matches
464,Matt Targett,,eng ENG,DF,Newcastle Utd,26-186,1995,7,271,377,71.9,4850,2368,124,142,87.3,110,141,78,29,76,38.2,0,0.9,-0.9,14,17,9,2,25,Matches
465,Matt Targett,,eng ENG,DF,Aston Villa,26-186,1995,15.9,599,805,74.4,11681,5580,244,288,84.7,272,327,83.2,74,151,49,1,2.2,-1.2,22,67,23,8,94,Matches
466,James Tarkowski,,eng ENG,DF,Burnley,29-124,1992,25,551,786,70.1,13935,5494,135,176,76.7,247,326,75.8,163,268,60.8,2,0.4,1.6,5,68,9,0,61,Matches
467,Nuno Tavares,,pt POR,DF,Arsenal,22-056,2000,7,334,404,82.7,6023,1652,155,173,89.6,141,160,88.1,34,54,63,1,0.8,0.2,5,12,6,3,13,Matches
468,Charlie Taylor,,eng ENG,DF,Burnley,28-186,1993,19.3,607,864,70.3,11170,4841,291,334,87.1,224,291,77,80,202,39.6,1,1.7,-0.7,12,39,16,11,57,Matches
469,Nathan Tella,,eng ENG,MFFW,Southampton,22-261,1999,6.5,83,136,61,1206,324,53,64,82.8,24,42,57.1,4,17,23.5,0,0.7,-0.7,5,5,3,2,8,Matches
470,Alex Telles,,br BRA,DF,Manchester Utd,29-098,1992,11.1,507,685,74,8203,3340,269,308,87.3,191,236,80.9,37,113,32.7,2,1,1,16,34,11,5,36,Matches
471,Luke Thomas,,eng ENG,DF,Leicester City,20-286,2001,17.2,818,1012,80.8,13029,4866,412,447,92.2,348,409,85.1,43,107,40.2,1,1.3,-0.3,9,55,10,0,57,Matches
472,Dominic Thompson,,eng ENG,DF,Brentford,21-240,2000,1.6,21,41,51.2,338,92,10,14,71.4,8,10,80,2,13,15.4,0,0,0,0,0,0,0,1,Matches
473,Youri Tielemans,,be BEL,MF,Leicester City,24-320,1997,20.1,941,1162,81,17418,4799,407,463,87.9,410,471,87,109,192,56.8,2,3.3,-1.3,29,100,20,3,112,Matches
474,Kieran Tierney,,sct SCO,DF,Arsenal,24-291,1997,21.3,904,1164,77.7,17193,5517,352,400,88,449,523,85.9,92,199,46.2,3,1.9,1.1,22,73,25,16,76,Matches
475,Takehiro Tomiyasu,,jp JPN,DF,Arsenal,23-138,1998,15.4,715,899,79.5,12829,4758,328,376,87.2,299,371,80.6,78,123,63.4,1,0.6,0.4,10,58,15,12,46,Matches
476,James Tomkins,,eng ENG,DF,Crystal Palace,32-359,1989,6.1,276,314,87.9,6692,1750,46,51,90.2,167,177,94.4,62,82,75.6,0,0.4,-0.4,2,5,0,0,9,Matches
477,Ivan Toney,,eng ENG,FW,Brentford,26-007,1996,24.3,321,565,56.8,4723,1719,189,287,65.9,94,175,53.7,23,53,43.4,2,4.2,-2.2,26,44,20,2,56,Matches
478,Ferran Torres,,es ESP,FW,Manchester City,22-022,2000,3.4,55,72,76.4,834,75,29,36,80.6,18,21,85.7,5,6,83.3,1,0,1,1,2,1,0,2,Matches
479,Cenk Tosun,,tr TUR,FW,Everton,30-289,1991,0.1,2,2,100,37,0,1,1,100,1,1,100,0,0,,0,0,0,0,0,0,0,0,Matches
480,Andros Townsend,,eng ENG,MF,Everton,30-250,1991,16.2,342,487,70.2,5948,2075,162,190,85.3,138,175,78.9,37,96,38.5,2,2.4,-0.4,30,18,28,13,46,Matches
481,Adama Traore,,es ESP,FW,Wolves,26-057,1996,11.9,245,329,74.5,4223,794,125,159,78.6,85,113,75.2,31,41,75.6,0,1.7,-1.7,19,17,15,7,23,Matches
482,Bertrand Traore,,bf BFA,FWMF,Aston Villa,26-198,1995,2,50,65,76.9,961,229,21,24,87.5,22,28,78.6,7,8,87.5,0,0,0,0,4,4,0,10,Matches
483,Trezeguet,,eg EGY,FW,Aston Villa,27-173,1994,0.1,6,6,100,97,37,5,5,100,0,0,,1,1,100,0,0,0,0,2,1,0,1,Matches
484,Francisco Trincao,,pt POR,FWMF,Wolves,22-084,1999,12.7,309,395,78.2,5189,1151,157,181,86.7,115,138,83.3,29,49,59.2,1,1.2,-0.2,15,24,11,4,28,Matches
485,Kieran Trippier,,eng ENG,DF,Newcastle Utd,31-185,1990,3.5,137,201,68.2,3016,1718,50,55,90.9,52,79,65.8,32,59,54.2,0,0.4,-0.4,6,14,5,0,16,Matches
486,William Troost-Ekong,,ng NGA,DF,Watford,28-203,1993,15.3,437,554,78.9,11491,3654,64,77,83.1,242,270,89.6,130,200,65,0,0.1,-0.1,1,29,1,0,31,Matches
487,Leandro Trossard,,be BEL,FWMF,Brighton,27-109,1994,24.4,721,924,78,12981,2718,359,419,85.7,245,312,78.5,96,130,73.8,1,2,-1,33,63,46,5,100,Matches
488,Kostas Tsimikas,,gr GRE,DF,Liverpool,25-315,1996,7.4,352,489,72,6417,2319,149,169,88.2,156,197,79.2,41,95,43.2,2,1.7,0.3,18,18,9,6,35,Matches
489,Axel Tuanzebe,,eng ENG,DF,Aston Villa,24-129,1997,5.6,197,227,86.8,4287,1116,50,55,90.9,104,115,90.4,39,53,73.6,0,0,0,0,3,0,0,6,Matches
490,Ozan Tufan,,tr TUR,MF,Watford,27-000,1995,3.7,85,122,69.7,1564,425,40,48,83.3,35,44,79.5,9,21,42.9,0,0.2,-0.2,4,13,1,0,11,Matches
491,Christos Tzolis,,gr GRE,FWMF,Norwich City,20-052,2002,3.4,66,88,75,1160,300,33,38,86.8,23,28,82.1,8,16,50,0,1,-1,8,3,2,1,6,Matches
492,Yan Valery,,fr FRA,DF,Southampton,23-029,1999,1.5,47,68,69.1,832,266,21,27,77.8,22,29,75.9,3,10,30,0,0.1,-0.1,1,8,1,1,4,Matches
493,Raphael Varane,,fr FRA,DF,Manchester Utd,28-332,1993,15.3,751,836,89.8,17309,4470,170,180,94.4,415,447,92.8,161,199,80.9,1,0.1,0.9,3,60,0,0,34,Matches
494,Jamie Vardy,,eng ENG,FW,Leicester City,35-071,1987,15.6,149,206,72.3,2380,506,73,97,75.3,61,80,76.3,8,14,57.1,2,1.4,0.6,18,10,15,2,21,Matches
495,Joel Veltman,,nl NED,DF,Brighton,30-067,1992,22.9,1122,1407,79.7,22125,7998,375,417,89.9,606,725,83.6,129,214,60.3,1,1,0,14,94,16,6,93,Matches
496,Jannik Vestergaard,,dk DEN,DF,Leicester City,29-232,1992,6.3,328,357,91.9,7332,2082,87,91,95.6,180,188,95.7,57,70,81.4,0,0,0,1,12,0,0,15,Matches
497,Nikola Vlasic,,hr CRO,FWMF,West Ham,24-170,1997,5.1,134,172,77.9,1913,312,81,88,92,42,55,76.4,5,15,33.3,0,0.4,-0.4,7,2,4,0,10,Matches
498,Matej Vydra,,cz CZE,FW,Burnley,29-326,1992,5,48,72,66.7,559,113,30,44,68.2,10,14,71.4,1,2,50,1,0.2,0.8,4,1,0,0,3,Matches
499,Theo Walcott,,eng ENG,MFFW,Southampton,33-007,1989,4.2,61,86,70.9,842,142,36,43,83.7,22,32,68.8,2,4,50,0,0,0,1,2,1,0,3,Matches
500,Kyle Walker,,eng ENG,DF,Manchester City,31-299,1990,17.5,1339,1500,89.3,26034,6942,525,554,94.8,631,689,91.6,175,230,76.1,2,1.2,0.8,13,161,18,5,78,Matches
501,Kyle Walker-Peters,,eng ENG,DF,Southampton,24-344,1997,20.3,816,1021,79.9,13249,4765,429,486,88.3,322,392,82.1,54,96,56.3,2,2.4,-0.4,21,57,31,2,105,Matches
502,Aaron Wan-Bissaka,,eng ENG,DF,Manchester Utd,24-117,1997,17.9,857,1021,83.9,12743,4208,507,551,92,279,322,86.6,44,83,53,0,0.9,-0.9,14,37,12,7,48,Matches
503,Joel Ward,,eng ENG,DF,Crystal Palace,32-145,1989,23,1148,1439,79.8,21231,7603,490,548,89.4,526,608,86.5,122,244,50,0,0.5,-0.5,6,76,14,4,63,Matches
504,James Ward-Prowse,,eng ENG,MF,Southampton,27-142,1994,26.7,1304,1649,79.1,24287,7535,562,602,93.4,547,621,88.1,171,379,45.1,4,5.3,-1.3,56,128,17,8,98,Matches
505,Ollie Watkins,,eng ENG,FW,Aston Villa,26-083,1995,24.1,389,533,73,5415,1073,239,302,79.1,108,149,72.5,19,32,59.4,1,2.4,-1.4,22,22,20,1,40,Matches
506,Adam Webster,,eng ENG,DF,Brighton,27-078,1995,13,824,982,83.9,17694,6127,222,251,88.4,468,507,92.3,125,203,61.6,0,0.1,-0.1,1,85,1,0,59,Matches
507,Wout Weghorst,,nl NED,FW,Burnley,29-228,1992,8.4,143,219,65.3,1694,449,102,140,72.9,27,45,60,5,10,50,2,0.5,1.5,4,9,5,0,13,Matches
508,Danny Welbeck,,eng ENG,FWMF,Brighton,31-117,1990,8.1,99,123,80.5,1179,165,71,82,86.6,21,26,80.8,3,4,75,0,0.1,-0.1,3,4,5,0,7,Matches
509,Timo Werner,,de GER,FWMF,Chelsea,26-017,1996,8.2,154,210,73.3,2081,362,99,116,85.3,45,60,75,5,13,38.5,1,0.2,0.8,2,5,7,0,12,Matches
510,Ashley Westwood,,eng ENG,MF,Burnley,31-356,1990,22.1,752,1062,70.8,15500,5260,288,329,87.5,307,393,78.1,145,304,47.7,3,3.4,-0.4,28,90,29,2,93,Matches
511,Ben White,,eng ENG,DF,Arsenal,24-166,1997,26,1218,1415,86.1,24986,7752,395,429,92.1,654,702,93.2,160,260,61.5,0,0.5,-0.5,8,97,5,0,69,Matches
512,Brandon Williams,,eng ENG,DF,Norwich City,21-201,2000,21.5,811,1009,80.4,14795,5459,344,382,90.1,386,471,82,76,134,56.7,1,1.3,-0.3,18,40,18,4,76,Matches
513,Neco Williams,,wls WAL,DF,Liverpool,20-344,2001,0.1,8,8,100,153,32,1,1,100,5,5,100,1,1,100,1,0.6,0.4,1,0,0,0,0,Matches
514,Joe Willock,,eng ENG,MF,Newcastle Utd,22-215,1999,19.5,377,471,80,6266,1587,195,235,83,134,156,85.9,34,54,63,0,1,-1,15,30,8,3,34,Matches
515,Callum Wilson,,eng ENG,FW,Newcastle Utd,30-024,1992,13.2,105,154,68.2,1552,289,51,73,69.9,37,50,74,6,11,54.5,0,0.4,-0.4,8,7,3,1,6,Matches
516,Harry Winks,,eng ENG,MF,Tottenham,26-049,1996,9.4,522,608,85.9,10244,3061,200,216,92.6,230,259,88.8,78,111,70.3,1,1.5,-0.5,11,58,14,0,66,Matches
517,Yoane Wissa,,cd COD,FWMF,Brentford,25-201,1996,9.6,126,184,68.5,1961,447,70,90,77.8,40,60,66.7,13,18,72.2,0,0.4,-0.4,5,8,6,1,16,Matches
518,Chris Wood,,nz NZL,FW,Newcastle Utd,30-106,1991,10,128,240,53.3,1581,378,85,149,57,29,58,50,5,9,55.6,0,0.8,-0.8,9,14,1,0,8,Matches
519,Chris Wood,,nz NZL,FW,Burnley,30-106,1991,15.2,182,308,59.1,2670,566,120,188,63.8,47,81,58,12,16,75,0,0.2,-0.2,7,17,5,0,19,Matches
520,Freddie Woodman,,eng ENG,GK,Newcastle Utd,25-019,1997,4,74,123,60.2,2481,1475,8,8,100,34,34,100,31,80,38.8,0,0,0,0,6,0,0,0,Matches
521,Granit Xhaka,,ch SUI,MF,Arsenal,29-177,1992,16.2,748,869,86.1,13774,3808,310,347,89.3,327,363,90.1,92,120,76.7,1,1.6,-0.6,22,101,18,1,90,Matches
522,Andriy Yarmolenko,,ua UKR,FWMF,West Ham,32-151,1989,1.9,50,69,72.5,904,211,25,35,71.4,17,22,77.3,7,9,77.8,0,0,0,2,0,4,1,6,Matches
523,Ashley Young,,eng ENG,DFFW,Aston Villa,36-257,1985,11.7,383,499,76.8,6824,2348,191,223,85.7,143,180,79.4,46,81,56.8,2,0.3,1.7,9,26,9,3,27,Matches
524,Wilfried Zaha,,ci CIV,FW,Crystal Palace,29-133,1992,22.5,552,720,76.7,8838,2509,290,352,82.4,201,249,80.7,46,72,63.9,1,4,-3,32,24,50,10,87,Matches
525,Christoph Zimmermann,,de GER,DF,Norwich City,29-070,1993,0.5,7,11,63.6,122,87,2,4,50,5,6,83.3,0,1,0,0,0,0,0,0,0,0,1,Matches
526,Oleksandr Zinchenko,,ua UKR,DF,Manchester City,25-098,1996,6.6,533,596,89.4,9446,2478,258,275,93.8,212,228,93,60,77,77.9,1,0.9,0.1,7,55,14,3,46,Matches
527,Hakim Ziyech,,ma MAR,FWMF,Chelsea,29-004,1993,10.7,354,490,72.2,5956,1972,188,213,88.3,121,160,75.6,33,87,37.9,2,2.3,-0.3,20,33,18,6,52,Matches
528,Kurt Zouma,,fr FRA,DF,West Ham,27-147,1994,17.8,614,698,88,13069,3608,170,182,93.4,346,374,92.5,96,139,69.1,0,0,0,0,21,1,0,26,Matches
529,Martin Odegaard,,no NOR,MF,Arsenal,23-096,1998,21,929,1105,84.1,16231,3683,453,507,89.3,334,378,88.4,112,163,68.7,3,4.8,-1.8,52,67,46,2,114,Matches
