,,,,,,,,,,Pass Types,Pass Types,Pass Types,Pass Types,Pass Types,Pass Types,Pass Types,Pass Types,Corner Kicks,Corner Kicks,Corner Kicks,Height,Height,Height,Body Parts,Body Parts,Body Parts,Body Parts,Body Parts,,Outcomes,Outcomes,Outcomes,Outcomes,
Rk,Name,,Nation,Pos,Squad,Age,Born,90s,Att,Live,Dead,FK,TB,Press,Sw,Crs,CK,CK_In,CK_Out,CK_Str,Ground,Low,High,Left,Right,Head,TI,Other,Cmp,Off,Out,Int,Blocks,Matches
1,Max Aarons,,eng ENG,DF,Norwich City,22-078,2000,26.6,1204,913,291,21,2,143,17,40,0,0,0,0,690,259,255,134,762,24,270,2,903,7,24,44,46,Matches
2,Che Adams,,sct SCO,FW,Southampton,25-253,1996,18.3,364,354,10,0,3,104,4,9,0,0,0,0,234,74,56,34,266,18,1,11,247,2,9,20,24,Matches
3,Rayan Ait Nouri,,fr FRA,DF,Wolves,20-290,2001,15.3,758,590,168,13,1,108,27,40,27,8,16,1,420,160,178,506,85,29,128,0,562,2,22,25,25,Matches
4,Kristoffer Ajer,,no NOR,DF,Brentford,23-340,1998,15.6,601,494,107,6,0,104,5,7,0,0,0,0,289,165,147,34,376,49,101,2,423,4,18,20,29,Matches
5,Nathan Ake,,nl NED,DF,Manchester City,27-033,1995,7.5,590,570,20,4,0,50,4,0,0,0,0,0,503,44,43,430,104,20,16,2,545,0,3,3,3,Matches
6,Marc Albrighton,,eng ENG,FWDF,Leicester City,32-125,1989,11.1,439,358,81,8,0,82,31,23,34,23,6,1,239,90,110,29,346,19,38,1,271,4,5,27,29,Matches
7,Thiago Alcantara,,es ESP,MF,Liverpool,30-346,1991,11.2,929,915,14,9,2,146,39,0,0,0,0,0,706,86,137,66,809,25,2,3,824,1,11,30,11,Matches
8,Trent Alexander-Arnold,,eng ENG,DF,Liverpool,23-167,1998,25.7,2163,1716,447,81,17,194,164,102,108,22,74,1,1119,375,669,235,1605,50,258,5,1610,5,32,90,62,Matches
9,Alisson,,br BRA,GK,Liverpool,29-172,1992,27,1008,831,177,48,1,63,24,0,0,0,0,0,728,44,236,73,766,2,0,142,872,0,15,12,0,Matches
10,Allan,,br BRA,MF,Everton,31-074,1991,21.5,887,830,57,20,0,136,16,5,0,0,0,0,607,108,172,84,752,30,10,3,700,5,12,42,27,Matches
11,Dele Alli,,eng ENG,MF,Everton,25-346,1996,1.9,93,86,7,2,1,19,1,1,1,0,0,0,69,14,10,3,80,1,3,1,69,3,3,8,2,Matches
12,Dele Alli,,eng ENG,MFFW,Tottenham,25-346,1996,7.3,214,202,12,6,0,42,2,3,0,0,0,0,149,33,32,10,180,12,3,3,167,1,2,11,7,Matches
13,Miguel Almiron,,py PAR,MFFW,Newcastle Utd,28-041,1994,12.6,332,325,7,2,0,52,5,18,1,1,0,0,256,31,45,300,13,10,3,3,259,1,5,8,15,Matches
14,Marcos Alonso,,es ESP,DF,Chelsea,31-085,1990,16.1,898,707,191,18,1,137,30,43,40,27,11,0,517,193,188,650,62,26,133,1,682,2,14,34,36,Matches
15,Steven Alzate,,co COL,MF,Brighton,23-196,1998,4.5,234,231,3,2,0,33,4,2,0,0,0,0,178,24,32,15,199,12,1,0,207,0,2,6,3,Matches
16,Daniel Amartey,,gh GHA,DF,Leicester City,27-092,1994,16.7,946,928,18,13,0,91,9,0,0,0,0,0,803,52,91,82,803,43,4,2,857,2,8,14,13,Matches
17,Joachim Andersen,,dk DEN,DF,Crystal Palace,25-296,1996,23.4,1549,1490,59,51,2,109,66,5,1,0,0,1,1030,111,408,128,1295,80,4,6,1290,2,38,33,9,Matches
18,Michail Antonio,,jm JAM,FW,West Ham,31-360,1990,27.6,612,583,29,2,6,184,20,49,1,0,0,0,352,133,127,92,425,26,12,7,397,6,18,30,50,Matches
19,Cameron Archer,,eng ENG,MFFW,Aston Villa,20-245,2001,0.3,5,5,0,0,0,1,0,0,0,0,0,0,4,1,0,1,3,0,0,1,5,0,0,0,0,Matches
20,Alphonse Areola,,fr FRA,GK,West Ham,29-024,1993,1,41,24,17,3,0,6,0,0,0,0,0,0,11,1,29,2,35,0,0,3,20,0,0,1,0,Matches
21,Adam Armstrong,,eng ENG,FWMF,Southampton,25-041,1997,13.5,270,244,26,0,1,52,7,20,0,0,0,0,186,45,39,52,193,13,2,3,188,1,2,13,12,Matches
22,Stuart Armstrong,,sct SCO,MF,Southampton,29-358,1992,10.7,500,481,19,2,0,85,8,14,0,0,0,0,389,64,47,77,399,13,3,4,403,2,6,27,17,Matches
23,Kepa Arrizabalaga,,es ESP,GK,Chelsea,27-171,1994,4,139,110,29,8,0,18,4,0,0,0,0,0,95,7,37,13,96,0,0,28,115,0,3,0,0,Matches
24,Harrison Ashby,,sct SCO,DF,West Ham,20-129,2001,0.1,8,7,1,0,0,0,0,0,0,0,0,0,5,2,1,0,6,1,1,0,7,0,0,0,0,Matches
25,Pierre-Emerick Aubameyang,,ga GAB,FW,Arsenal,32-278,1989,11.5,205,198,7,0,1,62,3,9,0,0,0,0,120,47,38,27,151,8,1,1,145,1,2,8,11,Matches
26,Jordan Ayew,,gh GHA,FW,Crystal Palace,30-193,1991,17.3,601,593,8,2,1,104,13,42,0,0,0,0,432,88,81,24,525,21,6,6,456,2,11,19,36,Matches
27,Luke Ayling,,eng ENG,DF,Leeds United,30-210,1991,21,1303,1178,125,31,2,176,42,21,0,0,0,0,812,190,301,121,1012,49,93,3,1043,9,21,51,22,Matches
28,Cesar Azpilicueta,,es ESP,DF,Chelsea,32-207,1989,15.9,1140,1009,131,21,0,115,9,31,0,0,0,0,767,172,201,83,864,62,110,3,935,6,13,35,34,Matches
29,Daniel Bachmann,,at AUT,GK,Watford,27-257,1994,11,328,214,114,34,0,18,8,0,0,0,0,0,110,13,205,18,244,0,0,40,194,2,11,4,1,Matches
30,Leon Bailey,,jm JAM,FWMF,Aston Villa,24-226,1997,5.8,170,155,15,1,0,27,8,19,11,11,0,0,93,30,47,115,41,4,3,1,114,0,2,4,5,Matches
31,Eric Bailly,,ci CIV,DF,Manchester Utd,27-345,1994,2.4,80,76,4,4,0,10,2,0,0,0,0,0,56,6,18,16,52,7,0,1,64,0,1,2,2,Matches
32,Folarin Balogun,,eng ENG,FW,Arsenal,20-263,2001,0.8,8,8,0,0,0,3,0,0,0,0,0,0,4,3,1,1,6,1,0,0,4,0,0,2,0,Matches
33,Patrick Bamford,,eng ENG,FW,Leeds United,28-199,1993,6.2,103,87,16,0,1,19,4,4,0,0,0,0,76,18,9,74,18,8,1,1,85,0,4,1,4,Matches
34,Shandon Baptiste,,gd GRN,MF,Brentford,23-349,1998,9.8,281,280,1,1,0,58,3,5,0,0,0,0,213,32,36,37,224,11,0,1,233,0,5,11,4,Matches
35,Ross Barkley,,eng ENG,MF,Chelsea,28-108,1993,1.7,110,103,7,0,2,27,3,1,7,0,5,1,85,10,15,15,88,2,0,0,90,0,1,4,4,Matches
36,Ashley Barnes,,eng ENG,FW,Burnley,32-144,1989,4.7,102,99,3,0,0,49,2,1,0,0,0,0,55,29,18,10,63,7,0,3,68,4,4,2,4,Matches
37,Harvey Barnes,,eng ENG,FWMF,Leicester City,24-104,1997,17.4,530,527,3,0,1,119,11,32,0,0,0,0,371,80,79,61,431,19,1,4,388,2,9,28,26,Matches
38,Lewis Bate,,eng ENG,MF,Leeds United,19-145,2002,0.5,19,19,0,0,0,6,0,0,0,0,0,0,11,6,2,11,6,2,0,0,15,0,0,0,0,Matches
39,Mads Bech Sorensen,,dk DEN,DF,Brentford,23-075,1999,4.2,240,196,44,2,0,17,1,11,0,0,0,0,149,25,66,150,34,11,42,0,180,1,3,6,6,Matches
40,Jan Bednarek,,pl POL,DF,Southampton,25-345,1996,22.2,1165,1100,65,36,0,150,25,3,0,0,0,0,804,99,262,166,835,83,28,3,974,1,26,16,5,Matches
41,Donny van de Beek,,nl NED,MF,Manchester Utd,24-339,1997,0.8,32,32,0,0,1,8,0,0,0,0,0,0,27,3,2,4,26,0,0,0,25,1,0,2,1,Matches
42,Donny van de Beek,,nl NED,MF,Everton,24-339,1997,4.8,230,224,6,1,0,36,2,6,1,1,0,0,183,18,29,32,182,10,1,0,194,1,3,6,4,Matches
43,Asmir Begovi?,,ba BIH,GK,Everton,34-276,1987,2,55,29,26,3,0,1,1,0,0,0,0,0,5,3,47,1,44,0,0,3,21,0,3,1,1,Matches
44,Said Benrahma,,dz ALG,FWMF,West Ham,26-225,1995,19.9,672,657,15,4,2,121,17,48,0,0,0,0,495,84,93,107,524,23,1,6,505,1,18,34,27,Matches
45,Rodrigo Bentancur,,uy URU,MF,Tottenham,24-291,1997,6.8,495,482,13,10,2,68,10,3,0,0,0,0,430,29,36,101,370,15,3,0,445,0,4,13,10,Matches
46,Christian Benteke,,be BEL,FW,Crystal Palace,31-110,1990,12.4,282,261,21,1,1,105,5,1,0,0,0,0,147,71,64,17,170,30,3,4,198,2,7,12,6,Matches
47,Johann Berg Gudmundsson,,is ISL,MF,Burnley,31-147,1990,12.2,345,342,3,0,2,77,15,42,1,1,0,0,191,57,97,253,44,27,1,3,218,3,8,11,22,Matches
48,Steven Bergwijn,,nl NED,FWMF,Tottenham,24-166,1997,5.5,155,149,6,1,1,26,2,6,1,1,0,0,121,15,19,6,139,5,4,0,128,0,1,10,6,Matches
49,Ryan Bertrand,,eng ENG,DF,Leicester City,32-230,1989,3.7,191,143,48,4,0,24,6,1,10,4,4,1,115,48,28,136,11,9,34,0,154,0,4,6,8,Matches
50,Mads Bidstrup,,dk DEN,MF,Brentford,21-026,2001,0.5,11,11,0,0,0,1,0,0,0,0,0,0,7,2,2,3,7,1,0,0,8,0,0,0,0,Matches
51,Yves Bissouma,,ml MLI,MF,Brighton,25-205,1996,18.1,942,922,20,18,1,125,21,5,0,0,0,0,803,64,75,95,803,25,2,4,844,1,6,25,11,Matches
52,Willy Boly,,ci CIV,DF,Wolves,31-048,1991,2,141,136,5,3,0,22,1,0,0,0,0,0,103,5,33,14,107,6,2,1,114,0,4,2,0,Matches
53,Jarrod Bowen,,eng ENG,FW,West Ham,25-093,1996,26.2,704,610,94,16,5,152,69,43,68,59,2,2,413,113,178,517,128,21,4,4,477,3,8,29,37,Matches
54,Jarrad Branthwaite,,eng ENG,DF,Everton,19-269,2002,2.1,72,66,6,5,0,14,0,0,0,0,0,0,47,12,13,37,27,2,1,0,53,0,5,2,2,Matches
55,Armando Broja,,al ALB,FW,Southampton,20-194,2001,16.8,314,310,4,0,0,113,1,16,0,0,0,0,165,83,66,17,182,49,0,3,193,0,8,16,15,Matches
56,Josh Brownhill,,eng ENG,MF,Burnley,26-094,1995,22.4,796,765,31,10,1,152,28,16,9,8,0,1,450,120,226,74,606,71,4,3,597,7,11,21,22,Matches
57,Bryan,,es ESP,FWMF,Tottenham,21-040,2001,1,63,60,3,1,0,7,0,4,0,0,0,0,53,6,4,60,1,0,2,0,49,0,0,6,2,Matches
58,Emi Buendia,,ar ARG,FWMF,Aston Villa,25-088,1996,17.1,683,637,46,10,6,148,20,15,16,8,4,1,513,84,86,76,570,11,5,6,531,2,12,43,18,Matches
59,Dan Burn,,eng ENG,DF,Brighton,29-318,1992,11.4,623,604,19,12,1,55,13,1,0,0,0,0,463,47,113,497,59,38,6,2,507,2,11,16,9,Matches
60,Dan Burn,,eng ENG,DF,Newcastle Utd,29-318,1992,7,254,251,3,1,0,40,5,1,0,0,0,0,158,26,70,157,35,36,2,2,210,0,6,5,3,Matches
61,Jack Butland,,eng ENG,GK,Crystal Palace,29-013,1993,5.5,188,124,64,20,0,13,4,0,0,0,0,0,115,0,73,45,113,0,0,23,134,0,2,1,1,Matches
62,Sam Byram,,eng ENG,DFMF,Norwich City,28-188,1993,3,157,130,27,4,0,26,2,5,0,0,0,0,91,31,35,9,107,9,23,0,113,0,11,4,3,Matches
63,Willy Caballero,,ar ARG,GK,Southampton,40-176,1981,2,59,41,18,5,0,1,1,0,0,0,0,0,17,0,42,7,50,0,0,0,39,0,2,1,0,Matches
64,Dominic Calvert-Lewin,,eng ENG,FW,Everton,25-007,1997,8.5,170,161,9,0,0,81,0,1,0,0,0,0,85,58,27,14,94,17,1,12,108,0,3,10,10,Matches
65,Joao Cancelo,,pt POR,DF,Manchester City,27-300,1994,26.9,2504,2259,245,37,6,201,79,76,1,1,0,0,1750,373,381,273,1925,69,207,4,2111,7,40,84,55,Matches
66,Sergi Canos,,es ESP,DF,Brentford,25-049,1997,22.8,733,682,51,10,4,129,25,52,15,10,3,0,391,126,216,90,574,34,25,2,442,1,24,35,57,Matches
67,Todd Cantwell,,eng ENG,FWMF,Norwich City,24-024,1998,4.9,154,148,6,3,2,21,2,3,0,0,0,0,108,25,21,15,124,8,3,1,127,0,1,6,3,Matches
68,Matty Cash,,pl POL,DF,Aston Villa,24-228,1997,28.5,1195,927,268,30,1,122,43,81,1,0,0,0,589,213,393,103,763,67,237,2,825,3,29,38,37,Matches
69,Timothy Castagne,,be BEL,DF,Leicester City,26-108,1995,14.8,739,621,118,5,0,119,9,11,1,0,1,0,436,147,156,73,479,56,112,2,589,2,11,32,16,Matches
70,Jonny Castro,,es ESP,DF,Wolves,28-020,1994,4,232,186,46,5,0,40,1,6,0,0,0,0,155,48,29,37,144,6,41,0,196,0,1,6,7,Matches
71,Craig Cathcart,,nir NIR,DF,Watford,33-045,1989,24.3,853,802,51,9,0,97,41,3,0,0,0,0,518,87,248,158,551,73,42,0,695,2,15,14,8,Matches
72,Edinson Cavani,,uy URU,FW,Manchester Utd,35-037,1987,6.8,181,177,4,0,0,28,8,3,0,0,0,0,130,29,22,39,118,8,1,13,142,0,3,7,2,Matches
73,Kayky Chagas,,br BRA,FW,Manchester City,18-285,2003,0.1,2,2,0,0,0,0,0,0,0,0,0,0,2,0,0,1,1,0,0,0,2,0,0,0,0,Matches
74,Trevoh Chalobah,,eng ENG,DF,Chelsea,22-261,1999,13.1,908,878,30,23,2,83,6,2,0,0,0,0,751,64,93,37,796,48,7,3,823,1,7,14,5,Matches
75,Calum Chambers,,eng ENG,DF,Arsenal,27-062,1995,1.9,98,83,15,4,0,10,1,2,0,0,0,0,60,22,16,4,76,4,11,1,81,0,3,4,1,Matches
76,Calum Chambers,,eng ENG,DF,Aston Villa,27-062,1995,5,271,264,7,6,1,30,3,1,0,0,0,0,188,22,61,12,232,17,1,1,221,1,2,6,2,Matches
77,Daniel Chesters,,eng ENG,MF,West Ham,19-353,2002,0,0,0,0,0,0,0,0,0,0,0,0,0,0,0,0,0,0,0,0,0,0,0,0,0,0,Matches
78,Ben Chilwell,,eng ENG,DF,Chelsea,25-092,1996,6,343,265,78,10,0,53,5,10,25,16,2,1,220,48,75,235,51,10,43,1,264,1,2,7,15,Matches
79,Chiquinho,,pt POR,MFDF,Wolves,22-046,2000,0.6,25,22,3,0,0,6,3,7,0,0,0,0,10,7,8,2,16,2,3,0,15,0,1,1,3,Matches
80,Hamza Choudhury,,eng ENG,DFMF,Leicester City,24-173,1997,3.2,158,146,12,3,0,38,1,0,0,0,0,0,111,21,26,8,120,11,8,0,129,0,8,3,3,Matches
81,Andreas Christensen,,dk DEN,DF,Chelsea,25-347,1996,14.1,1040,998,42,27,1,122,17,1,0,0,0,0,854,79,107,65,897,37,14,4,947,0,9,15,7,Matches
82,Carney Chukwuemeka,,eng ENG,MFFW,Aston Villa,18-075,2004,2.2,75,75,0,0,0,10,0,0,0,0,0,0,64,6,5,6,64,2,0,0,59,0,0,7,3,Matches
83,Ciaran Clark,,ie IRL,DF,Newcastle Utd,32-178,1989,11.3,348,340,8,6,0,37,3,3,0,0,0,0,239,38,71,247,59,22,2,1,276,3,10,7,5,Matches
84,Tom Cleverley,,eng ENG,MF,Watford,32-223,1989,15.2,555,482,73,22,2,88,19,16,34,22,10,0,308,96,151,66,429,37,7,3,410,2,10,18,6,Matches
85,Nathaniel Clyne,,eng ENG,DF,Crystal Palace,30-352,1991,6,268,206,62,7,0,33,2,4,0,0,0,0,161,38,69,7,197,4,55,1,206,1,2,10,7,Matches
86,Conor Coady,,eng ENG,DF,Wolves,29-026,1993,29.8,1266,1232,34,33,0,105,46,2,0,0,0,0,984,72,210,49,1153,51,0,2,1136,2,9,18,8,Matches
87,Seamus Coleman,,ie IRL,DF,Everton,33-163,1988,21.6,1000,761,239,12,1,142,14,37,0,0,0,0,482,211,307,162,543,51,227,0,738,4,20,42,20,Matches
88,Nathan Collins,,ie IRL,DF,Burnley,20-327,2001,8.6,264,259,5,4,0,43,8,0,0,0,0,0,127,34,103,16,194,29,1,1,186,0,15,4,3,Matches
89,Aaron Connolly,,ie IRL,FW,Brighton,22-054,2000,1.7,18,17,1,0,0,6,0,1,0,0,0,0,15,3,0,1,15,0,0,2,15,0,0,1,1,Matches
90,Liam Cooper,,sct SCO,DF,Leeds United,30-205,1991,14.2,848,822,26,22,0,84,24,1,0,0,0,0,635,79,134,663,100,51,4,4,743,2,13,10,8,Matches
91,Jack Cork,,eng ENG,MF,Burnley,32-271,1989,9.8,273,271,2,0,0,58,6,3,0,0,0,0,181,31,61,28,205,21,0,2,205,3,3,11,8,Matches
92,Maxwel Cornet,,ci CIV,FWMF,Burnley,25-177,1996,12.2,249,234,15,1,2,73,9,12,12,8,3,1,160,38,51,161,50,15,0,3,162,0,1,14,7,Matches
93,Helder Costa,,ao ANG,MF,Leeds United,28-070,1994,0.2,4,4,0,0,0,1,0,0,0,0,0,0,3,1,0,3,1,0,0,0,4,0,0,0,0,Matches
94,Vladimir Coufal,,cz CZE,DF,West Ham,29-213,1992,18.7,1087,849,238,16,0,112,18,63,1,1,0,0,448,276,363,99,654,81,221,6,733,7,23,41,43,Matches
95,Philippe Coutinho,,br BRA,MFFW,Aston Villa,29-284,1992,8.6,343,326,17,5,3,63,9,10,4,1,3,0,247,37,59,24,300,9,2,5,281,3,5,13,10,Matches
96,Aaron Cresswell,,eng ENG,DF,West Ham,32-098,1989,22.3,1528,1245,283,43,0,151,39,46,49,12,37,0,923,274,331,1188,89,35,191,6,1214,7,23,49,43,Matches
97,Charlie Cresswell,,eng ENG,DF,Leeds United,19-106,2002,1.6,96,95,1,1,0,8,2,0,0,0,0,0,59,10,27,7,77,11,0,0,72,1,1,1,2,Matches
98,Cucho,,co COL,FWMF,Watford,22-337,1999,11.3,353,321,32,5,2,77,15,23,15,6,7,0,189,72,92,47,253,23,2,3,228,0,11,17,25,Matches
99,Marc Cucurella,,es ESP,DF,Brighton,23-244,1998,25.3,1767,1490,277,16,1,245,28,71,5,3,0,0,1159,357,251,1120,308,49,256,8,1442,6,16,69,63,Matches
100,Luke Cundle,,eng ENG,MF,Wolves,19-331,2002,0.9,32,29,3,1,1,3,0,0,2,2,0,0,27,2,3,13,17,2,0,0,27,0,0,1,1,Matches
101,Patson Daka,,zm ZAM,FW,Leicester City,23-165,1998,8.5,144,132,12,0,1,43,0,2,0,0,0,0,101,26,17,31,91,5,1,3,111,0,2,8,4,Matches
102,Stuart Dallas,,nir NIR,DFMF,Leeds United,30-338,1991,28.9,1472,1181,291,43,2,198,56,40,49,33,10,0,876,333,263,237,965,50,199,3,1174,7,24,39,44,Matches
103,Diogo Dalot,,pt POR,DF,Manchester Utd,23-005,1999,12.1,725,601,124,7,1,99,33,31,2,0,2,0,397,149,179,61,505,26,115,1,576,1,11,28,20,Matches
104,Karl Darlow,,eng ENG,GK,Newcastle Utd,31-166,1990,8,253,152,101,37,0,16,19,0,0,0,0,0,70,12,171,10,198,0,0,29,152,1,7,1,1,Matches
105,Josh Dasilva,,eng ENG,MFFW,Brentford,23-151,1998,1.5,37,36,1,0,0,10,0,2,0,0,0,0,29,2,6,29,5,3,0,0,27,0,1,3,1,Matches
106,Ben Davies,,wls WAL,DF,Tottenham,28-333,1993,19.3,1059,998,61,20,0,105,17,6,0,0,0,0,808,91,160,812,129,46,41,1,896,1,11,29,22,Matches
107,Tom Davies,,eng ENG,MF,Everton,23-266,1998,1.8,59,58,1,0,0,19,2,0,0,0,0,0,42,12,5,14,42,0,0,0,46,1,4,0,4,Matches
108,Keinan Davis,,eng ENG,FW,Aston Villa,24-038,1998,0.1,3,3,0,0,0,0,0,0,0,0,0,0,1,2,0,2,0,1,0,0,3,0,0,0,0,Matches
109,Craig Dawson,,eng ENG,DF,West Ham,31-321,1990,23.9,944,922,22,20,0,126,25,1,0,0,0,0,634,110,200,36,782,65,2,10,774,2,24,23,7,Matches
110,Kevin De Bruyne,,be BEL,MF,Manchester City,30-268,1991,17.1,1101,992,109,36,7,145,57,73,59,24,7,7,796,101,204,118,944,20,12,1,834,6,21,54,42,Matches
111,Troy Deeney,,eng ENG,FW,Watford,33-267,1988,0.3,6,6,0,0,0,1,0,0,0,0,0,0,1,4,1,0,3,2,0,0,3,0,0,0,0,Matches
112,Liam Delap,,eng ENG,FW,Manchester City,19-043,2003,0.1,1,1,0,0,0,1,0,0,0,0,0,0,0,0,1,0,1,0,0,0,1,0,0,0,0,Matches
113,Fabian Delph,,eng ENG,MF,Everton,32-122,1989,2.8,125,122,3,2,0,31,4,1,0,0,0,0,93,10,22,76,43,5,1,0,106,0,1,1,2,Matches
114,Leander Dendoncker,,be BEL,MFFW,Wolves,26-342,1995,15.7,607,596,11,9,0,95,10,7,0,0,0,0,470,63,74,99,446,32,2,2,530,0,2,20,7,Matches
115,Emmanuel Dennis,,ng NGA,FWMF,Watford,24-128,1997,24.2,530,501,29,0,1,141,7,25,5,1,2,0,354,120,56,67,396,15,5,7,351,3,10,33,38,Matches
116,Kiernan Dewsbury Hall,,eng ENG,MF,Leicester City,23-198,1998,13.7,726,703,23,8,0,148,19,30,11,8,0,0,555,72,99,613,73,24,3,0,560,4,17,26,22,Matches
117,Ibrahima Diallo,,fr FRA,MF,Southampton,23-015,1999,8.4,342,339,3,3,1,62,3,3,0,0,0,0,276,30,36,33,290,15,0,0,286,1,5,14,8,Matches
118,Raphael Dias Belloli,,br BRA,MFFW,Leeds United,25-099,1996,25,982,849,133,39,5,140,65,75,66,40,15,2,574,153,255,830,91,10,27,11,627,0,24,64,47,Matches
119,Ruben Dias,,pt POR,DF,Manchester City,24-313,1997,23.7,1956,1912,44,31,2,128,42,5,0,0,0,0,1692,93,171,307,1550,56,12,3,1845,2,13,15,10,Matches
120,Luis Diaz,,co COL,FW,Liverpool,25-069,1997,5.5,235,235,0,0,1,48,3,10,0,0,0,0,190,28,17,32,187,8,0,5,206,0,1,9,5,Matches
121,Eric Dier,,eng ENG,DF,Tottenham,28-067,1994,25.1,1540,1505,35,28,4,127,43,0,0,0,0,0,1203,89,248,211,1217,70,2,5,1363,7,17,25,12,Matches
122,Lucas Digne,,fr FRA,DF,Aston Villa,28-246,1993,7.1,409,310,99,12,0,54,19,31,18,7,7,1,210,96,103,290,17,23,69,0,300,0,9,15,19,Matches
123,Lucas Digne,,fr FRA,DF,Everton,28-246,1993,13,678,515,163,23,0,90,16,34,21,2,14,1,335,140,203,464,29,47,119,2,487,3,19,26,35,Matches
124,Virgil van Dijk,,nl NED,DF,Liverpool,30-258,1991,27,1956,1896,60,55,0,166,75,0,0,0,0,0,1515,150,291,295,1467,111,5,10,1773,1,13,20,9,Matches
125,Issa Diop,,fr FRA,DF,West Ham,25-073,1997,9,359,351,8,6,1,36,5,1,0,0,0,0,273,20,66,74,255,20,0,1,309,0,7,4,0,Matches
126,Moussa Djenepo,,ml MLI,MF,Southampton,23-281,1998,4.9,143,142,1,1,0,24,1,6,0,0,0,0,100,21,22,24,112,5,0,0,105,0,3,5,11,Matches
127,Lewis Dobbin,,eng ENG,FWMF,Everton,19-079,2003,0.4,7,7,0,0,0,2,0,1,0,0,0,0,4,2,1,0,7,0,0,0,4,0,0,1,0,Matches
128,Matt Doherty,,ie IRL,DF,Tottenham,30-066,1992,8.5,498,437,61,5,2,64,11,18,0,0,0,0,343,92,63,28,386,15,56,1,407,1,5,28,15,Matches
129,Gabriel Dos Santos,,br BRA,DF,Arsenal,24-094,1997,24.4,1397,1352,45,26,1,128,28,2,0,0,0,0,1148,95,154,1212,107,44,1,9,1251,4,17,18,8,Matches
130,Abdoulaye Doucoure,,fr FRA,MF,Everton,29-081,1993,19.7,787,773,14,11,2,167,10,6,0,0,0,0,574,117,96,75,639,41,2,3,629,1,16,33,26,Matches
131,Kieran Dowell,,eng ENG,FWMF,Norwich City,24-164,1997,4,123,111,12,3,0,31,5,10,6,4,2,0,72,13,38,81,23,9,0,3,79,1,3,6,8,Matches
132,Cody Drameh,,eng ENG,DF,Leeds United,20-105,2001,1.4,77,51,26,1,0,6,0,2,0,0,0,0,38,25,14,2,46,3,25,1,60,0,0,3,5,Matches
133,Martin Dubravka,,sk SVK,GK,Newcastle Utd,33-067,1989,17,550,321,229,70,0,33,19,0,0,0,0,0,187,11,352,25,444,0,0,53,359,2,14,2,1,Matches
134,Shane Duffy,,ie IRL,DF,Brighton,30-081,1992,16,1007,987,20,12,0,82,26,0,0,0,0,0,791,64,152,71,839,57,7,3,894,1,16,13,6,Matches
135,Paul Dummett,,wls WAL,DF,Newcastle Utd,30-178,1991,2.2,68,49,19,1,0,7,1,3,0,0,0,0,35,11,22,40,2,5,18,0,51,0,0,4,1,Matches
136,Lewis Dunk,,eng ENG,DF,Brighton,30-122,1991,19.6,1484,1449,35,30,1,96,38,3,0,0,0,0,1232,85,167,97,1308,37,4,7,1353,1,19,24,7,Matches
137,Ederson,,br BRA,GK,Manchester City,28-218,1993,28,828,688,140,29,1,60,24,0,0,0,0,0,610,35,183,557,141,0,1,118,739,1,14,5,1,Matches
138,Odsonne Edouard,,fr FRA,FW,Crystal Palace,24-066,1998,14.1,349,329,20,0,1,109,2,7,0,0,0,0,262,49,38,35,268,17,3,5,252,4,2,20,14,Matches
139,Anthony Elanga,,se SWE,FW,Manchester Utd,19-330,2002,6.1,217,210,7,0,1,52,3,7,0,0,0,0,164,33,20,37,159,6,7,1,177,1,0,15,12,Matches
140,Harvey Elliott,,eng ENG,MF,Liverpool,18-353,2003,3.1,208,201,7,0,0,17,2,5,2,1,0,0,156,28,24,187,15,1,3,2,176,2,0,5,7,Matches
141,Mohamed Elneny,,eg EGY,MF,Arsenal,29-255,1992,2,116,115,1,0,0,8,1,0,0,0,0,0,85,17,14,6,105,3,0,0,107,0,1,3,0,Matches
142,Mohamed Elyounoussi,,no NOR,MF,Southampton,27-231,1994,16.8,497,493,4,1,2,118,5,27,1,0,0,0,334,84,79,76,365,29,2,5,352,2,4,28,21,Matches
143,Emerson,,br BRA,DF,Tottenham,23-068,1999,16.8,995,805,190,19,0,149,10,48,1,0,0,0,610,226,159,96,672,43,170,0,798,1,9,30,38,Matches
144,Christian Eriksen,,dk DEN,MF,Brentford,30-037,1992,2.4,146,122,24,10,1,19,8,5,10,5,3,0,78,24,44,40,94,11,1,0,104,1,0,7,5,Matches
145,Oghenekaro Etebo,,ng NGA,MF,Watford,26-134,1995,4.3,154,144,10,10,0,17,9,1,0,0,0,0,123,6,25,19,132,2,0,1,138,1,4,6,1,Matches
146,Jonny Evans,,nir NIR,DF,Leicester City,34-079,1988,8.7,504,479,25,23,1,74,4,0,0,0,0,0,349,41,114,170,285,26,2,0,410,1,12,14,4,Matches
147,Eberechi Eze,,eng ENG,MFFW,Crystal Palace,23-267,1998,1.6,68,64,4,1,0,7,1,0,2,1,1,0,46,10,12,13,49,4,0,0,50,1,1,3,3,Matches
148,Lukasz Fabianski,,pl POL,GK,West Ham,36-339,1985,29,759,490,269,51,0,51,23,0,0,0,0,0,264,33,462,42,566,2,0,104,473,0,23,3,3,Matches
149,Fabinho,,br BRA,MF,Liverpool,28-151,1993,20.9,1169,1143,26,25,1,179,14,6,0,0,0,0,864,134,171,86,993,58,1,4,1027,2,13,19,19,Matches
150,Kiko Femenia,,es ESP,DF,Watford,31-049,1991,17.8,898,670,228,22,1,78,14,40,22,15,6,0,453,188,257,82,580,38,184,3,637,0,20,32,26,Matches
151,Evan Ferguson,,ie IRL,MF,Brighton,17-155,2004,0.3,7,7,0,0,0,4,1,1,0,0,0,0,5,0,2,2,4,0,0,0,6,0,0,1,0,Matches
152,Nathan Ferguson,,eng ENG,DF,Crystal Palace,21-168,2000,0.1,5,3,2,0,0,1,0,0,0,0,0,0,0,3,2,1,1,1,2,0,3,0,0,0,0,Matches
153,Bruno Fernandes,,pt POR,MF,Manchester Utd,27-196,1994,25.6,1451,1318,133,28,12,258,73,66,49,17,22,0,950,150,351,91,1295,32,15,7,1055,15,37,84,42,Matches
154,Alvaro Fernandez,,es ESP,GK,Brentford,23-344,1998,12,500,382,118,35,0,34,8,0,0,0,0,0,238,13,249,47,368,0,0,56,322,1,17,7,2,Matches
155,Federico Fernandez,,ar ARG,DF,Newcastle Utd,33-030,1989,5.8,214,207,7,5,0,20,6,0,0,0,0,0,161,10,43,11,189,9,2,1,183,0,4,4,1,Matches
156,Fernandinho,,br BRA,MF,Manchester City,36-323,1985,6.8,499,494,5,4,5,71,7,4,0,0,0,0,403,46,50,54,423,11,1,2,446,1,1,19,4,Matches
157,Roberto Firmino,,br BRA,FW,Liverpool,30-172,1991,8.8,383,372,11,0,2,92,7,7,0,0,0,0,293,53,37,37,320,13,4,2,303,0,4,23,18,Matches
158,Junior Firpo,,es ESP,DF,Leeds United,25-213,1996,14.8,765,639,126,6,0,104,12,21,0,0,0,0,485,178,102,493,105,31,120,4,635,4,10,28,17,Matches
159,Ashley Fletcher,,eng ENG,FW,Watford,26-172,1995,0.3,9,9,0,0,0,5,0,0,0,0,0,0,3,5,1,1,4,1,0,1,3,0,0,1,2,Matches
160,Phil Foden,,eng ENG,FW,Manchester City,21-299,2000,17.9,876,786,90,16,5,140,50,42,58,23,23,2,661,73,142,802,46,17,4,3,707,1,11,30,28,Matches
161,Pablo Fornals,,es ESP,FWMF,West Ham,26-029,1996,24,1036,986,50,4,8,188,34,34,26,20,1,1,728,138,170,115,863,24,6,6,779,2,14,57,43,Matches
162,Adam Forshaw,,eng ENG,MF,Leeds United,30-166,1991,16,751,723,28,24,1,112,35,5,0,0,0,0,550,84,117,99,615,25,3,2,632,6,11,24,13,Matches
163,Marcus Forss,,fi FIN,FWMF,Brentford,22-278,1999,2.3,41,38,3,0,0,12,0,1,0,0,0,0,18,13,10,3,25,8,0,1,24,1,1,2,1,Matches
164,Fraser Forster,,eng ENG,GK,Southampton,34-006,1988,12,395,272,123,40,0,31,14,0,0,0,0,0,162,15,218,51,265,1,0,50,243,2,12,3,1,Matches
165,Ben Foster,,eng ENG,GK,Watford,38-354,1983,18,615,385,230,75,0,34,30,0,0,0,0,0,133,24,458,442,98,0,0,50,312,4,28,9,2,Matches
166,Tariqe Fosu,,gh GHA,DF,Brentford,26-138,1995,0.2,8,8,0,0,0,0,0,1,0,0,0,0,5,1,2,1,6,1,0,0,6,0,0,0,0,Matches
167,Ryan Fraser,,sct SCO,FWMF,Newcastle Utd,28-027,1994,15,438,398,40,10,0,60,21,56,27,14,6,4,253,52,133,68,336,23,3,4,304,4,17,10,8,Matches
168,Fred,,br BRA,MF,Manchester Utd,29-018,1993,19.6,1113,1083,30,27,3,188,39,2,0,0,0,0,862,130,121,729,333,28,3,8,949,3,16,29,30,Matches
169,Ryan Fredericks,,eng ENG,DF,West Ham,29-164,1992,1.4,48,41,7,0,0,6,1,4,0,0,0,0,21,14,13,1,28,10,7,0,30,1,0,1,2,Matches
170,Leo Fuhr Hjelde,,no NOR,DF,Leeds United,18-209,2003,1.7,111,83,28,0,0,23,2,3,0,0,0,0,51,38,22,64,10,8,28,0,84,0,5,6,4,Matches
171,Conor Gallagher,,eng ENG,MF,Crystal Palace,22-045,2000,24.4,922,810,112,52,2,153,37,49,55,24,13,3,603,113,206,64,801,32,2,2,708,2,15,31,23,Matches
172,Dwight Gayle,,eng ENG,FW,Newcastle Utd,31-157,1990,0.4,8,8,0,0,0,3,0,0,0,0,0,0,6,2,0,0,7,0,0,1,6,0,0,0,1,Matches
173,Jean-Philippe Gbamin,,ci CIV,MF,Everton,26-179,1995,0.7,21,20,1,1,0,3,1,0,0,0,0,0,15,3,3,4,14,3,0,0,16,0,2,1,0,Matches
174,David de Gea,,es ESP,GK,Manchester Utd,31-136,1990,29,692,414,278,45,0,35,22,0,0,0,0,0,351,27,314,36,534,0,0,91,481,1,15,14,3,Matches
175,Joe Gelhardt,,eng ENG,FWMF,Leeds United,19-323,2002,5.2,87,74,13,0,0,15,0,1,0,0,0,0,60,17,10,63,13,5,0,4,63,0,2,5,2,Matches
176,Anwar El Ghazi,,nl NED,FW,Everton,26-324,1995,0.1,9,7,2,0,0,2,0,1,2,0,0,0,8,1,0,2,6,1,0,0,8,0,0,1,0,Matches
177,Anwar El Ghazi,,nl NED,FWMF,Aston Villa,26-324,1995,4.3,115,113,2,0,0,23,2,11,0,0,0,0,67,23,25,19,82,7,2,0,82,0,2,1,9,Matches
178,Saman Ghoddos,,ir IRN,MFDF,Brentford,28-198,1993,4.8,190,166,24,11,1,20,4,14,8,5,2,1,102,35,53,13,154,15,2,2,128,1,4,11,5,Matches
179,Dimitris Giannoulis,,gr GRE,DF,Norwich City,26-157,1995,6.1,328,268,60,6,0,55,2,17,2,2,0,0,189,78,61,240,25,9,52,0,248,2,4,18,9,Matches
180,Morgan Gibbs-White,,eng ENG,FWMF,Wolves,22-055,2000,0.1,10,9,1,0,0,1,0,0,1,1,0,0,5,4,1,1,8,0,0,1,7,0,0,0,1,Matches
181,Ben Gibson,,eng ENG,DF,Norwich City,29-067,1993,23.7,1173,1124,49,38,1,130,30,0,0,0,0,0,811,69,293,995,73,71,10,3,964,6,19,17,10,Matches
182,Billy Gilmour,,sct SCO,MF,Norwich City,20-285,2001,15.7,939,824,115,41,1,110,80,15,53,20,33,0,636,69,234,63,821,39,8,0,742,2,13,37,15,Matches
183,Ben Godfrey,,eng ENG,DF,Everton,24-067,1998,18.5,670,567,103,11,0,72,8,14,0,0,0,0,404,107,159,40,469,45,92,4,512,1,27,19,18,Matches
184,Andre Gomes,,pt POR,MF,Everton,28-236,1993,5.6,248,239,9,4,0,41,8,3,1,1,0,0,172,27,49,63,169,7,0,3,189,0,7,13,6,Matches
185,Toti Gomes,,pt POR,DF,Wolves,23-066,1999,2,83,82,1,0,0,11,0,0,0,0,0,0,46,9,28,56,12,10,1,0,53,0,3,4,1,Matches
186,Joe Gomez,,eng ENG,DF,Liverpool,24-304,1997,1.2,102,95,7,2,0,13,9,3,0,0,0,0,75,10,17,7,79,6,5,0,85,0,1,5,1,Matches
187,Charlie Goode,,eng ENG,DF,Brentford,26-232,1995,5,300,224,76,8,0,26,6,14,0,0,0,0,134,29,137,18,174,27,68,0,190,1,7,9,9,Matches
188,Anthony Gordon,,eng ENG,MFFW,Everton,21-027,2001,16.7,518,471,47,14,1,105,17,42,24,9,9,2,347,69,102,51,431,12,8,3,351,4,9,38,26,Matches
189,Kaide Gordon,,eng ENG,FW,Liverpool,17-169,2004,0.1,4,4,0,0,0,1,0,0,0,0,0,0,4,0,0,4,0,0,0,0,4,0,0,0,0,Matches
190,Dan Gosling,,eng ENG,MF,Watford,32-050,1990,0.2,7,7,0,0,0,1,0,0,0,0,0,0,5,1,1,2,4,0,0,0,5,0,0,0,0,Matches
191,Demarai Gray,,eng ENG,MFFW,Everton,25-268,1996,18.8,544,478,66,22,2,107,41,45,37,22,14,0,354,61,129,56,463,12,6,4,383,1,9,21,31,Matches
192,Jack Grealish,,eng ENG,FW,Manchester City,26-194,1995,16.1,738,718,20,3,3,146,8,29,7,1,1,0,632,67,39,55,652,11,5,7,638,4,9,23,31,Matches
193,Mason Greenwood,,eng ENG,FWMF,Manchester Utd,20-173,2001,14.1,504,487,17,2,3,97,31,25,14,10,3,1,381,50,73,380,112,5,0,2,397,2,6,21,17,Matches
194,Sam Greenwood,,eng ENG,FWMF,Leeds United,20-056,2002,0.9,25,23,2,0,0,7,0,0,0,0,0,0,19,3,3,10,13,1,0,1,21,0,0,0,2,Matches
195,Pascal Gross,,de GER,MFDF,Brighton,30-281,1991,15.3,955,821,134,29,1,115,62,44,72,27,39,2,621,123,211,154,737,19,33,3,729,6,14,25,33,Matches
196,Vicente Guaita,,es ESP,GK,Crystal Palace,35-072,1987,23.5,738,544,194,37,0,57,24,0,0,0,0,0,428,35,275,88,483,3,0,128,590,2,14,4,1,Matches
197,Marc Guehi,,eng ENG,DF,Crystal Palace,21-253,2000,28,1709,1660,49,47,0,131,50,2,0,0,0,0,1318,118,273,495,1103,77,2,1,1487,5,19,28,8,Matches
198,Bruno Guimaraes,,br BRA,MF,Newcastle Utd,24-127,1997,3.2,167,163,4,3,1,37,7,2,0,0,0,0,120,27,20,15,141,6,1,1,139,0,3,7,8,Matches
199,Ilkay Gundogan,,de GER,MF,Manchester City,31-150,1990,15,908,833,75,19,5,102,34,21,51,28,8,1,708,85,115,255,612,25,3,5,779,1,11,21,20,Matches
200,Angus Gunn,,eng ENG,GK,Norwich City,26-060,1996,7,224,129,95,33,0,6,7,0,0,0,0,0,102,5,117,12,171,0,0,32,156,2,3,1,1,Matches
201,Grant Hanley,,sct SCO,DF,Norwich City,30-123,1991,23.2,938,897,41,40,0,96,25,0,0,0,0,0,691,73,174,59,774,69,1,2,795,0,19,7,10,Matches
202,Jack Harrison,,eng ENG,FWMF,Leeds United,25-123,1996,21.9,786,750,36,5,1,160,27,82,14,2,8,2,480,158,148,524,212,16,17,4,501,5,16,52,55,Matches
203,Kortney Hause,,eng ENG,DF,Aston Villa,26-250,1995,4.4,206,201,5,5,0,29,8,1,0,0,0,0,139,15,52,159,25,10,0,1,162,0,10,0,5,Matches
204,Kai Havertz,,de GER,FWMF,Chelsea,22-285,1999,14.5,458,441,17,0,0,118,7,16,0,0,0,0,374,50,34,318,105,10,2,7,372,4,4,15,14,Matches
205,Isaac Hayden,,eng ENG,MFDF,Newcastle Utd,27-001,1995,11.1,318,302,16,9,0,67,4,5,0,0,0,0,230,42,46,36,248,19,1,1,255,0,10,8,11,Matches
206,Hwang Hee-chan,,kr KOR,FWMF,Wolves,26-056,1996,15,465,458,7,1,0,86,8,7,1,0,0,0,352,57,56,52,378,19,1,8,378,2,3,14,15,Matches
207,Jordan Henderson,,eng ENG,MF,Liverpool,31-279,1990,22.3,1662,1608,54,13,4,225,32,40,2,0,1,0,1150,216,296,207,1361,53,20,7,1379,6,15,54,42,Matches
208,Jeff Hendrick,,ie IRL,MF,Newcastle Utd,30-051,1992,0.8,27,27,0,0,0,5,1,0,0,0,0,0,24,2,1,0,26,0,0,0,24,0,0,1,0,Matches
209,Wayne Hennessey,,wls WAL,GK,Burnley,35-058,1987,2,80,43,37,16,0,1,0,0,0,0,0,0,11,2,67,8,60,0,0,8,40,1,3,0,0,Matches
210,Rico Henry,,eng ENG,DF,Brentford,24-258,1997,23.2,848,773,75,5,0,139,7,30,0,0,0,0,487,169,192,629,65,58,70,1,602,2,21,33,47,Matches
211,Son Heung-min,,kr KOR,FWMF,Tottenham,29-258,1992,24.9,962,798,164,34,3,146,27,51,117,45,45,3,685,99,178,104,814,27,5,4,741,4,10,29,33,Matches
212,Ki-Jana Hoever,,nl NED,DF,Wolves,20-064,2002,3.4,159,122,37,4,0,15,2,8,0,0,0,0,88,41,30,16,104,5,33,0,113,1,7,9,8,Matches
213,Rob Holding,,eng ENG,DF,Arsenal,26-184,1995,4.8,233,225,8,4,0,34,6,0,0,0,0,0,180,14,39,33,182,11,2,0,201,0,6,6,3,Matches
214,Mason Holgate,,eng ENG,DF,Everton,25-152,1996,14.8,592,541,51,29,0,73,26,1,0,0,0,0,341,48,203,87,406,49,21,2,428,3,16,14,5,Matches
215,Callum Hudson-Odoi,,eng ENG,FWMF,Chelsea,21-136,2000,10.7,393,377,16,2,0,77,8,26,5,2,1,1,295,53,45,56,318,5,9,1,313,1,8,20,14,Matches
216,Will Hughes,,eng ENG,MF,Crystal Palace,26-340,1995,9.1,415,380,35,12,0,56,16,9,21,15,5,0,283,48,84,323,64,18,1,1,336,0,2,7,9,Matches
217,Pierre Hojbjerg,,dk DEN,MF,Tottenham,26-230,1995,26.5,1852,1788,64,52,5,229,54,12,2,0,0,0,1493,151,208,236,1511,68,9,4,1644,5,20,39,16,Matches
218,Adam Idah,,ie IRL,FWMF,Norwich City,21-012,2001,6.9,142,137,5,0,0,44,4,11,0,0,0,0,93,26,23,20,100,8,3,2,96,0,5,7,11,Matches
219,Kelechi Iheanacho,,ng NGA,FW,Leicester City,25-171,1996,9.2,250,239,11,1,3,72,6,8,0,0,0,0,194,27,29,222,16,4,2,0,190,2,9,11,14,Matches
220,Danny Ings,,eng ENG,FW,Aston Villa,29-243,1992,16.9,306,286,20,1,1,76,8,13,0,0,0,0,191,61,54,58,212,20,1,4,208,2,3,17,11,Matches
221,Tim Iroegbunam,,,MF,Aston Villa,,,0.1,4,4,0,0,0,0,0,0,0,0,0,0,4,0,0,1,3,0,0,0,4,0,0,0,0,Matches
222,Alex Iwobi,,ng NGA,MFFW,Everton,25-324,1996,11.6,334,327,7,1,4,72,6,19,0,0,0,0,245,51,38,35,292,2,2,1,262,3,3,21,12,Matches
223,Daniel James,,wls WAL,FWMF,Leeds United,24-133,1997,22.5,440,413,27,1,0,93,10,39,0,0,0,0,297,71,72,85,324,15,5,3,289,2,12,25,32,Matches
224,Daniel James,,wls WAL,FW,Manchester Utd,24-133,1997,1.4,32,32,0,0,0,6,1,5,0,0,0,0,27,2,3,3,28,1,0,0,22,0,1,0,1,Matches
225,Reece James,,eng ENG,DF,Chelsea,22-105,1999,13.1,981,814,167,18,3,149,14,54,12,7,2,0,651,213,117,72,732,26,137,4,830,2,8,33,32,Matches
226,Vitaly Janelt,,de GER,MF,Brentford,23-317,1998,19.8,760,707,53,26,2,112,25,21,11,8,2,1,479,112,169,555,114,49,11,7,571,3,12,23,15,Matches
227,Pontus Jansson,,se SWE,DF,Brentford,31-038,1991,29.9,1197,1146,51,38,0,110,15,0,0,0,0,0,819,142,236,109,879,136,12,3,979,5,15,22,7,Matches
228,Mathias Jensen,,dk DEN,MF,Brentford,26-081,1996,13.6,594,504,90,34,0,102,56,27,48,22,16,7,313,67,214,113,438,25,4,5,424,6,16,26,10,Matches
229,Gabriel Jesus,,br BRA,FW,Manchester City,24-354,1997,14.9,575,561,14,1,1,108,4,22,0,0,0,0,482,48,45,77,468,10,4,6,486,1,8,16,16,Matches
230,Raul Jimenez,,mx MEX,FW,Wolves,30-322,1991,23.9,646,605,41,0,3,191,11,12,0,0,0,0,410,140,96,26,526,27,5,20,455,3,18,30,33,Matches
231,Joelinton,,br BRA,MFFW,Newcastle Utd,25-221,1996,20.9,719,707,12,0,1,224,8,14,0,0,0,0,489,139,91,117,474,48,7,14,565,0,14,28,26,Matches
232,Ben Johnson,,eng ENG,DF,West Ham,22-058,2000,13.4,663,530,133,6,1,60,23,33,0,0,0,0,313,145,205,84,408,30,127,5,458,2,20,23,29,Matches
233,Curtis Jones,,eng ENG,MF,Liverpool,21-052,2001,7.1,439,430,9,6,0,70,9,1,0,0,0,0,383,24,32,50,373,9,2,0,399,1,2,8,6,Matches
234,Phil Jones,,eng ENG,DF,Manchester Utd,30-030,1992,1,50,50,0,0,0,5,0,0,0,0,0,0,45,4,1,5,42,3,0,0,46,0,1,0,1,Matches
235,Jorginho,,it ITA,MF,Chelsea,30-093,1991,20.8,1445,1401,44,44,6,254,18,1,0,0,0,0,1154,114,177,102,1287,42,0,2,1284,2,11,43,12,Matches
236,Diogo Jota,,pt POR,FW,Liverpool,25-109,1996,19.4,568,563,5,0,4,104,6,13,0,0,0,0,410,92,66,157,365,24,1,7,418,4,11,24,29,Matches
237,James Justin,,eng ENG,DF,Leicester City,24-028,1998,4.1,230,199,31,1,0,23,1,2,0,0,0,0,159,37,34,40,149,10,30,0,185,2,2,9,9,Matches
238,Mathias Jorgensen,,dk DEN,DF,Brentford,31-334,1990,4.8,274,211,63,7,0,28,6,8,1,0,0,0,136,49,89,10,171,27,55,1,196,1,3,14,5,Matches
239,Ozan Kabak,,tr TUR,DF,Norwich City,21-363,2000,10.2,414,397,17,13,0,74,11,0,0,0,0,0,311,42,61,56,310,22,4,2,341,0,9,9,10,Matches
240,Christian Kabasele,,be BEL,DF,Watford,31-027,1991,5.3,223,218,5,2,0,24,3,1,0,0,0,0,152,22,49,14,183,10,3,1,191,0,5,2,0,Matches
241,Samuel Kalu,,ng NGA,FWMF,Watford,24-209,1997,0.5,5,5,0,0,0,3,0,0,0,0,0,0,3,0,2,0,4,0,0,0,3,0,0,0,0,Matches
242,Hassane Kamara,,ci CIV,DF,Watford,27-185,1994,10.9,610,484,126,9,1,93,11,13,0,0,0,0,307,113,190,399,60,18,117,1,430,3,19,23,21,Matches
243,Harry Kane,,eng ENG,FW,Tottenham,28-238,1993,26.9,760,714,46,3,14,204,28,28,0,0,0,0,479,138,143,73,598,23,12,7,538,8,11,49,49,Matches
244,N'Golo Kante,,fr FRA,MF,Chelsea,30-359,1991,13.3,799,795,4,4,3,141,13,8,0,0,0,0,632,92,75,92,686,12,0,0,677,6,8,33,15,Matches
245,Edo Kayembe,,cd COD,MF,Watford,23-232,1998,4.6,240,235,5,2,0,38,13,4,3,2,1,0,175,20,45,187,30,22,0,0,196,0,5,4,6,Matches
246,Moise Kean,,it ITA,FW,Everton,22-023,2000,0,1,1,0,0,0,0,0,0,0,0,0,0,1,0,0,0,1,0,0,0,1,0,0,0,0,Matches
247,Michael Keane,,eng ENG,DF,Everton,29-071,1993,24.5,943,921,22,22,1,149,42,0,0,0,0,0,578,118,247,186,605,86,0,2,737,1,23,19,9,Matches
248,Naby Keita,,gn GUI,MF,Liverpool,27-041,1995,9.2,559,550,9,2,0,80,2,5,0,0,0,0,460,46,53,72,463,14,1,4,485,0,4,20,7,Matches
249,Caoimhin Kelleher,,ie IRL,GK,Liverpool,23-120,1998,2,90,70,20,7,0,14,0,0,0,0,0,0,73,5,12,25,53,0,0,12,81,0,1,1,0,Matches
250,Jonjoe Kenny,,eng ENG,DF,Everton,25-008,1997,7.8,335,272,63,3,0,53,4,8,0,0,0,0,180,73,82,16,238,15,60,1,253,4,12,17,10,Matches
251,Max Kilman,,eng ENG,DF,Wolves,24-304,1997,27.9,1357,1323,34,23,1,145,44,2,0,0,0,0,1031,102,224,917,319,71,11,2,1174,2,17,20,14,Matches
252,Joshua King,,no NOR,FW,Watford,30-067,1992,21.9,459,430,29,0,3,166,6,23,0,0,0,0,287,86,86,28,333,23,1,12,334,3,7,21,18,Matches
253,Kristoffer Klaesson,,no NOR,GK,Leeds United,21-116,2000,0.4,11,8,3,0,0,1,0,0,0,0,0,0,7,1,3,8,1,0,0,2,9,0,1,0,0,Matches
254,Mateusz Klich,,pl POL,MF,Leeds United,31-283,1990,18.3,783,756,27,13,3,106,8,24,1,0,0,0,576,91,116,63,664,39,7,6,613,3,15,28,22,Matches
255,Robin Koch,,de GER,MFDF,Leeds United,25-249,1996,11.2,410,403,7,6,0,83,11,0,0,0,0,0,273,46,91,40,323,22,1,1,330,0,6,13,6,Matches
256,Sead Kolasinac,,ba BIH,DF,Arsenal,28-276,1993,1,13,11,2,0,0,0,0,0,0,0,0,0,8,2,3,8,2,1,2,0,10,0,0,0,0,Matches
257,Ibrahima Konate,,fr FRA,DF,Liverpool,22-302,1999,8,493,485,8,8,1,52,6,0,0,0,0,0,385,39,69,28,419,31,0,2,433,1,4,8,3,Matches
258,Ezri Konsa,,eng ENG,DF,Aston Villa,24-151,1997,22,740,706,34,27,0,81,16,1,0,0,0,0,558,76,106,71,586,43,6,6,641,0,14,15,7,Matches
259,Cheikhou Kouyate,,sn SEN,MF,Crystal Palace,32-092,1989,18.5,651,635,16,14,0,113,6,4,0,0,0,0,460,79,112,47,516,46,2,5,542,0,5,20,8,Matches
260,Mateo Kovacic,,hr CRO,MF,Chelsea,27-321,1994,14.2,965,945,20,19,8,131,21,3,0,0,0,0,809,79,77,43,899,14,0,4,862,3,6,31,12,Matches
261,Emil Krafth,,se SWE,DF,Newcastle Utd,27-233,1994,11.5,457,363,94,6,0,49,10,11,0,0,0,0,251,74,132,10,319,24,88,1,338,1,8,15,18,Matches
262,Alex Kral,,cz CZE,MF,West Ham,23-308,1998,0,2,2,0,0,0,2,0,0,0,0,0,0,1,0,1,0,1,0,0,0,0,0,1,0,0,Matches
263,Tim Krul,,nl NED,GK,Norwich City,33-354,1988,22,814,564,250,81,1,53,22,0,0,0,0,0,412,34,368,500,161,0,0,114,568,1,21,4,1,Matches
264,Juraj Kucka,,sk SVK,MF,Watford,35-025,1987,17.6,565,541,24,8,0,117,13,9,1,0,1,0,323,106,136,98,363,55,14,4,395,0,15,31,21,Matches
265,Dejan Kulusevski,,se SWE,MFFW,Tottenham,21-332,2000,7.6,276,265,11,0,0,49,2,12,1,0,0,0,237,19,20,230,40,1,1,0,234,1,1,7,13,Matches
266,Alexandre Lacazette,,fr FRA,FWMF,Arsenal,30-299,1991,17,405,394,11,1,2,87,5,7,0,0,0,0,300,67,38,40,336,11,1,6,309,3,5,28,10,Matches
267,Adam Lallana,,eng ENG,MF,Brighton,33-317,1988,16.8,922,910,12,11,1,160,10,8,0,0,0,0,717,118,87,229,645,28,1,6,807,0,18,27,18,Matches
268,Tariq Lamptey,,eng ENG,DFFW,Brighton,21-174,2000,14.2,661,597,64,5,1,95,9,61,0,0,0,0,450,111,100,137,446,12,59,1,513,2,9,16,31,Matches
269,Manuel Lanzini,,ar ARG,MF,West Ham,29-036,1993,14.7,887,836,51,9,2,128,17,9,16,15,0,0,707,91,89,78,768,25,6,5,799,1,10,18,5,Matches
270,Aymeric Laporte,,es ESP,DF,Manchester City,27-300,1994,23.1,2115,2072,43,33,2,132,46,3,0,0,0,0,1822,113,180,1522,477,71,10,3,2017,0,12,15,2,Matches
271,Jamaal Lascelles,,eng ENG,DF,Newcastle Utd,28-132,1993,18.8,517,509,8,5,0,88,9,3,0,0,0,0,323,48,146,62,351,56,1,0,402,4,8,9,6,Matches
272,Pierre Lees-Melou,,fr FRA,MF,Norwich City,28-302,1993,17.8,729,714,15,10,1,137,35,23,1,1,0,0,432,132,165,113,571,32,2,2,572,1,10,36,20,Matches
273,Aaron Lennon,,eng ENG,MFFW,Burnley,34-341,1987,11.9,248,243,5,0,0,46,6,21,0,0,0,0,159,37,52,18,213,7,3,0,172,3,5,8,14,Matches
274,Bernd Leno,,de GER,GK,Arsenal,30-019,1992,4,111,68,43,6,0,10,0,0,0,0,0,0,47,4,60,8,89,0,0,13,72,1,5,1,0,Matches
275,Jamal Lewis,,nir NIR,DF,Newcastle Utd,24-057,1998,2.9,103,80,23,1,0,14,0,3,0,0,0,0,56,23,24,64,10,6,22,0,81,0,4,4,2,Matches
276,Victor Lindelof,,se SWE,DF,Manchester Utd,27-249,1994,18.2,920,897,23,20,3,112,30,0,0,0,0,0,722,87,111,114,731,47,3,5,818,2,6,13,11,Matches
277,Jesse Lingard,,eng ENG,FW,Manchester Utd,29-098,1992,2.3,84,82,2,0,0,8,1,8,0,0,0,0,63,13,8,10,71,2,1,0,70,0,1,1,1,Matches
278,Valentino Livramento,,eng ENG,DF,Southampton,19-131,2002,22.2,1053,855,198,15,2,130,15,51,0,0,0,0,631,200,222,89,715,49,183,2,812,0,30,41,35,Matches
279,Diego Llorente,,es ESP,DF,Leeds United,28-219,1993,19,1036,1004,32,26,2,135,33,2,0,0,0,0,757,104,175,240,722,46,6,6,858,2,24,31,18,Matches
280,Hugo Lloris,,fr FRA,GK,Tottenham,35-087,1986,29,715,464,251,41,1,41,12,0,0,0,0,0,402,30,283,445,111,0,0,111,564,2,8,8,1,Matches
281,Giovani Lo Celso,,ar ARG,MFFW,Tottenham,25-348,1996,2.6,148,135,13,3,1,25,5,1,10,2,4,1,113,19,16,124,21,1,0,2,117,0,0,10,8,Matches
282,Jurgen Locadia,,nl NED,FW,Brighton,28-136,1993,0.3,3,3,0,0,0,1,0,0,0,0,0,0,3,0,0,0,3,0,0,0,2,0,0,0,1,Matches
283,Ruben Loftus-Cheek,,eng ENG,MF,Chelsea,26-059,1996,8.7,495,487,8,5,2,77,6,4,0,0,0,0,411,47,37,30,425,18,2,1,436,0,3,17,5,Matches
284,Shane Long,,ie IRL,FWMF,Southampton,35-060,1987,1.6,39,39,0,0,0,20,1,2,0,0,0,0,19,11,9,5,17,3,0,1,22,0,1,2,2,Matches
285,Sean Longstaff,,eng ENG,MF,Newcastle Utd,24-144,1997,12.2,465,441,24,16,0,95,14,2,1,1,0,0,326,56,83,81,341,26,1,5,369,2,7,12,8,Matches
286,Ademola Lookman,,eng ENG,FWMF,Leicester City,24-154,1997,12.7,420,408,12,4,1,102,3,19,1,0,0,0,355,37,28,93,318,6,2,0,324,4,5,20,21,Matches
287,Jonas Lossl,,dk DEN,GK,Brentford,33-050,1989,2,62,46,16,3,0,5,2,0,0,0,0,0,29,4,29,0,55,0,0,6,44,0,0,1,0,Matches
288,Imran Louza,,ma MAR,MF,Watford,22-326,1999,11.1,507,455,52,26,1,57,24,12,18,10,5,2,305,62,140,372,86,39,5,2,394,0,10,12,10,Matches
289,Matthew Lowton,,eng ENG,DF,Burnley,32-287,1989,16.8,743,572,171,15,2,79,21,31,0,0,0,0,303,176,264,49,483,40,156,3,510,4,17,25,35,Matches
290,Douglas Luiz,,br BRA,MF,Aston Villa,23-318,1998,22.9,1059,929,130,81,3,140,35,18,42,26,9,1,743,118,198,100,873,49,7,5,873,3,21,26,10,Matches
291,Romelu Lukaku,,be BEL,FW,Chelsea,28-314,1993,13.5,235,217,18,0,5,89,1,6,0,0,0,0,163,40,32,136,57,10,0,9,169,1,0,22,10,Matches
292,Lyanco,,br BRA,DF,Southampton,25-050,1997,6.1,228,220,8,6,0,34,4,3,0,0,0,0,136,22,70,13,194,12,0,3,160,1,4,7,5,Matches
293,Alexis Mac Allister,,ar ARG,MFFW,Brighton,23-089,1998,14.9,734,667,67,25,2,115,37,17,40,22,12,2,527,80,127,81,611,17,2,6,588,1,11,26,20,Matches
294,James Maddison,,eng ENG,MFFW,Leicester City,25-120,1996,19.1,705,604,101,34,7,139,28,26,53,24,16,2,487,73,145,70,612,12,3,3,526,2,13,31,14,Matches
295,Harry Maguire,,eng ENG,DF,Manchester Utd,29-018,1993,22.7,1201,1161,40,39,0,162,52,0,0,0,0,0,862,106,233,175,905,69,1,5,1041,5,25,13,8,Matches
296,Riyad Mahrez,,dz ALG,FW,Manchester City,31-030,1991,13.5,757,681,76,8,3,95,29,41,54,24,2,10,576,61,120,671,48,15,14,1,627,4,8,20,17,Matches
297,Ainsley Maitland-Niles,,eng ENG,MF,Arsenal,24-206,1997,3,136,131,5,4,0,22,2,1,0,0,0,0,99,10,27,18,104,9,1,0,105,0,4,9,2,Matches
298,Sadio Mane,,sn SEN,FW,Liverpool,29-347,1992,24.7,831,822,9,2,3,170,15,43,0,0,0,0,631,112,88,204,586,14,7,7,622,6,20,65,41,Matches
299,Javier Manquillo,,es ESP,DF,Newcastle Utd,27-322,1994,13.3,381,286,95,0,0,48,2,9,0,0,0,0,189,102,90,26,229,22,95,3,276,1,10,21,12,Matches
300,Fernando Marcal,,br BRA,DF,Wolves,33-032,1989,14.2,755,629,126,6,1,102,18,50,3,1,1,0,450,164,141,545,54,26,117,2,588,7,13,32,20,Matches
301,Solly March,,eng ENG,DFFW,Brighton,27-246,1994,13.8,567,498,69,13,0,103,34,44,24,5,13,1,371,71,125,460,44,20,31,2,415,0,9,22,28,Matches
302,Pablo Mari,,es ESP,DF,Arsenal,28-204,1993,2,86,85,1,1,0,8,3,0,0,0,0,0,64,7,15,60,13,11,0,0,78,0,1,1,1,Matches
303,Anthony Martial,,fr FRA,FW,Manchester Utd,26-108,1995,2.4,85,84,1,0,1,16,1,5,0,0,0,0,70,8,7,7,74,0,0,2,66,0,0,6,4,Matches
304,Martinelli,,br BRA,FWMF,Arsenal,20-278,2001,13.8,371,339,32,1,0,68,17,27,25,24,0,0,250,56,65,38,305,12,3,0,260,1,8,16,21,Matches
305,Emiliano Martinez,,ar ARG,GK,Aston Villa,29-202,1992,28,870,563,307,84,0,60,28,0,0,0,0,0,460,27,383,103,600,0,0,110,632,4,30,7,2,Matches
306,Adam Masina,,ma MAR,DF,Watford,28-080,1994,9.6,421,327,94,7,0,49,18,17,5,3,2,0,167,87,167,249,52,25,82,1,283,1,12,13,9,Matches
307,Arthur Masuaku,,cd COD,DFFW,West Ham,28-136,1993,6.2,337,298,39,4,0,44,5,18,0,0,0,0,230,55,52,268,11,15,35,1,262,2,10,12,9,Matches
308,Jean-Philippe Mateta,,fr FRA,FW,Crystal Palace,24-268,1997,7.2,135,124,11,0,0,38,0,3,0,0,0,0,87,23,25,28,72,16,0,1,99,2,1,7,8,Matches
309,Nemanja Matic,,rs SRB,MF,Manchester Utd,33-234,1988,10.2,674,651,23,18,2,106,21,1,0,0,0,0,523,73,78,533,91,25,5,2,585,2,4,24,12,Matches
310,Joel Matip,,cm CMR,DF,Liverpool,30-227,1991,23,1640,1599,41,29,1,167,29,0,0,0,0,0,1265,159,216,194,1279,99,12,10,1478,3,11,24,13,Matches
311,Neal Maupay,,fr FRA,FW,Brighton,25-221,1996,22.7,530,480,50,1,1,149,6,3,1,0,0,0,408,72,50,71,410,16,6,13,416,3,6,28,28,Matches
312,Bryan Mbeumo,,fr FRA,FWMF,Brentford,22-228,1999,24.8,624,577,47,18,1,130,26,39,18,12,3,2,356,119,149,475,86,30,6,10,404,2,16,40,37,Matches
313,James McArthur,,sct SCO,MF,Crystal Palace,34-167,1987,12.9,712,672,40,19,1,124,10,12,1,0,1,0,525,80,107,163,503,15,8,7,597,0,9,23,18,Matches
314,James Mcatee,,eng ENG,MFFW,Manchester City,19-156,2002,0.2,13,13,0,0,0,4,0,0,0,0,0,0,10,3,0,10,2,0,0,0,9,0,0,0,0,Matches
315,Kasey McAteer,,eng ENG,FW,Leicester City,20-121,2001,0,1,1,0,0,0,0,0,0,0,0,0,0,1,0,0,1,0,0,0,0,1,0,0,0,0,Matches
316,Liam McCarron,,sct SCO,FW,Leeds United,21-016,2001,0.1,2,2,0,0,0,2,0,0,0,0,0,0,0,2,0,1,1,0,0,0,2,0,0,0,0,Matches
317,Alex McCarthy,,eng ENG,GK,Southampton,32-110,1989,15,450,305,145,36,0,23,8,0,0,0,0,0,196,12,242,46,318,0,0,61,274,0,21,5,1,Matches
318,John McGinn,,sct SCO,MF,Aston Villa,27-156,1994,25.3,994,891,103,53,7,140,79,46,43,31,7,2,620,95,279,786,142,45,5,1,742,5,23,46,17,Matches
319,Stuart McKinstry,,sct SCO,MF,Leeds United,19-186,2002,0,4,4,0,0,0,2,0,0,0,0,0,0,3,0,1,0,4,0,0,0,3,0,0,0,0,Matches
320,Kenny McLean,,sct SCO,MF,Norwich City,30-074,1992,26.3,902,871,31,13,1,189,25,22,2,2,0,0,534,178,190,633,131,63,13,2,662,3,14,33,32,Matches
321,Dwight McNeil,,eng ENG,MF,Burnley,22-121,1999,26,845,774,71,29,4,191,66,87,36,30,1,0,535,79,231,780,31,17,5,2,576,5,17,29,53,Matches
322,Scott McTominay,,sct SCO,MF,Manchester Utd,25-105,1996,20.9,965,937,28,25,1,168,31,7,0,0,0,0,756,86,123,49,838,36,1,2,823,4,9,26,15,Matches
323,Ben Mee,,eng ENG,DF,Burnley,32-181,1989,20.4,734,707,27,23,0,122,40,3,0,0,0,0,363,80,291,515,94,73,4,3,539,3,19,13,14,Matches
324,Benjamin Mendy,,fr FRA,DF,Manchester City,27-249,1994,0.9,87,75,12,4,0,1,3,4,0,0,0,0,61,16,10,74,2,3,8,0,73,0,0,1,6,Matches
325,Edouard Mendy,,sn SEN,GK,Chelsea,30-022,1992,24,681,520,161,34,0,76,17,0,0,0,0,0,458,32,191,57,512,1,0,92,550,0,13,7,2,Matches
326,Nampalys Mendy,,sn SEN,MF,Leicester City,29-273,1992,1.8,92,90,2,2,0,9,2,0,0,0,0,0,85,2,5,15,77,0,0,0,90,0,0,0,1,Matches
327,Illan Meslier,,fr FRA,GK,Leeds United,22-021,2000,29.6,1086,806,280,61,0,80,25,0,0,0,0,0,667,51,368,700,162,1,0,206,823,4,35,10,1,Matches
328,Luka Milivojevic,,rs SRB,MF,Crystal Palace,30-350,1991,7.2,425,381,44,21,0,42,21,14,22,9,8,0,285,46,94,56,324,29,1,4,337,1,2,14,10,Matches
329,James Milner,,eng ENG,MFDF,Liverpool,36-078,1986,7.1,533,488,45,13,0,61,14,16,8,0,6,0,371,83,79,47,434,19,24,2,432,2,7,17,15,Matches
330,Yerry Mina,,co COL,DF,Everton,27-181,1994,7.2,282,277,5,3,0,53,11,2,0,0,0,0,201,38,43,46,194,26,2,1,231,1,5,5,7,Matches
331,Takumi Minamino,,jp JPN,FWMF,Liverpool,27-066,1995,1.1,41,41,0,0,1,9,0,0,0,0,0,0,36,3,2,8,30,0,0,1,35,1,0,1,1,Matches
332,Tyrone Mings,,eng ENG,DF,Aston Villa,29-010,1993,26.4,1202,1145,57,40,2,116,25,3,0,0,0,0,823,110,269,873,192,80,15,2,969,3,30,26,13,Matches
333,Tyrick Mitchell,,eng ENG,DF,Crystal Palace,22-203,1999,28.9,1573,1238,335,26,1,184,9,47,2,2,0,0,828,309,436,1066,118,70,307,1,1148,8,37,66,54,Matches
334,Jakub Moder,,pl POL,MFFW,Brighton,22-350,1999,18.8,806,777,29,10,0,131,10,28,8,4,3,0,603,98,105,182,567,28,7,3,590,2,12,30,37,Matches
335,Wesley Moraes,,br BRA,FW,Aston Villa,25-117,1996,0,2,2,0,0,0,2,0,0,0,0,0,0,0,1,1,0,0,0,0,0,2,0,0,0,0,Matches
336,Tyler Morton,,eng ENG,MF,Liverpool,19-143,2002,0.7,37,37,0,0,0,7,3,0,0,0,0,0,25,3,9,0,32,2,0,0,32,0,0,1,1,Matches
337,Mason Mount,,eng ENG,MFFW,Chelsea,23-072,1999,18.5,861,776,85,12,3,147,25,50,67,26,32,2,630,87,144,78,752,19,3,3,667,4,9,30,33,Matches
338,Lucas Moura,,br BRA,FWMF,Tottenham,29-222,1992,17.1,669,655,14,5,5,138,3,19,1,0,0,0,497,79,93,77,527,21,5,6,505,8,5,39,21,Matches
339,Joao Moutinho,,pt POR,MF,Wolves,35-196,1986,25.1,1475,1340,135,72,2,255,79,22,56,10,30,3,999,185,291,96,1289,71,4,5,1251,2,16,27,25,Matches
340,Bali Mumba,,eng ENG,DF,Norwich City,20-166,2001,0.5,10,10,0,0,0,3,0,0,0,0,0,0,7,1,2,4,5,1,0,0,7,1,0,0,0,Matches
341,Jacob Murphy,,eng ENG,DFFW,Newcastle Utd,27-027,1995,13.5,495,413,82,9,0,69,11,43,2,2,0,0,239,149,107,74,314,27,71,1,312,1,14,31,37,Matches
342,Enock Mwepu,,zm ZAM,MF,Brighton,24-081,1998,7.1,263,261,2,1,1,51,5,4,0,0,0,0,182,41,40,30,208,17,1,2,193,0,5,14,6,Matches
343,Vitaliy Mykolenko,,ua UKR,DF,Everton,22-298,1999,2,94,77,17,3,1,15,1,5,0,0,0,0,59,17,18,73,4,2,14,0,75,0,4,1,2,Matches
344,Marvelous Nakamba,,zw ZIM,MF,Aston Villa,28-063,1994,8.4,313,305,8,7,0,40,2,1,0,0,0,0,256,21,36,253,36,17,0,1,270,1,2,11,4,Matches
345,Wilfred Ndidi,,ng NGA,MFDF,Leicester City,25-097,1996,18,918,896,22,20,0,164,18,2,0,0,0,0,681,101,136,101,726,52,2,3,757,2,16,24,20,Matches
346,Tanguy Ndombele,,fr FRA,MF,Tottenham,25-085,1996,5.4,264,256,8,2,0,34,2,2,0,0,0,0,241,14,9,20,238,3,0,1,228,0,1,12,7,Matches
347,Reiss Nelson,,eng ENG,FW,Arsenal,22-103,1999,0.2,11,11,0,0,0,0,0,0,0,0,0,0,9,1,1,2,8,1,0,0,10,0,0,0,1,Matches
348,Pedro Neto,,pt POR,MFFW,Wolves,22-014,2000,1.5,75,67,8,3,0,14,5,4,5,3,1,0,55,5,15,66,6,3,0,0,57,0,0,4,1,Matches
349,Ruben Neves,,pt POR,MF,Wolves,25-010,1997,25.2,1680,1617,63,53,6,283,105,19,6,0,3,0,1204,165,311,141,1477,34,4,5,1385,11,34,55,27,Matches
350,Jeremy Ngakia,,eng ENG,DF,Watford,21-197,2000,7,302,229,73,8,0,49,3,10,3,0,3,0,133,75,94,15,193,18,62,0,220,1,10,6,11,Matches
351,Saul Niguez,,es ESP,DFMF,Chelsea,27-122,1994,3.8,248,224,24,8,0,17,3,5,0,0,0,0,168,46,34,173,43,13,16,0,211,0,4,9,7,Matches
352,Eddie Nketiah,,eng ENG,FWMF,Arsenal,22-297,1999,1.4,55,54,1,0,0,4,0,2,0,0,0,0,44,6,5,7,45,3,0,0,47,0,2,2,0,Matches
353,Nicolas Nkoulou,,cm CMR,DF,Watford,31-361,1990,1.9,53,52,1,1,0,0,2,0,0,0,0,0,37,6,10,4,46,2,0,1,46,0,0,1,0,Matches
354,Mark Noble,,eng ENG,MF,West Ham,34-319,1987,1.4,90,85,5,3,0,10,1,0,0,0,0,0,67,7,16,4,82,4,0,0,77,0,3,0,1,Matches
355,Mathias Normann,,no NOR,MF,Norwich City,25-299,1996,11.9,493,458,35,15,2,79,36,9,13,9,3,1,248,73,172,50,387,31,7,2,323,2,15,30,15,Matches
356,Christian Norgaard,,dk DEN,MF,Brentford,28-013,1994,28.2,1376,1294,82,38,2,238,21,10,0,0,0,0,916,189,271,196,1022,108,4,7,1088,2,22,61,23,Matches
357,Angelo Ogbonna,,it ITA,DF,West Ham,33-304,1988,10.2,452,447,5,3,0,41,1,0,0,0,0,0,353,22,77,264,156,19,1,1,392,2,5,2,3,Matches
358,Michael Olise,,fr FRA,FWMF,Crystal Palace,20-101,2001,10.8,540,484,56,26,3,80,27,40,22,14,5,0,354,59,127,441,74,7,8,4,401,6,14,15,14,Matches
359,Andrew Omobamidele,,ie IRL,DF,Norwich City,19-273,2002,4.2,226,210,16,8,0,27,7,0,0,0,0,0,174,14,38,19,177,19,8,1,196,0,2,1,3,Matches
360,Tyler Onyango,,eng ENG,MFFW,Everton,19-019,2003,0.3,1,1,0,0,0,0,0,0,0,0,0,0,0,0,1,0,0,1,0,0,0,0,0,1,0,Matches
361,Frank Onyeka,,ng NGA,MF,Brentford,24-081,1998,11.6,328,319,9,1,0,62,6,7,0,0,0,0,228,46,54,31,249,24,7,2,261,0,6,13,9,Matches
362,Divock Origi,,be BEL,FW,Liverpool,26-339,1995,0.8,20,20,0,0,0,5,0,0,0,0,0,0,18,2,0,1,19,0,0,0,16,0,0,2,0,Matches
363,Alex Oxlade-Chamberlain,,eng ENG,MFFW,Liverpool,28-220,1993,8.7,402,392,10,3,0,63,9,22,2,1,0,1,294,43,65,35,349,12,1,2,318,1,6,8,18,Matches
364,Cole Palmer,,eng ENG,FWMF,Manchester City,19-321,2002,1.4,53,53,0,0,2,13,0,4,0,0,0,0,44,2,7,45,5,1,0,0,45,0,0,0,0,Matches
365,Emerson Palmieri,,it ITA,DF,Chelsea,27-232,1994,0.1,2,2,0,0,0,1,0,0,0,0,0,0,2,0,0,2,0,0,0,0,1,0,0,1,0,Matches
366,Thomas Partey,,gh GHA,MF,Arsenal,28-283,1993,21.7,1136,1114,22,20,2,147,36,2,0,0,0,0,854,137,145,82,993,37,2,5,978,3,17,34,15,Matches
367,Joao Pedro,,br BRA,FWMF,Watford,20-178,2001,11.3,346,334,12,0,0,93,8,15,3,0,1,0,193,73,80,38,245,24,2,7,235,4,7,18,11,Matches
368,Nicolas Pepe,,ci CIV,FWMF,Arsenal,26-298,1995,6.7,307,270,37,3,1,58,9,8,32,10,10,6,223,29,55,261,19,7,2,2,243,2,2,8,6,Matches
369,Ricardo Pereira,,pt POR,DF,Leicester City,28-168,1993,9.8,575,481,94,3,0,75,7,15,0,0,0,0,357,115,103,67,394,15,91,0,463,0,3,19,27,Matches
370,Ayoze Perez,,es ESP,FWMF,Leicester City,28-243,1993,2.4,72,71,1,0,0,21,2,3,0,0,0,0,42,21,9,7,54,5,0,1,58,0,0,1,2,Matches
371,Sonny Perkins,,eng ENG,FW,West Ham,18-041,2004,0,1,1,0,0,0,1,0,0,0,0,0,0,0,0,1,0,0,0,0,0,0,0,0,0,0,Matches
372,Romain Perraud,,fr FRA,DF,Southampton,24-182,1997,13.4,566,451,115,4,0,80,7,34,2,0,1,0,291,126,149,399,25,23,109,1,372,2,8,23,36,Matches
373,Kalvin Phillips,,eng ENG,MF,Leeds United,26-111,1995,11.1,626,601,25,17,0,77,32,5,1,0,0,1,412,85,129,66,524,22,4,0,514,1,14,24,9,Matches
374,Jaden Philogene Bidace,,eng ENG,FW,Aston Villa,19-309,2002,0.1,0,0,0,0,0,0,0,0,0,0,0,0,0,0,0,0,0,0,0,0,0,0,0,0,0,Matches
375,Jordan Pickford,,eng ENG,GK,Everton,28-016,1994,25,800,529,271,83,0,60,42,0,0,0,0,0,225,24,551,553,98,0,0,87,431,5,38,17,2,Matches
376,Erik Pieters,,nl NED,DF,Burnley,33-228,1988,7.9,339,260,79,3,0,48,6,5,0,0,0,0,143,100,96,215,20,21,76,1,237,3,7,13,14,Matches
377,Ethan Pinnock,,jm JAM,DF,Brentford,28-298,1993,27.7,1439,1210,229,40,0,186,17,27,0,0,0,0,777,253,409,907,106,145,188,3,1095,7,20,30,15,Matches
378,Daniel Podence,,pt POR,FWMF,Wolves,26-153,1995,15.6,593,556,37,3,5,124,22,33,18,2,10,3,391,93,109,73,479,16,9,14,434,1,7,42,24,Matches
379,Paul Pogba,,fr FRA,MFFW,Manchester Utd,29-008,1993,12.6,721,709,12,10,4,155,43,15,1,0,0,0,526,78,117,78,603,14,0,5,599,3,14,22,19,Matches
380,Nick Pope,,eng ENG,GK,Burnley,29-338,1992,25,729,446,283,95,1,40,15,0,0,0,0,0,121,24,584,29,542,1,0,88,355,10,24,8,3,Matches
381,Teemu Pukki,,fi FIN,FW,Norwich City,31-359,1990,27.2,398,333,65,0,1,84,6,19,0,0,0,0,274,82,42,44,316,24,2,4,294,1,6,17,21,Matches
382,Christian Pulisic,,us USA,MFFW,Chelsea,23-186,1998,10.5,342,325,17,1,0,77,2,11,0,0,0,0,271,40,31,67,248,4,11,2,271,2,7,14,16,Matches
383,Przemyslaw Placheta,,pl POL,FWMF,Norwich City,24-000,1998,4.9,141,123,18,1,0,29,7,10,11,6,3,1,77,26,38,113,13,5,6,1,94,1,2,3,10,Matches
384,Jesuran Rak Sakyi,,eng ENG,MF,Crystal Palace,19-169,2002,0.2,12,10,2,2,0,4,1,1,0,0,0,0,7,4,1,12,0,0,0,0,10,0,0,1,0,Matches
385,Aaron Ramsdale,,eng ENG,GK,Arsenal,23-313,1998,24,842,644,198,58,0,69,28,0,0,0,0,0,428,33,381,55,626,0,1,117,567,1,33,14,2,Matches
386,Jacob Ramsey,,eng ENG,MF,Aston Villa,20-299,2001,21.4,788,778,10,5,1,135,15,13,0,0,0,0,651,64,73,139,609,22,1,0,672,1,12,17,24,Matches
387,Marcus Rashford,,eng ENG,FWMF,Manchester Utd,24-143,1997,10.4,333,327,6,2,0,59,3,22,0,0,0,0,229,60,44,29,271,16,3,2,227,3,7,18,17,Matches
388,Milot Rashica,,xk KVX,FWMF,Norwich City,25-268,1996,18,446,375,71,21,0,87,38,65,37,19,14,1,243,58,145,67,336,21,13,1,277,1,13,22,16,Matches
389,David Raya,,es ESP,GK,Brentford,26-189,1995,16,723,538,185,56,0,64,36,0,0,0,0,0,272,24,427,60,532,2,0,77,456,6,33,14,2,Matches
390,Nathan Redmond,,eng ENG,MFFW,Southampton,28-017,1994,15.1,531,502,29,2,2,104,10,37,13,5,7,0,346,78,107,41,454,22,1,2,373,1,10,27,14,Matches
391,Sergio Reguilon,,es ESP,DF,Tottenham,25-097,1996,19.5,923,769,154,18,1,88,26,59,10,6,1,0,561,166,196,699,54,31,126,1,699,3,11,34,38,Matches
392,Declan Rice,,eng ENG,MF,West Ham,23-068,1999,28,1629,1606,23,17,1,228,58,27,0,0,0,0,1316,116,197,225,1301,69,6,1,1467,5,16,25,18,Matches
393,Taylor Richards,,eng ENG,MFFW,Brighton,21-109,2000,0.3,27,27,0,0,0,2,0,0,0,0,0,0,26,0,1,26,1,0,0,0,23,0,0,1,1,Matches
394,Richarlison,,br BRA,FWMF,Everton,24-317,1997,18.2,325,311,14,0,2,124,5,11,0,0,0,0,213,73,39,55,223,23,1,5,214,3,11,18,26,Matches
395,Jairo Riedewald,,nl NED,MF,Crystal Palace,25-195,1996,1.3,54,49,5,2,0,9,3,0,2,1,1,0,42,5,7,42,9,2,1,0,45,0,1,2,2,Matches
396,Matt Ritchie,,sct SCO,DF,Newcastle Utd,32-194,1989,14.6,679,494,185,33,1,70,43,44,48,28,19,0,312,149,218,432,101,32,103,2,492,3,13,21,14,Matches
397,Connor Roberts,,wls WAL,DF,Burnley,26-181,1995,10.2,438,322,116,5,1,51,6,14,1,0,0,0,198,57,183,29,260,28,110,0,274,1,8,24,15,Matches
398,Tyler Roberts,,wls WAL,MFFW,Leeds United,23-070,1999,11,301,284,17,2,0,58,7,16,0,0,0,0,211,52,38,43,236,11,4,2,222,0,14,8,13,Matches
399,Andrew Robertson,,sct SCO,DF,Liverpool,28-012,1994,21.5,1734,1462,272,37,1,125,46,77,59,7,47,0,1129,283,322,1380,101,58,176,3,1386,6,18,48,56,Matches
400,Joe Rodon,,wls WAL,DF,Tottenham,24-152,1997,0.9,18,18,0,0,0,1,0,0,0,0,0,0,15,1,2,0,18,0,0,0,17,0,0,0,0,Matches
401,Rodri,,es ESP,MF,Manchester City,25-274,1996,23.4,2040,2010,30,25,2,326,69,5,0,0,0,0,1574,180,286,283,1629,74,5,4,1883,3,8,34,11,Matches
402,Rodrigo,,es ESP,MFFW,Leeds United,31-017,1991,18.1,646,599,47,8,4,136,22,24,9,2,4,0,436,119,91,525,68,24,7,10,487,0,13,38,25,Matches
403,Jay Rodriguez,,eng ENG,FW,Burnley,32-237,1989,10.5,201,198,3,0,0,69,2,3,0,0,0,0,95,54,52,6,121,27,0,12,136,1,6,6,4,Matches
404,Mads Roerslev,,dk DEN,DF,Brentford,22-272,1999,10.5,252,238,14,0,0,41,5,15,0,0,0,0,135,48,69,11,197,20,14,2,164,1,7,9,10,Matches
405,Cristian Romero,,ar ARG,DF,Tottenham,23-330,1998,14.5,895,866,29,21,1,111,22,1,0,0,0,0,697,81,117,40,785,35,8,6,783,1,11,22,13,Matches
406,Oriol Romeu,,es ESP,MF,Southampton,30-180,1991,25.7,1418,1387,31,30,4,284,51,6,0,0,0,0,1016,116,286,207,1080,81,1,4,1198,3,21,25,20,Matches
407,Cristiano Ronaldo,,pt POR,FW,Manchester Utd,37-046,1985,21.3,649,627,22,2,2,138,5,11,0,0,0,0,504,97,48,76,513,27,4,16,528,2,8,28,22,Matches
408,Salomon Rondon,,ve VEN,FW,Everton,32-188,1989,7.9,169,163,6,0,0,62,2,3,0,0,0,0,76,53,40,24,81,26,1,7,115,0,3,5,7,Matches
409,Danny Rose,,eng ENG,DF,Watford,31-264,1990,7.7,331,219,112,18,1,25,14,15,8,5,3,0,118,85,128,189,32,20,86,1,221,2,5,10,17,Matches
410,Jon Rowe,,eng ENG,FWMF,Norwich City,18-327,2003,1.2,39,38,1,1,0,7,1,3,0,0,0,0,34,2,3,8,30,0,0,0,28,1,2,2,3,Matches
411,Antonio Rudiger,,de GER,DF,Chelsea,29-020,1993,26,1837,1787,50,40,2,173,66,12,0,0,0,0,1434,120,283,494,1251,55,10,2,1608,8,25,33,13,Matches
412,Lukas Rupp,,de GER,MF,Norwich City,31-074,1991,6.5,328,325,3,1,1,59,8,3,0,0,0,0,240,47,41,54,263,6,1,2,277,2,8,11,10,Matches
413,Jose Sa,,pt POR,GK,Wolves,29-065,1993,30,877,593,284,72,0,32,8,0,0,0,0,0,434,35,408,50,586,2,0,160,587,3,26,10,1,Matches
414,Allan Saint-Maximin,,fr FRA,FWMF,Newcastle Utd,25-011,1997,22.7,550,528,22,1,6,130,19,51,0,0,0,0,404,79,67,57,462,16,4,0,391,3,14,23,41,Matches
415,Romain Saiss,,ma MAR,DF,Wolves,31-362,1990,27.4,1551,1500,51,38,0,144,36,7,0,0,0,0,1098,140,313,1247,159,91,13,2,1278,5,20,49,23,Matches
416,Bukayo Saka,,eng ENG,FWMF,Arsenal,20-199,2001,23.7,871,810,61,14,0,176,27,57,37,31,1,3,629,108,134,670,163,14,9,2,649,1,10,46,43,Matches
417,Mohamed Salah,,eg EGY,FW,Liverpool,29-281,1992,25.1,910,902,8,0,12,160,9,42,1,1,0,0,694,114,102,738,127,24,4,10,709,3,15,48,37,Matches
418,Mohammed Salisu,,gh GHA,DF,Southampton,22-340,1999,26,1456,1366,90,33,1,203,14,16,0,0,0,0,1004,104,348,1161,93,92,56,3,1146,2,28,40,18,Matches
419,Albert Sambi Lokonga,,be BEL,MF,Arsenal,22-152,1999,10.1,602,578,24,21,1,99,15,3,0,0,0,0,479,49,74,112,451,21,2,1,537,0,6,12,5,Matches
420,Davinson Sanchez,,co COL,DF,Tottenham,25-284,1996,14.8,834,811,23,18,1,86,21,2,0,0,0,0,670,57,107,99,670,33,5,3,740,1,10,13,6,Matches
421,Robert Sanchez,,es ESP,GK,Brighton,24-125,1997,28,1196,974,222,51,0,96,40,0,0,0,0,0,693,42,461,181,848,0,0,125,862,5,36,24,4,Matches
422,Jadon Sancho,,eng ENG,FWMF,Manchester Utd,21-363,2000,16.6,764,742,22,1,1,137,7,25,7,0,1,1,631,82,51,72,646,27,13,4,632,1,5,50,14,Matches
423,Morgan Sanson,,fr FRA,MF,Aston Villa,27-217,1994,3.2,133,133,0,0,0,24,2,5,0,0,0,0,107,8,18,19,108,3,0,2,101,0,2,7,4,Matches
424,Samir Santos,,br BRA,DF,Watford,27-108,1994,11,434,424,10,9,0,45,11,0,0,0,0,0,305,32,97,332,59,29,1,0,360,1,9,3,4,Matches
425,Josh Sargent,,us USA,FWMF,Norwich City,22-031,2000,17.3,399,390,9,0,0,120,1,13,0,0,0,0,266,75,58,81,239,32,5,7,295,0,7,18,21,Matches
426,Jeremy Sarmiento,,ec ECU,FW,Brighton,19-280,2002,0.2,7,7,0,0,0,1,0,0,0,0,0,0,5,1,1,0,6,1,0,0,5,0,0,2,0,Matches
427,Ismaila Sarr,,sn SEN,FWMF,Watford,24-026,1998,14.9,355,348,7,1,0,69,11,39,0,0,0,0,233,64,58,19,297,28,3,2,257,0,6,18,21,Matches
428,Malang Sarr,,fr FRA,DF,Chelsea,23-059,1999,4.7,325,299,26,10,0,26,3,3,0,0,0,0,265,29,31,261,37,7,16,1,289,0,7,2,4,Matches
429,Dane Scarlett,,eng ENG,MF,Tottenham,17-364,2004,0,1,1,0,0,0,1,0,0,0,0,0,0,1,0,0,1,0,0,0,0,1,0,0,0,0,Matches
430,Fabian Schar,,ch SUI,DF,Newcastle Utd,30-093,1991,18.8,716,655,61,51,1,73,51,4,0,0,0,0,379,77,260,98,546,40,10,2,497,5,21,31,10,Matches
431,Jeffrey Schlupp,,gh GHA,MFFW,Crystal Palace,29-090,1992,14.4,438,433,5,4,1,80,4,17,0,0,0,0,297,55,86,295,80,39,0,2,321,3,13,19,19,Matches
432,Kasper Schmeichel,,dk DEN,GK,Leicester City,35-138,1986,27,963,627,336,110,0,48,43,0,0,0,0,0,437,35,491,42,762,0,0,108,677,4,39,22,2,Matches
433,Ken Sema,,se SWE,MFFW,Watford,28-174,1993,6.1,139,132,7,2,0,29,5,10,2,0,1,0,76,26,37,96,19,12,3,1,81,0,3,4,13,Matches
434,Nelson Semedo,,pt POR,DF,Wolves,28-127,1993,22.1,1070,867,203,3,1,154,9,25,0,0,0,0,654,243,173,148,686,17,200,7,840,3,25,32,38,Matches
435,Ryan Sessegnon,,eng ENG,DFMF,Tottenham,21-309,2000,6,197,166,31,2,0,26,3,13,1,0,0,0,119,48,30,127,29,9,28,0,145,1,8,3,9,Matches
436,Jamie Shackleton,,eng ENG,DFMF,Leeds United,22-166,1999,7.6,394,333,61,2,0,44,1,4,0,0,0,0,279,93,22,78,244,9,59,1,340,0,5,11,13,Matches
437,Luke Shaw,,eng ENG,DF,Manchester Utd,26-254,1995,17.3,1135,920,215,14,1,146,42,42,51,15,28,2,680,243,212,872,56,35,150,5,905,6,8,36,44,Matches
438,Jonjo Shelvey,,eng ENG,MF,Newcastle Utd,30-024,1992,17,730,666,64,25,2,97,65,11,24,11,8,2,446,70,214,84,614,21,3,3,586,1,10,18,5,Matches
439,Francisco Sierralta,,cl CHI,DF,Watford,24-321,1997,4.7,169,164,5,5,0,17,5,0,0,0,0,0,122,8,39,17,137,8,0,0,143,1,4,0,0,Matches
440,Bernardo Silva,,pt POR,MFFW,Manchester City,27-225,1994,26.7,1581,1514,67,19,4,211,21,56,13,1,0,0,1317,146,118,1387,130,28,24,7,1395,3,10,40,42,Matches
441,Fabio Silva,,pt POR,FWMF,Wolves,19-247,2002,2.9,72,66,6,0,0,18,1,2,0,0,0,0,49,16,7,1,64,4,0,0,47,0,0,7,4,Matches
442,Thiago Silva,,br BRA,DF,Chelsea,37-182,1984,21.3,1741,1705,36,33,2,145,31,0,0,0,0,0,1390,138,213,137,1507,66,3,4,1609,3,6,24,8,Matches
443,Ellis Simms,,eng ENG,FW,Everton,21-077,2001,0.7,15,15,0,0,0,7,0,0,0,0,0,0,4,9,2,2,6,4,0,0,8,0,2,0,0,Matches
444,Moussa Sissoko,,fr FRA,MF,Watford,32-219,1989,26.8,895,873,22,14,1,170,22,15,0,0,0,0,589,118,188,80,677,87,8,6,720,1,12,41,17,Matches
445,Oliver Skipp,,eng ENG,MF,Tottenham,21-188,2000,15,822,804,18,17,1,97,14,5,0,0,0,0,689,61,72,44,742,22,1,4,736,0,8,24,16,Matches
446,William Smallbone,,ie IRL,MFFW,Southampton,22-030,2000,1.3,27,25,2,1,0,11,0,1,0,0,0,0,12,7,8,3,21,1,0,0,14,0,1,2,3,Matches
447,Emile Smith Rowe,,eng ENG,MFFW,Arsenal,21-238,2000,16.7,645,612,33,3,3,78,13,16,22,16,3,0,520,59,66,114,503,17,5,2,552,1,4,14,10,Matches
448,Cedric Soares,,pt POR,DF,Arsenal,30-204,1991,9.2,559,455,104,21,0,59,20,28,10,6,1,2,340,93,126,55,395,28,73,0,449,3,12,14,15,Matches
449,Tomas Soucek,,cz CZE,MF,West Ham,27-024,1995,27.9,1102,1089,13,10,1,192,32,12,0,0,0,0,714,136,252,123,776,111,3,13,862,0,21,27,19,Matches
450,Boubakary Soumare,,fr FRA,MF,Leicester City,23-024,1999,11.5,506,503,3,3,3,124,9,2,0,0,0,0,375,56,75,86,365,27,0,2,413,1,7,20,7,Matches
451,Caglar Soyuncu,,tr TUR,DF,Leicester City,25-304,1996,23.7,1500,1459,41,36,0,167,40,4,0,0,0,0,1121,112,267,335,1033,74,3,7,1278,5,22,24,12,Matches
452,Jason Steele,,eng ENG,GK,Brighton,31-217,1990,1,38,32,6,0,0,0,2,0,0,0,0,0,31,1,6,2,34,0,0,2,34,0,0,0,0,Matches
453,Jed Steer,,eng ENG,GK,Aston Villa,29-181,1992,1,36,27,9,3,0,0,0,0,0,0,0,0,24,0,12,19,10,0,0,6,27,0,0,0,0,Matches
454,Zack Steffen,,us USA,GK,Manchester City,26-355,1995,1,38,29,9,2,0,5,0,0,0,0,0,0,29,1,8,3,28,1,0,6,33,0,1,0,0,Matches
455,Dale Stephens,,eng ENG,MF,Burnley,32-284,1989,1.4,57,57,0,0,0,14,1,0,0,0,0,0,35,9,13,5,47,4,0,0,44,0,1,2,1,Matches
456,Jack Stephens,,eng ENG,DF,Southampton,28-055,1994,7,353,336,17,10,0,47,9,0,0,0,0,0,250,20,83,16,300,18,7,1,281,0,2,7,5,Matches
457,Raheem Sterling,,eng ENG,FW,Manchester City,27-105,1994,17.4,704,696,8,3,1,112,5,40,2,0,1,0,593,51,60,67,625,4,2,3,585,4,6,23,29,Matches
458,Finley Stevens,,wls WAL,DF,Brentford,18-347,2003,0.2,8,8,0,0,0,2,1,0,0,0,0,0,3,3,2,0,6,1,0,0,5,0,1,0,0,Matches
459,John Stones,,eng ENG,DF,Manchester City,27-299,1994,9.6,771,743,28,10,0,85,18,0,0,0,0,0,651,46,74,107,604,20,18,3,720,2,3,7,4,Matches
460,Pascal Struijk,,nl NED,DFMF,Leeds United,22-224,1999,19.8,1080,1034,46,28,0,128,32,0,0,0,0,0,826,112,142,804,182,46,18,3,950,3,15,28,14,Matches
461,Crysencio Summerville,,nl NED,MFFW,Leeds United,20-144,2001,1.4,63,62,1,0,0,11,0,4,0,0,0,0,55,4,4,5,56,0,1,0,48,0,2,3,2,Matches
462,Jakob Sorensen,,dk DEN,DFMF,Norwich City,24-020,1998,4.1,176,168,8,5,0,20,7,0,0,0,0,0,117,22,37,17,141,12,2,0,147,0,2,3,1,Matches
463,Japhet Tanganga,,eng ENG,DF,Tottenham,22-357,1999,8.2,396,341,55,5,0,41,8,10,0,0,0,0,259,65,72,35,286,16,50,2,327,0,7,13,5,Matches
464,Matt Targett,,eng ENG,DF,Newcastle Utd,26-186,1995,7,377,274,103,14,0,44,14,14,17,10,5,2,177,79,121,239,35,27,72,0,271,0,1,15,15,Matches
465,Matt Targett,,eng ENG,DF,Aston Villa,26-186,1995,15.9,805,657,148,19,0,100,27,41,9,0,2,6,421,163,221,554,68,39,120,3,599,1,10,30,33,Matches
466,James Tarkowski,,eng ENG,DF,Burnley,29-124,1992,25,786,775,11,7,1,132,36,1,0,0,0,0,350,96,340,87,501,118,4,3,551,2,31,18,8,Matches
467,Nuno Tavares,,pt POR,DF,Arsenal,22-056,2000,7,404,344,60,8,0,30,19,20,0,0,0,0,268,79,57,267,65,10,52,0,334,0,4,11,15,Matches
468,Charlie Taylor,,eng ENG,DF,Burnley,28-186,1993,19.3,864,674,190,7,1,119,14,41,0,0,0,0,350,213,301,571,25,53,183,1,607,9,23,22,32,Matches
469,Nathan Tella,,eng ENG,MFFW,Southampton,22-261,1999,6.5,136,130,6,1,0,28,2,8,2,0,0,0,91,18,27,32,88,10,2,0,83,1,2,4,10,Matches
470,Alex Telles,,br BRA,DF,Manchester Utd,29-098,1992,11.1,685,561,124,13,0,87,21,36,28,12,13,1,392,132,161,530,33,22,83,3,507,2,9,30,20,Matches
471,Luke Thomas,,eng ENG,DF,Leicester City,20-286,2001,17.2,1012,815,197,15,1,135,7,18,2,0,2,0,610,229,173,686,69,53,180,3,818,1,14,29,31,Matches
472,Dominic Thompson,,eng ENG,DF,Brentford,21-240,2000,1.6,41,39,2,1,0,4,1,1,0,0,0,0,23,8,10,25,11,3,1,0,21,1,3,4,3,Matches
473,Youri Tielemans,,be BEL,MF,Leicester City,24-320,1997,20.1,1162,1086,76,41,3,218,32,16,24,11,8,1,903,95,164,222,889,35,7,3,941,6,22,45,22,Matches
474,Kieran Tierney,,sct SCO,DF,Arsenal,24-291,1997,21.3,1164,979,185,10,0,97,40,72,0,0,0,0,704,202,258,830,94,53,175,1,904,7,18,37,32,Matches
475,Takehiro Tomiyasu,,jp JPN,DF,Arsenal,23-138,1998,15.4,899,755,144,16,2,96,21,23,0,0,0,0,520,193,186,197,466,66,128,4,715,3,16,22,17,Matches
476,James Tomkins,,eng ENG,DF,Crystal Palace,32-359,1989,6.1,314,294,20,18,0,31,9,0,0,0,0,0,240,17,57,47,245,14,0,1,276,0,5,3,3,Matches
477,Ivan Toney,,eng ENG,FW,Brentford,26-007,1996,24.3,565,542,23,5,8,169,4,18,2,1,0,0,273,150,142,58,345,50,7,25,321,5,12,34,35,Matches
478,Ferran Torres,,es ESP,FW,Manchester City,22-022,2000,3.4,72,67,5,0,0,16,0,2,0,0,0,0,55,14,3,6,62,3,0,0,55,0,1,4,4,Matches
479,Cenk Tosun,,tr TUR,FW,Everton,30-289,1991,0.1,2,2,0,0,0,0,0,0,0,0,0,0,1,1,0,1,0,0,0,1,2,0,0,0,0,Matches
480,Andros Townsend,,eng ENG,MF,Everton,30-250,1991,16.2,487,429,58,20,1,95,25,56,25,20,2,1,287,59,141,334,120,19,8,3,342,1,15,13,20,Matches
481,Adama Traore,,es ESP,FW,Wolves,26-057,1996,11.9,329,327,2,0,0,74,9,28,0,0,0,0,231,41,57,52,255,6,2,3,245,1,9,12,20,Matches
482,Bertrand Traore,,bf BFA,FWMF,Aston Villa,26-198,1995,2,65,63,2,0,0,11,2,3,0,0,0,0,44,9,12,51,6,3,1,0,50,0,2,5,3,Matches
483,Trezeguet,,eg EGY,FW,Aston Villa,27-173,1994,0.1,6,6,0,0,0,0,0,0,0,0,0,0,5,0,1,0,6,0,0,0,6,0,0,0,0,Matches
484,Francisco Trincao,,pt POR,FWMF,Wolves,22-084,1999,12.7,395,375,20,5,1,82,11,19,13,1,9,0,290,42,63,338,32,17,2,3,309,1,1,14,17,Matches
485,Kieran Trippier,,eng ENG,DF,Newcastle Utd,31-185,1990,3.5,201,134,67,13,0,27,12,7,12,1,6,4,68,47,86,9,132,10,42,1,137,0,3,8,6,Matches
486,William Troost-Ekong,,ng NGA,DF,Watford,28-203,1993,15.3,554,539,15,13,0,56,29,1,0,0,0,0,353,41,160,61,439,34,2,1,437,1,13,11,6,Matches
487,Leandro Trossard,,be BEL,FWMF,Brighton,27-109,1994,24.4,924,884,40,9,3,176,49,46,7,2,3,0,648,139,137,160,729,15,7,5,721,2,10,33,47,Matches
488,Kostas Tsimikas,,gr GRE,DF,Liverpool,25-315,1996,7.4,489,390,99,10,0,43,25,40,33,4,20,8,273,95,121,332,82,16,56,0,352,0,5,22,22,Matches
489,Axel Tuanzebe,,eng ENG,DF,Aston Villa,24-129,1997,5.6,227,221,6,6,0,22,7,1,0,0,0,0,177,22,28,17,191,15,0,1,197,0,4,4,1,Matches
490,Ozan Tufan,,tr TUR,MF,Watford,27-000,1995,3.7,122,112,10,3,0,30,2,3,5,1,2,0,75,23,24,14,96,9,0,0,85,0,1,5,12,Matches
491,Christos Tzolis,,gr GRE,FWMF,Norwich City,20-052,2002,3.4,88,87,1,0,0,38,3,9,1,1,0,0,60,19,9,18,64,4,0,0,66,0,5,1,5,Matches
492,Yan Valery,,fr FRA,DF,Southampton,23-029,1999,1.5,68,64,4,1,0,12,1,2,0,0,0,0,45,7,16,1,58,2,3,1,47,0,3,4,1,Matches
493,Raphael Varane,,fr FRA,DF,Manchester Utd,28-332,1993,15.3,836,804,32,30,0,81,30,0,0,0,0,0,648,64,124,318,448,34,2,1,751,0,13,11,5,Matches
494,Jamie Vardy,,eng ENG,FW,Leicester City,35-071,1987,15.6,206,178,28,0,1,42,3,15,0,0,0,0,145,40,21,42,135,10,0,3,149,2,3,10,10,Matches
495,Joel Veltman,,nl NED,DF,Brighton,30-067,1992,22.9,1407,1197,210,32,3,147,22,28,0,0,0,0,884,233,290,213,919,60,177,7,1122,3,29,44,43,Matches
496,Jannik Vestergaard,,dk DEN,DF,Leicester City,29-232,1992,6.3,357,346,11,11,0,35,17,0,0,0,0,0,293,19,45,100,244,7,0,0,328,0,3,8,5,Matches
497,Nikola Vlasic,,hr CRO,FWMF,West Ham,24-170,1997,5.1,172,171,1,1,0,53,5,12,0,0,0,0,126,23,23,43,117,4,0,3,134,0,5,7,5,Matches
498,Matej Vydra,,cz CZE,FW,Burnley,29-326,1992,5,72,72,0,0,0,20,0,2,0,0,0,0,33,26,13,7,34,11,0,9,48,1,3,5,2,Matches
499,Theo Walcott,,eng ENG,MFFW,Southampton,33-007,1989,4.2,86,85,1,0,0,13,0,4,0,0,0,0,54,16,16,7,69,6,1,1,61,0,2,1,7,Matches
500,Kyle Walker,,eng ENG,DF,Manchester City,31-299,1990,17.5,1500,1368,132,19,1,102,51,27,0,0,0,0,1148,189,163,35,1287,45,113,4,1339,6,15,21,24,Matches
501,Kyle Walker-Peters,,eng ENG,DF,Southampton,24-344,1997,20.3,1021,838,183,10,2,158,6,26,0,0,0,0,672,168,181,94,707,35,173,2,816,2,16,32,37,Matches
502,Aaron Wan-Bissaka,,eng ENG,DF,Manchester Utd,24-117,1997,17.9,1021,859,162,11,0,126,19,21,0,0,0,0,725,204,92,60,780,20,151,0,857,2,10,43,30,Matches
503,Joel Ward,,eng ENG,DF,Crystal Palace,32-145,1989,23,1439,1181,258,33,2,153,27,29,3,0,0,3,857,275,307,89,1040,52,222,5,1148,3,36,49,32,Matches
504,James Ward-Prowse,,eng ENG,MF,Southampton,27-142,1994,26.7,1649,1389,260,82,1,193,93,50,167,86,72,1,1097,136,416,124,1429,75,3,2,1304,2,20,27,25,Matches
505,Ollie Watkins,,eng ENG,FW,Aston Villa,26-083,1995,24.1,533,512,21,1,3,142,5,17,0,0,0,0,360,106,67,66,384,30,2,6,389,2,6,23,21,Matches
506,Adam Webster,,eng ENG,DF,Brighton,27-078,1995,13,982,957,25,12,0,108,32,4,0,0,0,0,736,74,172,200,685,50,13,4,824,1,16,22,13,Matches
507,Wout Weghorst,,nl NED,FW,Burnley,29-228,1992,8.4,219,218,1,0,2,68,1,2,0,0,0,0,110,60,49,12,142,26,1,10,143,0,1,20,11,Matches
508,Danny Welbeck,,eng ENG,FWMF,Brighton,31-117,1990,8.1,123,122,1,0,0,43,0,1,0,0,0,0,83,21,19,6,96,3,1,1,99,0,0,3,4,Matches
509,Timo Werner,,de GER,FWMF,Chelsea,26-017,1996,8.2,210,203,7,0,0,39,2,19,0,0,0,0,165,34,11,30,166,8,3,1,154,1,4,6,15,Matches
510,Ashley Westwood,,eng ENG,MF,Burnley,31-356,1990,22.1,1062,920,142,40,3,131,56,31,62,55,2,1,575,141,346,63,949,33,4,5,752,11,18,35,26,Matches
511,Ben White,,eng ENG,DF,Arsenal,24-166,1997,26,1415,1371,44,27,2,159,34,3,0,0,0,0,1061,113,241,131,1162,71,17,2,1218,4,30,25,14,Matches
512,Brandon Williams,,eng ENG,DF,Norwich City,21-201,2000,21.5,1009,828,181,19,3,144,17,18,1,0,1,0,658,157,194,201,599,36,161,2,811,6,15,46,15,Matches
513,Neco Williams,,wls WAL,DF,Liverpool,20-344,2001,0.1,8,7,1,0,0,2,0,1,0,0,0,0,6,2,0,0,7,0,1,0,8,0,0,0,0,Matches
514,Joe Willock,,eng ENG,MF,Newcastle Utd,22-215,1999,19.5,471,454,17,2,0,100,9,13,0,0,0,0,354,66,51,58,377,19,3,3,377,1,8,11,14,Matches
515,Callum Wilson,,eng ENG,FW,Newcastle Utd,30-024,1992,13.2,154,137,17,1,0,57,1,5,0,0,0,0,88,42,24,14,96,16,2,9,105,1,2,4,8,Matches
516,Harry Winks,,eng ENG,MF,Tottenham,26-049,1996,9.4,608,577,31,19,6,82,18,8,9,3,4,0,490,40,78,63,529,11,0,0,522,2,6,21,6,Matches
517,Yoane Wissa,,cd COD,FWMF,Brentford,25-201,1996,9.6,184,179,5,2,0,39,1,10,0,0,0,0,123,30,31,21,137,15,1,1,126,1,1,10,11,Matches
518,Chris Wood,,nz NZL,FW,Newcastle Utd,30-106,1991,10,240,236,4,0,1,122,0,2,0,0,0,0,81,82,77,24,76,29,0,12,128,1,6,9,9,Matches
519,Chris Wood,,nz NZL,FW,Burnley,30-106,1991,15.2,308,300,8,0,0,145,2,5,1,1,0,0,129,88,91,30,138,42,0,5,182,1,7,12,17,Matches
520,Freddie Woodman,,eng ENG,GK,Newcastle Utd,25-019,1997,4,123,74,49,6,0,3,4,0,0,0,0,0,52,3,68,10,97,0,0,11,74,2,5,1,0,Matches
521,Granit Xhaka,,ch SUI,MF,Arsenal,29-177,1992,16.2,869,841,28,23,2,120,30,7,0,0,0,0,651,108,110,668,120,47,2,7,748,1,6,21,19,Matches
522,Andriy Yarmolenko,,ua UKR,FWMF,West Ham,32-151,1989,1.9,69,67,2,0,0,11,2,3,0,0,0,0,47,8,14,35,30,2,0,0,50,0,1,1,5,Matches
523,Ashley Young,,eng ENG,DFFW,Aston Villa,36-257,1985,11.7,499,420,79,12,0,56,18,23,4,1,2,0,290,98,111,79,330,21,59,3,383,2,14,14,14,Matches
524,Wilfried Zaha,,ci CIV,FW,Crystal Palace,29-133,1992,22.5,720,698,22,4,1,180,11,41,1,0,0,0,569,77,74,73,602,12,13,7,552,2,6,40,35,Matches
525,Christoph Zimmermann,,de GER,DF,Norwich City,29-070,1993,0.5,11,11,0,0,0,1,0,0,0,0,0,0,9,1,1,0,10,1,0,0,7,0,0,2,0,Matches
526,Oleksandr Zinchenko,,ua UKR,DF,Manchester City,25-098,1996,6.6,596,546,50,7,2,51,9,13,2,0,1,0,452,72,72,484,45,17,41,2,533,2,3,11,18,Matches
527,Hakim Ziyech,,ma MAR,FWMF,Chelsea,29-004,1993,10.7,490,452,38,6,2,69,16,41,22,5,15,1,337,47,106,402,57,11,10,1,354,4,11,20,18,Matches
528,Kurt Zouma,,fr FRA,DF,West Ham,27-147,1994,17.8,698,677,21,19,1,56,15,2,0,0,0,0,536,52,110,124,505,42,1,1,614,0,16,3,1,Matches
529,Martin Odegaard,,no NOR,MF,Arsenal,23-096,1998,21,1105,1025,80,23,7,177,30,17,22,10,7,2,858,119,128,969,94,21,4,8,929,7,11,41,24,Matches
