,,,,,,,,,Tackles,Tackles,Tackles,Tackles,Tackles,Vs Dribbles,Vs Dribbles,Vs Dribbles,Vs Dribbles,Pressures,Pressures,Pressures,Pressures,Pressures,Pressures,Blocks,Blocks,Blocks,Blocks,,,,,
Rk,Name,,Nation,Pos,Squad,Age,Born,90s,Tkls,TklsW,TKls Def 3rd,Tkls Mid 3rd,Tkls Att 3rd,Tkls vs Drib,Att vs Drib,Tkl% vs Drib,Past vs Drib,Press,Succ Press,Press%,Press Def 3rd,Press Mid 3rd,Press Att 3rd,Blocks,Blocked Sh,Blocked ShOT,Blocked Pass,Int,Tkl+Int,Clr,Err,Matches
1,Max Aarons,,eng ENG,DF,Norwich City,22-078,2000,26.6,61,35,44,17,0,36,55,65.5,19,353,95,26.9,207,111,35,75,17,0,58,42,103,62,0,Matches
2,Che Adams,,sct SCO,FW,Southampton,25-253,1996,18.3,12,6,3,5,4,2,11,18.2,9,257,67,26.1,30,95,132,19,4,0,15,9,21,13,0,Matches
3,Rayan Ait Nouri,,fr FRA,DF,Wolves,20-290,2001,15.3,58,31,44,10,4,21,37,56.8,16,316,101,32,182,88,46,29,2,0,27,27,85,24,0,Matches
4,Kristoffer Ajer,,no NOR,DF,Brentford,23-340,1998,15.6,25,14,18,4,3,14,26,53.8,12,140,49,35,74,51,15,28,10,1,18,36,61,64,1,Matches
5,Nathan Ake,,nl NED,DF,Manchester City,27-033,1995,7.5,9,4,5,3,1,3,5,60,2,44,12,27.3,20,21,3,10,5,0,5,16,25,23,0,Matches
6,Marc Albrighton,,eng ENG,FWDF,Leicester City,32-125,1989,11.1,32,15,16,9,7,9,38,23.7,29,263,55,20.9,87,130,46,26,5,1,21,22,54,9,0,Matches
7,Thiago Alcantara,,es ESP,MF,Liverpool,30-346,1991,11.2,41,28,13,20,8,7,27,25.9,20,205,78,38,54,107,44,16,1,0,15,21,62,10,2,Matches
8,Trent Alexander-Arnold,,eng ENG,DF,Liverpool,23-167,1998,25.7,34,18,17,13,4,18,46,39.1,28,232,76,32.8,88,81,63,34,4,1,30,64,98,40,1,Matches
9,Alisson,,br BRA,GK,Liverpool,29-172,1992,27,0,0,0,0,0,0,2,0,2,5,2,40,5,0,0,0,0,0,0,0,0,1,1,Matches
10,Allan,,br BRA,MF,Everton,31-074,1991,21.5,69,57,28,36,5,22,77,28.6,55,554,184,33.2,212,288,54,40,8,0,32,35,104,30,0,Matches
11,Dele Alli,,eng ENG,MF,Everton,25-346,1996,1.9,7,4,3,4,0,2,9,22.2,7,77,17,22.1,17,41,19,5,1,0,4,3,10,5,0,Matches
12,Dele Alli,,eng ENG,MFFW,Tottenham,25-346,1996,7.3,19,7,11,6,2,5,17,29.4,12,209,55,26.3,81,92,36,25,5,0,20,17,36,12,0,Matches
13,Miguel Almiron,,py PAR,MFFW,Newcastle Utd,28-041,1994,12.6,42,25,22,13,7,12,38,31.6,26,295,72,24.4,104,113,78,18,1,1,17,16,58,6,0,Matches
14,Marcos Alonso,,es ESP,DF,Chelsea,31-085,1990,16.1,34,21,17,10,7,13,26,50,13,214,58,27.1,96,69,49,30,3,0,27,50,84,42,0,Matches
15,Steven Alzate,,co COL,MF,Brighton,23-196,1998,4.5,9,8,3,5,1,3,5,60,2,79,20,25.3,30,37,12,5,1,0,4,14,23,10,0,Matches
16,Daniel Amartey,,gh GHA,DF,Leicester City,27-092,1994,16.7,17,8,9,8,0,11,21,52.4,10,116,38,32.8,65,46,5,37,20,1,17,24,41,83,2,Matches
17,Joachim Andersen,,dk DEN,DF,Crystal Palace,25-296,1996,23.4,25,14,17,8,0,11,22,50,11,107,31,29,68,34,5,30,14,0,16,49,74,120,2,Matches
18,Michail Antonio,,jm JAM,FW,West Ham,31-360,1990,27.6,24,19,5,8,11,6,19,31.6,13,384,113,29.4,25,142,217,22,1,0,21,11,35,15,0,Matches
19,Cameron Archer,,eng ENG,MFFW,Aston Villa,20-245,2001,0.3,0,0,0,0,0,0,0,,0,4,0,0,0,2,2,0,0,0,0,1,1,1,0,Matches
20,Alphonse Areola,,fr FRA,GK,West Ham,29-024,1993,1,0,0,0,0,0,0,0,,0,0,0,,0,0,0,0,0,0,0,0,0,0,0,Matches
21,Adam Armstrong,,eng ENG,FWMF,Southampton,25-041,1997,13.5,9,6,3,3,3,0,5,0,5,201,55,27.4,21,75,105,8,1,0,7,8,17,5,0,Matches
22,Stuart Armstrong,,sct SCO,MF,Southampton,29-358,1992,10.7,14,9,7,3,4,4,14,28.6,10,155,56,36.1,42,72,41,11,0,0,11,11,25,8,0,Matches
23,Kepa Arrizabalaga,,es ESP,GK,Chelsea,27-171,1994,4,0,0,0,0,0,0,0,,0,0,0,,0,0,0,0,0,0,0,0,0,0,0,Matches
24,Harrison Ashby,,sct SCO,DF,West Ham,20-129,2001,0.1,0,0,0,0,0,0,0,,0,0,0,,0,0,0,1,0,0,1,1,1,0,0,Matches
25,Pierre-Emerick Aubameyang,,ga GAB,FW,Arsenal,32-278,1989,11.5,12,7,5,5,2,2,6,33.3,4,201,53,26.4,23,78,100,19,3,0,16,1,13,3,0,Matches
26,Jordan Ayew,,gh GHA,FW,Crystal Palace,30-193,1991,17.3,40,28,15,18,7,9,18,50,9,384,112,29.2,93,170,121,30,4,0,26,20,60,4,0,Matches
27,Luke Ayling,,eng ENG,DF,Leeds United,30-210,1991,21,55,32,36,16,3,33,64,51.6,31,289,103,35.6,158,105,26,40,24,0,16,43,98,54,1,Matches
28,Cesar Azpilicueta,,es ESP,DF,Chelsea,32-207,1989,15.9,43,23,20,18,5,16,32,50,16,247,63,25.5,107,103,37,43,9,0,34,25,68,52,0,Matches
29,Daniel Bachmann,,at AUT,GK,Watford,27-257,1994,11,0,0,0,0,0,0,0,,0,0,0,,0,0,0,0,0,0,0,0,0,0,0,Matches
30,Leon Bailey,,jm JAM,FWMF,Aston Villa,24-226,1997,5.8,17,11,7,7,3,3,8,37.5,5,76,25,32.9,17,29,30,6,2,0,4,3,20,3,0,Matches
31,Eric Bailly,,ci CIV,DF,Manchester Utd,27-345,1994,2.4,8,3,6,2,0,1,2,50,1,21,9,42.9,14,6,1,5,2,0,3,8,16,10,0,Matches
32,Folarin Balogun,,eng ENG,FW,Arsenal,20-263,2001,0.8,0,0,0,0,0,0,0,,0,21,5,23.8,2,2,17,1,0,0,1,0,0,1,0,Matches
33,Patrick Bamford,,eng ENG,FW,Leeds United,28-199,1993,6.2,3,2,1,2,0,1,4,25,3,111,38,34.2,4,47,60,6,3,0,3,3,6,8,0,Matches
34,Shandon Baptiste,,gd GRN,MF,Brentford,23-349,1998,9.8,8,5,6,1,1,3,13,23.1,10,198,65,32.8,60,93,45,12,0,0,12,18,26,10,0,Matches
35,Ross Barkley,,eng ENG,MF,Chelsea,28-108,1993,1.7,1,1,0,1,0,0,1,0,1,15,3,20,1,9,5,1,0,0,1,2,3,0,0,Matches
36,Ashley Barnes,,eng ENG,FW,Burnley,32-144,1989,4.7,11,8,4,5,2,2,3,66.7,1,85,15,17.6,9,43,33,4,1,1,3,4,15,2,0,Matches
37,Harvey Barnes,,eng ENG,FWMF,Leicester City,24-104,1997,17.4,17,7,5,8,4,4,16,25,12,201,67,33.3,47,79,75,17,1,0,16,7,24,5,0,Matches
38,Lewis Bate,,eng ENG,MF,Leeds United,19-145,2002,0.5,1,0,0,0,1,0,3,0,3,14,4,28.6,3,9,2,0,0,0,0,2,3,1,0,Matches
39,Mads Bech Sorensen,,dk DEN,DF,Brentford,23-075,1999,4.2,5,4,4,1,0,3,4,75,1,29,13,44.8,15,11,3,2,2,0,0,8,13,14,0,Matches
40,Jan Bednarek,,pl POL,DF,Southampton,25-345,1996,22.2,30,19,17,12,1,15,33,45.5,18,178,63,35.4,90,83,5,44,22,1,22,68,98,128,0,Matches
41,Donny van de Beek,,nl NED,MF,Manchester Utd,24-339,1997,0.8,5,3,3,2,0,1,1,100,0,16,6,37.5,5,6,5,2,1,0,1,2,7,2,0,Matches
42,Donny van de Beek,,nl NED,MF,Everton,24-339,1997,4.8,13,7,6,6,1,5,12,41.7,7,89,24,27,23,48,18,7,3,0,4,10,23,5,0,Matches
43,Asmir Begovi?,,ba BIH,GK,Everton,34-276,1987,2,0,0,0,0,0,0,0,,0,0,0,,0,0,0,0,0,0,0,0,0,1,0,Matches
44,Said Benrahma,,dz ALG,FWMF,West Ham,26-225,1995,19.9,30,19,14,11,5,13,30,43.3,17,298,74,24.8,89,151,58,17,1,0,16,11,41,5,0,Matches
45,Rodrigo Bentancur,,uy URU,MF,Tottenham,24-291,1997,6.8,19,10,9,8,2,7,17,41.2,10,180,45,25,65,94,21,17,3,0,14,7,26,8,0,Matches
46,Christian Benteke,,be BEL,FW,Crystal Palace,31-110,1990,12.4,8,2,2,4,2,2,6,33.3,4,116,30,25.9,9,50,57,8,4,0,4,1,9,30,1,Matches
47,Johann Berg Gudmundsson,,is ISL,MF,Burnley,31-147,1990,12.2,19,9,10,7,2,9,20,45,11,170,44,25.9,49,69,52,18,2,0,16,17,36,21,0,Matches
48,Steven Bergwijn,,nl NED,FWMF,Tottenham,24-166,1997,5.5,4,3,2,1,1,1,6,16.7,5,72,12,16.7,12,31,29,4,0,0,4,4,8,9,0,Matches
49,Ryan Bertrand,,eng ENG,DF,Leicester City,32-230,1989,3.7,9,4,1,7,1,4,5,80,1,75,25,33.3,40,24,11,11,3,0,8,3,12,7,0,Matches
50,Mads Bidstrup,,dk DEN,MF,Brentford,21-026,2001,0.5,4,2,2,2,0,0,2,0,2,19,8,42.1,12,7,0,1,0,0,1,1,5,2,0,Matches
51,Yves Bissouma,,ml MLI,MF,Brighton,25-205,1996,18.1,63,42,30,30,3,16,27,59.3,11,314,117,37.3,121,157,36,32,4,0,28,43,106,34,0,Matches
52,Willy Boly,,ci CIV,DF,Wolves,31-048,1991,2,2,1,2,0,0,0,1,0,1,8,4,50,5,3,0,0,0,0,0,4,6,8,0,Matches
53,Jarrod Bowen,,eng ENG,FW,West Ham,25-093,1996,26.2,36,23,18,12,6,15,44,34.1,29,448,94,21,138,194,116,43,2,0,41,34,70,3,0,Matches
54,Jarrad Branthwaite,,eng ENG,DF,Everton,19-269,2002,2.1,3,2,3,0,0,1,5,20,4,23,11,47.8,18,5,0,4,1,0,3,5,8,5,0,Matches
55,Armando Broja,,al ALB,FW,Southampton,20-194,2001,16.8,10,9,3,4,3,1,10,10,9,274,81,29.6,27,91,156,12,1,0,11,11,21,7,0,Matches
56,Josh Brownhill,,eng ENG,MF,Burnley,26-094,1995,22.4,48,28,15,29,4,8,31,25.8,23,362,117,32.3,109,187,66,36,11,0,25,57,105,29,0,Matches
57,Bryan,,es ESP,FWMF,Tottenham,21-040,2001,1,4,3,2,0,2,3,6,50,3,38,12,31.6,10,6,22,2,0,0,2,0,4,0,0,Matches
58,Emi Buendia,,ar ARG,FWMF,Aston Villa,25-088,1996,17.1,45,29,22,16,7,15,35,42.9,20,347,90,25.9,88,162,97,17,5,0,12,15,60,5,0,Matches
59,Dan Burn,,eng ENG,DF,Brighton,29-318,1992,11.4,24,15,12,8,4,6,18,33.3,12,141,46,32.6,61,64,16,28,11,0,17,32,56,52,2,Matches
60,Dan Burn,,eng ENG,DF,Newcastle Utd,29-318,1992,7,13,4,11,2,0,3,4,75,1,75,25,33.3,48,26,1,18,10,0,8,8,21,55,0,Matches
61,Jack Butland,,eng ENG,GK,Crystal Palace,29-013,1993,5.5,0,0,0,0,0,0,0,,0,0,0,,0,0,0,0,0,0,0,0,0,0,0,Matches
62,Sam Byram,,eng ENG,DFMF,Norwich City,28-188,1993,3,9,6,6,3,0,4,7,57.1,3,55,15,27.3,18,28,9,8,2,0,6,10,19,12,0,Matches
63,Willy Caballero,,ar ARG,GK,Southampton,40-176,1981,2,0,0,0,0,0,0,0,,0,0,0,,0,0,0,0,0,0,0,0,0,1,0,Matches
64,Dominic Calvert-Lewin,,eng ENG,FW,Everton,25-007,1997,8.5,9,7,1,3,5,1,2,50,1,105,21,20,7,48,50,6,2,0,4,5,14,9,0,Matches
65,Joao Cancelo,,pt POR,DF,Manchester City,27-300,1994,26.9,70,43,21,31,18,29,65,44.6,36,259,92,35.5,77,108,74,36,3,0,33,58,128,44,0,Matches
66,Sergi Canos,,es ESP,DF,Brentford,25-049,1997,22.8,58,22,29,19,10,24,59,40.7,35,449,108,24.1,190,171,88,38,3,0,35,32,90,37,0,Matches
67,Todd Cantwell,,eng ENG,FWMF,Norwich City,24-024,1998,4.9,15,11,8,6,1,4,14,28.6,10,106,25,23.6,39,46,21,2,0,0,2,4,19,3,0,Matches
68,Matty Cash,,pl POL,DF,Aston Villa,24-228,1997,28.5,79,35,46,29,4,36,60,60,24,417,115,27.6,221,157,39,70,12,0,58,76,155,78,0,Matches
69,Timothy Castagne,,be BEL,DF,Leicester City,26-108,1995,14.8,41,13,18,18,5,16,31,51.6,15,223,63,28.3,98,101,24,36,4,0,32,25,66,44,2,Matches
70,Jonny Castro,,es ESP,DF,Wolves,28-020,1994,4,7,7,3,4,0,3,6,50,3,53,20,37.7,22,22,9,7,1,0,6,4,11,2,0,Matches
71,Craig Cathcart,,nir NIR,DF,Watford,33-045,1989,24.3,30,14,24,6,0,14,29,48.3,15,151,46,30.5,105,43,3,50,29,0,21,34,64,122,1,Matches
72,Edinson Cavani,,uy URU,FW,Manchester Utd,35-037,1987,6.8,4,2,0,3,1,3,6,50,3,77,29,37.7,13,31,33,7,0,0,7,7,11,5,0,Matches
73,Kayky Chagas,,br BRA,FW,Manchester City,18-285,2003,0.1,0,0,0,0,0,0,0,,0,3,0,0,1,1,1,0,0,0,0,0,0,0,0,Matches
74,Trevoh Chalobah,,eng ENG,DF,Chelsea,22-261,1999,13.1,33,17,14,15,4,16,24,66.7,8,134,48,35.8,50,72,12,16,8,1,8,27,60,62,1,Matches
75,Calum Chambers,,eng ENG,DF,Arsenal,27-062,1995,1.9,2,1,2,0,0,1,3,33.3,2,24,5,20.8,18,5,1,11,3,0,8,3,5,7,1,Matches
76,Calum Chambers,,eng ENG,DF,Aston Villa,27-062,1995,5,8,6,3,4,1,4,5,80,1,45,17,37.8,24,20,1,7,4,0,3,3,11,40,0,Matches
77,Daniel Chesters,,eng ENG,MF,West Ham,19-353,2002,0,0,0,0,0,0,0,0,,0,0,0,,0,0,0,0,0,0,0,0,0,0,0,Matches
78,Ben Chilwell,,eng ENG,DF,Chelsea,25-092,1996,6,10,5,3,6,1,0,5,0,5,92,31,33.7,34,36,22,10,0,0,10,6,16,15,1,Matches
79,Chiquinho,,pt POR,MFDF,Wolves,22-046,2000,0.6,3,2,2,1,0,3,3,100,0,18,7,38.9,5,8,5,2,0,0,2,0,3,1,0,Matches
80,Hamza Choudhury,,eng ENG,DFMF,Leicester City,24-173,1997,3.2,8,2,3,5,0,2,5,40,3,40,6,15,13,24,3,5,0,0,5,15,23,12,0,Matches
81,Andreas Christensen,,dk DEN,DF,Chelsea,25-347,1996,14.1,13,11,8,2,3,7,11,63.6,4,123,46,37.4,70,44,9,27,9,0,18,52,65,76,0,Matches
82,Carney Chukwuemeka,,eng ENG,MFFW,Aston Villa,18-075,2004,2.2,2,1,0,2,0,2,5,40,3,53,13,24.5,15,29,9,2,0,0,2,3,5,1,0,Matches
83,Ciaran Clark,,ie IRL,DF,Newcastle Utd,32-178,1989,11.3,17,13,9,6,2,9,15,60,6,76,27,35.5,53,19,4,14,10,0,4,15,32,50,0,Matches
84,Tom Cleverley,,eng ENG,MF,Watford,32-223,1989,15.2,26,20,12,10,4,7,25,28,18,300,80,26.7,79,161,60,26,7,1,19,23,49,14,0,Matches
85,Nathaniel Clyne,,eng ENG,DF,Crystal Palace,30-352,1991,6,11,7,4,7,0,3,8,37.5,5,59,21,35.6,31,24,4,5,1,0,4,20,31,12,0,Matches
86,Conor Coady,,eng ENG,DF,Wolves,29-026,1993,29.8,26,17,18,7,1,10,22,45.5,12,164,59,36,104,55,5,48,35,3,13,32,58,120,0,Matches
87,Seamus Coleman,,ie IRL,DF,Everton,33-163,1988,21.6,58,31,31,16,11,27,44,61.4,17,254,87,34.3,112,100,42,39,9,0,30,41,99,48,1,Matches
88,Nathan Collins,,ie IRL,DF,Burnley,20-327,2001,8.6,17,13,14,3,0,2,8,25,6,77,29,37.7,51,22,4,26,14,0,12,21,38,47,0,Matches
89,Aaron Connolly,,ie IRL,FW,Brighton,22-054,2000,1.7,0,0,0,0,0,0,1,0,1,27,5,18.5,4,11,12,2,0,0,2,0,0,0,0,Matches
90,Liam Cooper,,sct SCO,DF,Leeds United,30-205,1991,14.2,29,13,16,12,1,12,21,57.1,9,158,57,36.1,94,61,3,26,15,0,11,26,55,85,2,Matches
91,Jack Cork,,eng ENG,MF,Burnley,32-271,1989,9.8,9,4,2,5,2,4,19,21.1,15,184,49,26.6,44,95,45,15,3,0,12,19,28,15,0,Matches
92,Maxwel Cornet,,ci CIV,FWMF,Burnley,25-177,1996,12.2,13,8,3,5,5,2,5,40,3,188,58,30.9,28,85,75,5,2,0,3,8,21,11,0,Matches
93,Helder Costa,,ao ANG,MF,Leeds United,28-070,1994,0.2,0,0,0,0,0,0,2,0,2,9,2,22.2,1,5,3,0,0,0,0,0,0,0,0,Matches
94,Vladimir Coufal,,cz CZE,DF,West Ham,29-213,1992,18.7,37,19,20,10,7,12,29,41.4,17,241,67,27.8,114,83,44,38,5,0,33,27,64,57,0,Matches
95,Philippe Coutinho,,br BRA,MFFW,Aston Villa,29-284,1992,8.6,7,6,1,3,3,6,11,54.5,5,118,29,24.6,25,62,31,9,0,0,9,4,11,1,0,Matches
96,Aaron Cresswell,,eng ENG,DF,West Ham,32-098,1989,22.3,26,15,19,5,2,13,24,54.2,11,150,50,33.3,78,53,19,35,12,0,23,34,60,51,0,Matches
97,Charlie Cresswell,,eng ENG,DF,Leeds United,19-106,2002,1.6,7,3,4,3,0,3,3,100,0,29,5,17.2,14,15,0,2,1,0,1,4,11,10,0,Matches
98,Cucho,,co COL,FWMF,Watford,22-337,1999,11.3,12,5,6,5,1,3,28,10.7,25,229,54,23.6,58,99,72,11,0,0,11,8,20,9,0,Matches
99,Marc Cucurella,,es ESP,DF,Brighton,23-244,1998,25.3,60,40,22,32,6,33,55,60,22,401,145,36.2,154,173,74,53,9,2,44,48,108,48,0,Matches
100,Luke Cundle,,eng ENG,MF,Wolves,19-331,2002,0.9,1,1,0,1,0,1,1,100,0,19,1,5.3,7,10,2,0,0,0,0,2,3,1,0,Matches
101,Patson Daka,,zm ZAM,FW,Leicester City,23-165,1998,8.5,9,5,2,4,3,0,6,0,6,143,42,29.4,12,69,62,4,0,0,4,1,10,6,0,Matches
102,Stuart Dallas,,nir NIR,DFMF,Leeds United,30-338,1991,28.9,77,37,50,22,5,43,102,42.2,59,456,143,31.4,229,178,49,54,15,0,39,68,145,64,0,Matches
103,Diogo Dalot,,pt POR,DF,Manchester Utd,23-005,1999,12.1,32,17,17,9,6,16,25,64,9,137,43,31.4,56,55,26,15,3,1,12,28,60,38,0,Matches
104,Karl Darlow,,eng ENG,GK,Newcastle Utd,31-166,1990,8,0,0,0,0,0,0,0,,0,0,0,,0,0,0,0,0,0,0,0,0,1,0,Matches
105,Josh Dasilva,,eng ENG,MFFW,Brentford,23-151,1998,1.5,3,1,1,1,1,1,1,100,0,31,4,12.9,11,15,5,8,1,0,7,2,5,5,0,Matches
106,Ben Davies,,wls WAL,DF,Tottenham,28-333,1993,19.3,34,15,15,13,6,9,24,37.5,15,205,69,33.7,105,69,31,26,10,2,16,29,63,58,0,Matches
107,Tom Davies,,eng ENG,MF,Everton,23-266,1998,1.8,4,2,1,2,1,1,4,25,3,40,12,30,15,16,9,3,0,0,3,4,8,3,0,Matches
108,Keinan Davis,,eng ENG,FW,Aston Villa,24-038,1998,0.1,0,0,0,0,0,0,0,,0,1,0,0,0,0,1,0,0,0,0,0,0,0,0,Matches
109,Craig Dawson,,eng ENG,DF,West Ham,31-321,1990,23.9,23,13,15,8,0,8,21,38.1,13,156,47,30.1,93,54,9,44,36,0,8,24,47,110,1,Matches
110,Kevin De Bruyne,,be BEL,MF,Manchester City,30-268,1991,17.1,17,10,3,9,5,8,34,23.5,26,261,75,28.7,35,110,116,30,2,0,28,9,26,12,0,Matches
111,Troy Deeney,,eng ENG,FW,Watford,33-267,1988,0.3,0,0,0,0,0,0,1,0,1,7,2,28.6,1,2,4,0,0,0,0,0,0,3,0,Matches
112,Liam Delap,,eng ENG,FW,Manchester City,19-043,2003,0.1,0,0,0,0,0,0,1,0,1,2,0,0,0,1,1,0,0,0,0,0,0,0,0,Matches
113,Fabian Delph,,eng ENG,MF,Everton,32-122,1989,2.8,10,6,3,7,0,4,11,36.4,7,62,15,24.2,17,39,6,3,0,0,3,13,23,4,0,Matches
114,Leander Dendoncker,,be BEL,MFFW,Wolves,26-342,1995,15.7,33,17,17,16,0,12,28,42.9,16,330,89,27,135,157,38,39,11,0,28,21,54,28,0,Matches
115,Emmanuel Dennis,,ng NGA,FWMF,Watford,24-128,1997,24.2,35,21,22,8,5,9,36,25,27,483,120,24.8,107,209,167,30,2,0,28,18,53,8,0,Matches
116,Kiernan Dewsbury Hall,,eng ENG,MF,Leicester City,23-198,1998,13.7,25,16,17,5,3,9,24,37.5,15,281,67,23.8,120,106,55,31,8,0,23,24,49,24,1,Matches
117,Ibrahima Diallo,,fr FRA,MF,Southampton,23-015,1999,8.4,20,13,10,6,4,5,18,27.8,13,166,51,30.7,54,82,30,6,0,0,6,10,30,7,0,Matches
118,Raphael Dias Belloli,,br BRA,MFFW,Leeds United,25-099,1996,25,43,19,20,16,7,16,50,32,34,387,95,24.5,92,166,129,45,0,0,45,36,79,17,0,Matches
119,Ruben Dias,,pt POR,DF,Manchester City,24-313,1997,23.7,30,25,11,16,3,7,16,43.8,9,139,63,45.3,52,70,17,25,12,0,13,32,62,70,1,Matches
120,Luis Diaz,,co COL,FW,Liverpool,25-069,1997,5.5,8,6,2,3,3,1,5,20,4,91,32,35.2,15,35,41,7,1,0,6,3,11,0,0,Matches
121,Eric Dier,,eng ENG,DF,Tottenham,28-067,1994,25.1,18,9,8,8,2,2,9,22.2,7,133,48,36.1,70,57,6,44,28,1,16,35,53,117,0,Matches
122,Lucas Digne,,fr FRA,DF,Aston Villa,28-246,1993,7.1,9,4,3,3,3,3,6,50,3,74,15,20.3,36,22,16,11,4,0,7,12,21,21,0,Matches
123,Lucas Digne,,fr FRA,DF,Everton,28-246,1993,13,35,17,26,5,4,22,30,73.3,8,161,43,26.7,80,50,31,28,5,0,23,31,66,30,0,Matches
124,Virgil van Dijk,,nl NED,DF,Liverpool,30-258,1991,27,16,9,9,6,1,8,9,88.9,1,90,27,30,51,33,6,25,15,0,10,39,55,119,1,Matches
125,Issa Diop,,fr FRA,DF,West Ham,25-073,1997,9,9,3,4,5,0,2,9,22.2,7,56,22,39.3,35,20,1,15,10,0,5,12,21,37,0,Matches
126,Moussa Djenepo,,ml MLI,MF,Southampton,23-281,1998,4.9,13,8,6,6,1,5,11,45.5,6,100,25,25,46,36,18,9,1,0,8,9,22,3,0,Matches
127,Lewis Dobbin,,eng ENG,FWMF,Everton,19-079,2003,0.4,2,2,0,1,1,0,2,0,2,19,5,26.3,4,7,8,0,0,0,0,1,3,0,0,Matches
128,Matt Doherty,,ie IRL,DF,Tottenham,30-066,1992,8.5,17,11,9,7,1,7,12,58.3,5,112,38,33.9,47,50,15,23,2,0,21,17,34,13,0,Matches
129,Gabriel Dos Santos,,br BRA,DF,Arsenal,24-094,1997,24.4,40,26,27,10,3,16,24,66.7,8,154,57,37,93,54,7,33,21,0,12,32,72,90,3,Matches
130,Abdoulaye Doucoure,,fr FRA,MF,Everton,29-081,1993,19.7,52,29,24,26,2,21,50,42,29,461,126,27.3,173,209,79,24,4,0,20,31,83,23,0,Matches
131,Kieran Dowell,,eng ENG,FWMF,Norwich City,24-164,1997,4,10,4,4,4,2,5,14,35.7,9,120,24,20,31,52,37,5,1,0,4,1,11,2,0,Matches
132,Cody Drameh,,eng ENG,DF,Leeds United,20-105,2001,1.4,6,3,4,2,0,2,4,50,2,29,8,27.6,16,10,3,2,0,0,2,3,9,2,0,Matches
133,Martin Dubravka,,sk SVK,GK,Newcastle Utd,33-067,1989,17,0,0,0,0,0,0,0,,0,4,1,25,4,0,0,0,0,0,0,0,0,0,0,Matches
134,Shane Duffy,,ie IRL,DF,Brighton,30-081,1992,16,16,9,12,1,3,5,13,38.5,8,86,20,23.3,50,31,5,35,19,1,16,18,34,91,1,Matches
135,Paul Dummett,,wls WAL,DF,Newcastle Utd,30-178,1991,2.2,9,4,6,2,1,5,8,62.5,3,31,12,38.7,15,13,3,3,0,0,3,4,13,9,1,Matches
136,Lewis Dunk,,eng ENG,DF,Brighton,30-122,1991,19.6,20,11,9,10,1,6,11,54.5,5,108,45,41.7,60,38,10,32,20,0,12,35,55,79,1,Matches
137,Ederson,,br BRA,GK,Manchester City,28-218,1993,28,0,0,0,0,0,0,0,,0,3,0,0,3,0,0,0,0,0,0,0,0,0,1,Matches
138,Odsonne Edouard,,fr FRA,FW,Crystal Palace,24-066,1998,14.1,15,11,1,6,8,2,18,11.1,16,274,83,30.3,39,116,119,19,3,0,16,8,23,13,0,Matches
139,Anthony Elanga,,se SWE,FW,Manchester Utd,19-330,2002,6.1,13,8,5,6,2,4,15,26.7,11,131,42,32.1,39,60,32,10,1,0,9,10,23,2,0,Matches
140,Harvey Elliott,,eng ENG,MF,Liverpool,18-353,2003,3.1,1,1,1,0,0,0,6,0,6,77,16,20.8,17,42,18,8,0,0,8,3,4,4,0,Matches
141,Mohamed Elneny,,eg EGY,MF,Arsenal,29-255,1992,2,3,2,2,1,0,1,2,50,1,23,7,30.4,12,9,2,2,0,0,2,5,8,2,0,Matches
142,Mohamed Elyounoussi,,no NOR,MF,Southampton,27-231,1994,16.8,36,27,11,21,4,7,21,33.3,14,347,115,33.1,99,171,77,33,2,0,31,13,49,17,0,Matches
143,Emerson,,br BRA,DF,Tottenham,23-068,1999,16.8,64,30,44,14,6,21,47,44.7,26,367,96,26.2,180,128,59,38,3,0,35,30,94,54,0,Matches
144,Christian Eriksen,,dk DEN,MF,Brentford,30-037,1992,2.4,2,2,0,2,0,1,3,33.3,2,30,3,10,7,17,6,1,0,0,1,2,4,2,0,Matches
145,Oghenekaro Etebo,,ng NGA,MF,Watford,26-134,1995,4.3,12,10,5,7,0,4,7,57.1,3,63,22,34.9,28,31,4,5,1,0,4,7,19,6,0,Matches
146,Jonny Evans,,nir NIR,DF,Leicester City,34-079,1988,8.7,15,8,11,3,1,8,14,57.1,6,65,24,36.9,41,21,3,15,9,0,6,22,37,31,0,Matches
147,Eberechi Eze,,eng ENG,MFFW,Crystal Palace,23-267,1998,1.6,4,2,2,1,1,3,3,100,0,26,9,34.6,4,14,8,2,0,0,2,3,7,0,0,Matches
148,Lukasz Fabianski,,pl POL,GK,West Ham,36-339,1985,29,0,0,0,0,0,0,0,,0,0,0,,0,0,0,0,0,0,0,0,0,0,0,Matches
149,Fabinho,,br BRA,MF,Liverpool,28-151,1993,20.9,48,31,13,29,6,15,50,30,35,336,109,32.4,101,184,51,41,7,0,34,46,94,27,0,Matches
150,Kiko Femenia,,es ESP,DF,Watford,31-049,1991,17.8,34,23,22,11,1,18,32,56.3,14,171,56,32.7,86,64,21,32,8,0,24,51,85,50,0,Matches
151,Evan Ferguson,,ie IRL,MF,Brighton,17-155,2004,0.3,0,0,0,0,0,0,0,,0,1,0,0,0,0,1,0,0,0,0,0,0,0,0,Matches
152,Nathan Ferguson,,eng ENG,DF,Crystal Palace,21-168,2000,0.1,0,0,0,0,0,0,0,,0,1,0,0,1,0,0,0,0,0,0,0,0,0,0,Matches
153,Bruno Fernandes,,pt POR,MF,Manchester Utd,27-196,1994,25.6,42,33,19,16,7,20,54,37,34,467,132,28.3,83,226,158,23,0,0,23,31,73,27,2,Matches
154,Alvaro Fernandez,,es ESP,GK,Brentford,23-344,1998,12,0,0,0,0,0,0,0,,0,0,0,,0,0,0,0,0,0,0,0,0,0,2,Matches
155,Federico Fernandez,,ar ARG,DF,Newcastle Utd,33-030,1989,5.8,1,1,0,1,0,0,6,0,6,33,4,12.1,21,9,3,11,9,0,2,13,14,23,0,Matches
156,Fernandinho,,br BRA,MF,Manchester City,36-323,1985,6.8,15,10,4,10,1,3,12,25,9,89,26,29.2,26,53,10,4,1,0,3,7,22,10,0,Matches
157,Roberto Firmino,,br BRA,FW,Liverpool,30-172,1991,8.8,21,15,4,10,7,1,9,11.1,8,178,59,33.1,26,83,69,15,0,0,15,2,23,2,0,Matches
158,Junior Firpo,,es ESP,DF,Leeds United,25-213,1996,14.8,53,28,27,21,5,25,47,53.2,22,260,79,30.4,126,98,36,27,7,1,20,26,79,38,0,Matches
159,Ashley Fletcher,,eng ENG,FW,Watford,26-172,1995,0.3,2,2,2,0,0,1,1,100,0,9,1,11.1,5,3,1,1,1,0,0,0,2,0,0,Matches
160,Phil Foden,,eng ENG,FW,Manchester City,21-299,2000,17.9,13,10,4,3,6,5,6,83.3,1,322,97,30.1,32,103,187,10,1,0,9,13,26,0,0,Matches
161,Pablo Fornals,,es ESP,FWMF,West Ham,26-029,1996,24,42,28,17,15,10,22,74,29.7,52,511,141,27.6,145,227,139,36,1,0,35,40,82,11,0,Matches
162,Adam Forshaw,,eng ENG,MF,Leeds United,30-166,1991,16,49,26,19,28,2,20,48,41.7,28,382,114,29.8,114,206,62,19,1,0,18,30,79,18,1,Matches
163,Marcus Forss,,fi FIN,FWMF,Brentford,22-278,1999,2.3,4,2,0,3,1,2,4,50,2,70,21,30,11,29,30,3,0,0,3,2,6,0,0,Matches
164,Fraser Forster,,eng ENG,GK,Southampton,34-006,1988,12,0,0,0,0,0,0,1,0,1,4,2,50,4,0,0,0,0,0,0,0,0,2,1,Matches
165,Ben Foster,,eng ENG,GK,Watford,38-354,1983,18,0,0,0,0,0,0,3,0,3,3,0,0,3,0,0,0,0,0,0,0,0,3,1,Matches
166,Tariqe Fosu,,gh GHA,DF,Brentford,26-138,1995,0.2,0,0,0,0,0,0,0,,0,5,0,0,0,2,3,1,0,0,1,0,0,0,0,Matches
167,Ryan Fraser,,sct SCO,FWMF,Newcastle Utd,28-027,1994,15,13,4,8,5,0,4,15,26.7,11,151,37,24.5,32,66,53,12,0,0,12,15,28,9,0,Matches
168,Fred,,br BRA,MF,Manchester Utd,29-018,1993,19.6,61,35,28,26,7,16,63,25.4,47,486,127,26.1,169,261,56,40,13,0,27,41,102,29,0,Matches
169,Ryan Fredericks,,eng ENG,DF,West Ham,29-164,1992,1.4,1,1,1,0,0,0,2,0,2,9,3,33.3,5,2,2,3,0,0,3,3,4,3,0,Matches
170,Leo Fuhr Hjelde,,no NOR,DF,Leeds United,18-209,2003,1.7,4,2,4,0,0,3,3,100,0,30,11,36.7,13,12,5,3,3,0,0,4,8,8,0,Matches
171,Conor Gallagher,,eng ENG,MF,Crystal Palace,22-045,2000,24.4,59,40,31,14,14,10,47,21.3,37,615,178,28.9,167,286,162,41,7,0,34,31,90,24,0,Matches
172,Dwight Gayle,,eng ENG,FW,Newcastle Utd,31-157,1990,0.4,1,0,0,1,0,0,0,,0,14,4,28.6,1,10,3,0,0,0,0,1,2,0,0,Matches
173,Jean-Philippe Gbamin,,ci CIV,MF,Everton,26-179,1995,0.7,2,1,1,1,0,0,1,0,1,14,7,50,8,3,3,0,0,0,0,0,2,1,0,Matches
174,David de Gea,,es ESP,GK,Manchester Utd,31-136,1990,29,0,0,0,0,0,0,0,,0,0,0,,0,0,0,0,0,0,0,0,0,0,0,Matches
175,Joe Gelhardt,,eng ENG,FWMF,Leeds United,19-323,2002,5.2,7,3,2,2,3,3,7,42.9,4,133,41,30.8,14,60,59,5,0,0,5,2,9,2,0,Matches
176,Anwar El Ghazi,,nl NED,FW,Everton,26-324,1995,0.1,1,1,1,0,0,1,1,100,0,10,3,30,2,3,5,2,0,0,2,1,2,0,0,Matches
177,Anwar El Ghazi,,nl NED,FWMF,Aston Villa,26-324,1995,4.3,3,3,1,2,0,2,6,33.3,4,48,18,37.5,7,24,17,5,0,0,5,2,5,2,0,Matches
178,Saman Ghoddos,,ir IRN,MFDF,Brentford,28-198,1993,4.8,13,7,5,6,2,7,11,63.6,4,98,22,22.4,29,43,26,7,0,0,7,5,18,9,0,Matches
179,Dimitris Giannoulis,,gr GRE,DF,Norwich City,26-157,1995,6.1,16,7,7,8,1,10,12,83.3,2,91,24,26.4,47,28,16,22,3,0,19,18,34,12,0,Matches
180,Morgan Gibbs-White,,eng ENG,FWMF,Wolves,22-055,2000,0.1,0,0,0,0,0,0,0,,0,3,0,0,1,1,1,1,0,0,1,0,0,0,0,Matches
181,Ben Gibson,,eng ENG,DF,Norwich City,29-067,1993,23.7,16,12,12,4,0,5,10,50,5,127,43,33.9,76,46,5,50,30,0,20,38,54,134,0,Matches
182,Billy Gilmour,,sct SCO,MF,Norwich City,20-285,2001,15.7,37,19,14,20,3,14,34,41.2,20,367,81,22.1,139,182,46,15,3,0,12,28,65,28,0,Matches
183,Ben Godfrey,,eng ENG,DF,Everton,24-067,1998,18.5,47,22,26,16,5,14,28,50,14,239,79,33.1,121,96,22,44,18,0,26,43,90,65,2,Matches
184,Andre Gomes,,pt POR,MF,Everton,28-236,1993,5.6,15,9,6,5,4,7,19,36.8,12,164,48,29.3,57,76,31,7,2,0,5,7,22,2,0,Matches
185,Toti Gomes,,pt POR,DF,Wolves,23-066,1999,2,6,2,5,1,0,2,3,66.7,1,21,9,42.9,15,5,1,4,0,0,4,6,12,12,0,Matches
186,Joe Gomez,,eng ENG,DF,Liverpool,24-304,1997,1.2,0,0,0,0,0,0,2,0,2,12,4,33.3,2,8,2,1,0,0,1,5,5,4,0,Matches
187,Charlie Goode,,eng ENG,DF,Brentford,26-232,1995,5,8,5,6,2,0,4,4,100,0,36,15,41.7,20,13,3,5,2,0,3,5,13,12,0,Matches
188,Anthony Gordon,,eng ENG,MFFW,Everton,21-027,2001,16.7,48,30,23,18,7,17,47,36.2,30,379,108,28.5,90,182,107,35,5,0,30,21,69,6,0,Matches
189,Kaide Gordon,,eng ENG,FW,Liverpool,17-169,2004,0.1,1,0,0,0,1,1,1,100,0,6,3,50,0,1,5,0,0,0,0,0,1,0,0,Matches
190,Dan Gosling,,eng ENG,MF,Watford,32-050,1990,0.2,0,0,0,0,0,0,4,0,4,5,1,20,2,3,0,0,0,0,0,0,0,1,0,Matches
191,Demarai Gray,,eng ENG,MFFW,Everton,25-268,1996,18.8,22,13,7,10,5,10,20,50,10,220,74,33.6,45,97,78,20,0,0,20,11,33,7,1,Matches
192,Jack Grealish,,eng ENG,FW,Manchester City,26-194,1995,16.1,13,10,3,8,2,2,10,20,8,215,84,39.1,28,69,118,13,2,0,11,11,24,4,0,Matches
193,Mason Greenwood,,eng ENG,FWMF,Manchester Utd,20-173,2001,14.1,16,8,8,2,6,5,12,41.7,7,154,40,26,35,59,60,5,0,0,5,4,20,5,0,Matches
194,Sam Greenwood,,eng ENG,FWMF,Leeds United,20-056,2002,0.9,0,0,0,0,0,0,1,0,1,14,2,14.3,0,5,9,0,0,0,0,0,0,0,0,Matches
195,Pascal Gross,,de GER,MFDF,Brighton,30-281,1991,15.3,25,17,15,8,2,11,26,42.3,15,236,72,30.5,91,83,62,30,7,0,23,13,38,18,0,Matches
196,Vicente Guaita,,es ESP,GK,Crystal Palace,35-072,1987,23.5,0,0,0,0,0,0,0,,0,1,0,0,1,0,0,0,0,0,0,0,0,0,1,Matches
197,Marc Guehi,,eng ENG,DF,Crystal Palace,21-253,2000,28,28,21,20,7,1,9,14,64.3,5,182,73,40.1,116,57,9,39,23,0,16,46,74,116,0,Matches
198,Bruno Guimaraes,,br BRA,MF,Newcastle Utd,24-127,1997,3.2,15,11,10,3,2,2,12,16.7,10,95,32,33.7,36,46,13,5,1,0,4,8,23,4,0,Matches
199,Ilkay Gundogan,,de GER,MF,Manchester City,31-150,1990,15,15,6,6,8,1,6,17,35.3,11,140,37,26.4,38,67,35,13,3,1,10,16,31,8,0,Matches
200,Angus Gunn,,eng ENG,GK,Norwich City,26-060,1996,7,0,0,0,0,0,0,0,,0,2,0,0,2,0,0,0,0,0,0,0,0,1,0,Matches
201,Grant Hanley,,sct SCO,DF,Norwich City,30-123,1991,23.2,47,35,32,12,3,11,21,52.4,10,210,85,40.5,144,58,8,47,34,1,13,47,94,135,1,Matches
202,Jack Harrison,,eng ENG,FWMF,Leeds United,25-123,1996,21.9,40,22,15,15,10,21,45,46.7,24,387,104,26.9,109,152,126,49,2,0,47,28,68,23,0,Matches
203,Kortney Hause,,eng ENG,DF,Aston Villa,26-250,1995,4.4,4,4,3,0,1,2,2,100,0,47,21,44.7,30,16,1,10,5,0,5,9,13,19,0,Matches
204,Kai Havertz,,de GER,FWMF,Chelsea,22-285,1999,14.5,18,11,3,12,3,3,12,25,9,237,69,29.1,23,94,120,26,0,0,26,6,24,23,0,Matches
205,Isaac Hayden,,eng ENG,MFDF,Newcastle Utd,27-001,1995,11.1,34,18,17,12,5,8,23,34.8,15,194,53,27.3,77,96,21,22,9,0,13,20,54,30,0,Matches
206,Hwang Hee-chan,,kr KOR,FWMF,Wolves,26-056,1996,15,24,11,8,14,2,11,31,35.5,20,220,54,24.5,48,104,68,13,0,0,13,14,38,8,1,Matches
207,Jordan Henderson,,eng ENG,MF,Liverpool,31-279,1990,22.3,27,20,4,19,4,9,31,29,22,359,113,31.5,77,205,77,25,2,0,23,36,63,16,0,Matches
208,Jeff Hendrick,,ie IRL,MF,Newcastle Utd,30-051,1992,0.8,1,1,0,1,0,1,1,100,0,16,2,12.5,2,11,3,0,0,0,0,0,1,1,0,Matches
209,Wayne Hennessey,,wls WAL,GK,Burnley,35-058,1987,2,0,0,0,0,0,0,0,,0,1,0,0,1,0,0,0,0,0,0,0,0,0,0,Matches
210,Rico Henry,,eng ENG,DF,Brentford,24-258,1997,23.2,30,21,18,7,5,6,25,24,19,278,81,29.1,126,94,58,55,10,0,45,46,76,53,1,Matches
211,Son Heung-min,,kr KOR,FWMF,Tottenham,29-258,1992,24.9,11,6,5,5,1,3,20,15,17,297,74,24.9,52,147,98,23,4,0,19,22,33,6,0,Matches
212,Ki-Jana Hoever,,nl NED,DF,Wolves,20-064,2002,3.4,16,10,12,4,0,5,13,38.5,8,81,25,30.9,40,30,11,6,0,0,6,5,21,8,0,Matches
213,Rob Holding,,eng ENG,DF,Arsenal,26-184,1995,4.8,9,6,8,1,0,5,7,71.4,2,36,11,30.6,23,11,2,18,13,0,5,10,19,30,0,Matches
214,Mason Holgate,,eng ENG,DF,Everton,25-152,1996,14.8,27,15,19,8,0,9,19,47.4,10,140,48,34.3,82,47,11,22,14,0,8,31,58,86,0,Matches
215,Callum Hudson-Odoi,,eng ENG,FWMF,Chelsea,21-136,2000,10.7,13,6,4,7,2,3,15,20,12,158,38,24.1,24,77,57,13,0,0,13,5,18,5,0,Matches
216,Will Hughes,,eng ENG,MF,Crystal Palace,26-340,1995,9.1,25,13,8,15,2,5,16,31.3,11,172,49,28.5,58,98,16,18,4,0,14,14,39,11,0,Matches
217,Pierre Hojbjerg,,dk DEN,MF,Tottenham,26-230,1995,26.5,68,42,20,37,11,23,62,37.1,39,538,145,27,203,256,79,55,10,0,45,55,123,41,0,Matches
218,Adam Idah,,ie IRL,FWMF,Norwich City,21-012,2001,6.9,11,6,4,5,2,2,5,40,3,93,23,24.7,15,40,38,4,3,0,1,4,15,8,0,Matches
219,Kelechi Iheanacho,,ng NGA,FW,Leicester City,25-171,1996,9.2,11,7,2,7,2,3,9,33.3,6,166,48,28.9,12,76,78,7,0,0,7,4,15,6,0,Matches
220,Danny Ings,,eng ENG,FW,Aston Villa,29-243,1992,16.9,19,9,4,12,3,8,23,34.8,15,298,64,21.5,43,128,127,24,3,0,21,14,33,15,0,Matches
221,Tim Iroegbunam,,,MF,Aston Villa,,,0.1,1,0,0,1,0,1,2,50,1,4,1,25,2,2,0,0,0,0,0,0,1,0,0,Matches
222,Alex Iwobi,,ng NGA,MFFW,Everton,25-324,1996,11.6,23,13,8,9,6,9,24,37.5,15,269,77,28.6,78,119,72,19,2,0,17,18,41,10,0,Matches
223,Daniel James,,wls WAL,FWMF,Leeds United,24-133,1997,22.5,28,14,10,9,9,10,24,41.7,14,453,120,26.5,60,169,224,17,2,0,15,17,45,10,0,Matches
224,Daniel James,,wls WAL,FW,Manchester Utd,24-133,1997,1.4,4,4,0,4,0,1,1,100,0,31,8,25.8,5,13,13,2,0,0,2,0,4,1,0,Matches
225,Reece James,,eng ENG,DF,Chelsea,22-105,1999,13.1,23,15,14,8,1,6,19,31.6,13,169,64,37.9,70,66,33,18,2,1,16,15,38,13,0,Matches
226,Vitaly Janelt,,de GER,MF,Brentford,23-317,1998,19.8,45,25,17,21,7,16,41,39,25,356,110,30.9,95,183,78,41,8,0,33,35,80,29,0,Matches
227,Pontus Jansson,,se SWE,DF,Brentford,31-038,1991,29.9,28,19,21,6,1,13,30,43.3,17,156,57,36.5,94,53,9,47,20,0,27,55,83,167,1,Matches
228,Mathias Jensen,,dk DEN,MF,Brentford,26-081,1996,13.6,27,24,10,13,4,16,47,34,31,348,100,28.7,132,161,55,21,3,0,18,26,53,10,0,Matches
229,Gabriel Jesus,,br BRA,FW,Manchester City,24-354,1997,14.9,13,7,4,3,6,3,19,15.8,16,216,50,23.1,31,96,89,20,1,0,19,12,25,5,0,Matches
230,Raul Jimenez,,mx MEX,FW,Wolves,30-322,1991,23.9,27,18,4,14,9,4,20,20,16,361,92,25.5,36,186,139,24,4,0,20,18,45,22,0,Matches
231,Joelinton,,br BRA,MFFW,Newcastle Utd,25-221,1996,20.9,59,38,30,22,7,18,40,45,22,459,134,29.2,139,211,109,53,9,0,44,34,93,36,0,Matches
232,Ben Johnson,,eng ENG,DF,West Ham,22-058,2000,13.4,28,15,13,11,4,16,27,59.3,11,151,53,35.1,73,48,30,43,8,1,35,21,49,43,0,Matches
233,Curtis Jones,,eng ENG,MF,Liverpool,21-052,2001,7.1,10,7,2,7,1,2,7,28.6,5,170,47,27.6,28,96,46,3,0,0,3,8,18,1,0,Matches
234,Phil Jones,,eng ENG,DF,Manchester Utd,30-030,1992,1,3,3,2,0,1,2,3,66.7,1,11,2,18.2,3,7,1,3,3,0,0,2,5,3,0,Matches
235,Jorginho,,it ITA,MF,Chelsea,30-093,1991,20.8,52,34,23,25,4,15,62,24.2,47,388,127,32.7,142,189,57,34,6,0,28,50,102,17,1,Matches
236,Diogo Jota,,pt POR,FW,Liverpool,25-109,1996,19.4,25,16,9,11,5,7,34,20.6,27,421,120,28.5,73,168,180,17,3,0,14,13,38,6,0,Matches
237,James Justin,,eng ENG,DF,Leicester City,24-028,1998,4.1,9,5,3,4,2,3,7,42.9,4,73,17,23.3,43,23,7,10,1,0,9,8,17,15,0,Matches
238,Mathias Jorgensen,,dk DEN,DF,Brentford,31-334,1990,4.8,10,2,3,4,3,6,8,75,2,45,10,22.2,25,14,6,7,1,0,6,10,20,11,0,Matches
239,Ozan Kabak,,tr TUR,DF,Norwich City,21-363,2000,10.2,13,11,6,6,1,4,9,44.4,5,96,39,40.6,66,28,2,19,12,0,7,22,35,29,0,Matches
240,Christian Kabasele,,be BEL,DF,Watford,31-027,1991,5.3,4,3,3,1,0,0,2,0,2,31,10,32.3,21,10,0,12,5,0,7,14,18,22,0,Matches
241,Samuel Kalu,,ng NGA,FWMF,Watford,24-209,1997,0.5,0,0,0,0,0,0,0,,0,9,1,11.1,2,3,4,1,0,0,1,1,1,0,0,Matches
242,Hassane Kamara,,ci CIV,DF,Watford,27-185,1994,10.9,44,22,29,13,2,17,27,63,10,197,52,26.4,118,63,16,19,2,0,17,50,94,41,0,Matches
243,Harry Kane,,eng ENG,FW,Tottenham,28-238,1993,26.9,13,7,0,8,5,5,17,29.4,12,303,91,30,18,124,161,17,6,0,11,6,19,28,0,Matches
244,N'Golo Kante,,fr FRA,MF,Chelsea,30-359,1991,13.3,36,20,15,14,7,12,28,42.9,16,239,78,32.6,75,114,50,24,2,0,22,30,66,12,0,Matches
245,Edo Kayembe,,cd COD,MF,Watford,23-232,1998,4.6,9,7,2,5,2,3,7,42.9,4,63,24,38.1,25,34,4,8,0,0,8,9,18,13,0,Matches
246,Moise Kean,,it ITA,FW,Everton,22-023,2000,0,0,0,0,0,0,0,0,,0,0,0,,0,0,0,0,0,0,0,0,0,0,0,Matches
247,Michael Keane,,eng ENG,DF,Everton,29-071,1993,24.5,36,27,24,10,2,18,31,58.1,13,163,70,42.9,94,58,11,43,26,0,17,52,88,114,2,Matches
248,Naby Keita,,gn GUI,MF,Liverpool,27-041,1995,9.2,29,18,12,12,5,14,26,53.8,12,228,77,33.8,52,116,60,17,2,0,15,13,42,2,0,Matches
249,Caoimhin Kelleher,,ie IRL,GK,Liverpool,23-120,1998,2,0,0,0,0,0,0,0,,0,0,0,,0,0,0,0,0,0,0,0,0,0,0,Matches
250,Jonjoe Kenny,,eng ENG,DF,Everton,25-008,1997,7.8,12,9,5,7,0,9,19,47.4,10,94,35,37.2,38,47,9,12,2,0,10,23,35,13,0,Matches
251,Max Kilman,,eng ENG,DF,Wolves,24-304,1997,27.9,52,32,39,13,0,20,32,62.5,12,228,84,36.8,149,68,11,48,19,0,29,62,114,113,1,Matches
252,Joshua King,,no NOR,FW,Watford,30-067,1992,21.9,28,18,6,14,8,5,16,31.3,11,419,119,28.4,60,186,173,17,3,0,14,10,38,23,0,Matches
253,Kristoffer Klaesson,,no NOR,GK,Leeds United,21-116,2000,0.4,0,0,0,0,0,0,0,,0,0,0,,0,0,0,0,0,0,0,0,0,0,0,Matches
254,Mateusz Klich,,pl POL,MF,Leeds United,31-283,1990,18.3,33,18,11,16,6,14,45,31.1,31,444,103,23.2,130,227,87,20,5,0,15,26,59,22,0,Matches
255,Robin Koch,,de GER,MFDF,Leeds United,25-249,1996,11.2,18,11,9,7,2,7,19,36.8,12,178,56,31.5,73,89,16,15,5,1,10,30,48,30,0,Matches
256,Sead Kolasinac,,ba BIH,DF,Arsenal,28-276,1993,1,1,1,1,0,0,0,0,,0,12,3,25,7,3,2,2,0,0,2,4,5,8,0,Matches
257,Ibrahima Konate,,fr FRA,DF,Liverpool,22-302,1999,8,9,6,5,3,1,3,5,60,2,56,17,30.4,34,20,2,11,9,1,2,21,30,40,0,Matches
258,Ezri Konsa,,eng ENG,DF,Aston Villa,24-151,1997,22,22,13,11,10,1,5,10,50,5,140,48,34.3,77,51,12,33,17,0,16,35,57,62,1,Matches
259,Cheikhou Kouyate,,sn SEN,MF,Crystal Palace,32-092,1989,18.5,52,30,30,21,1,11,29,37.9,18,329,98,29.8,162,147,20,51,16,0,35,38,90,47,0,Matches
260,Mateo Kovacic,,hr CRO,MF,Chelsea,27-321,1994,14.2,44,35,14,23,7,14,26,53.8,12,332,101,30.4,85,189,58,14,3,0,11,18,62,11,1,Matches
261,Emil Krafth,,se SWE,DF,Newcastle Utd,27-233,1994,11.5,17,9,14,2,1,10,24,41.7,14,138,33,23.9,62,60,16,25,8,0,17,27,44,39,0,Matches
262,Alex Kral,,cz CZE,MF,West Ham,23-308,1998,0,0,0,0,0,0,0,0,,0,2,2,100,0,1,1,0,0,0,0,0,0,0,0,Matches
263,Tim Krul,,nl NED,GK,Norwich City,33-354,1988,22,0,0,0,0,0,0,2,0,2,7,1,14.3,7,0,0,1,0,0,1,0,0,0,1,Matches
264,Juraj Kucka,,sk SVK,MF,Watford,35-025,1987,17.6,66,42,38,23,5,26,61,42.6,35,360,121,33.6,136,174,50,32,8,1,24,38,104,43,1,Matches
265,Dejan Kulusevski,,se SWE,MFFW,Tottenham,21-332,2000,7.6,8,5,4,4,0,3,13,23.1,10,172,40,23.3,60,74,38,5,0,0,5,16,24,1,0,Matches
266,Alexandre Lacazette,,fr FRA,FWMF,Arsenal,30-299,1991,17,24,17,7,12,5,6,13,46.2,7,308,95,30.8,42,103,163,12,2,0,10,12,36,5,0,Matches
267,Adam Lallana,,eng ENG,MF,Brighton,33-317,1988,16.8,38,22,19,15,4,11,35,31.4,24,296,100,33.8,111,130,55,25,7,0,18,27,65,13,0,Matches
268,Tariq Lamptey,,eng ENG,DFFW,Brighton,21-174,2000,14.2,34,20,13,17,4,14,24,58.3,10,199,64,32.2,63,76,60,18,3,0,15,27,61,15,0,Matches
269,Manuel Lanzini,,ar ARG,MF,West Ham,29-036,1993,14.7,23,16,10,7,6,11,36,30.6,25,300,81,27,83,154,63,16,1,0,15,22,45,6,0,Matches
270,Aymeric Laporte,,es ESP,DF,Manchester City,27-300,1994,23.1,23,12,14,8,1,13,21,61.9,8,106,51,48.1,63,37,6,17,6,0,11,25,48,54,2,Matches
271,Jamaal Lascelles,,eng ENG,DF,Newcastle Utd,28-132,1993,18.8,15,8,12,1,2,4,12,33.3,8,124,41,33.1,73,46,5,42,27,1,15,29,44,117,0,Matches
272,Pierre Lees-Melou,,fr FRA,MF,Norwich City,28-302,1993,17.8,50,30,22,20,8,19,61,31.1,42,460,115,25,185,209,66,33,10,2,23,28,78,12,0,Matches
273,Aaron Lennon,,eng ENG,MFFW,Burnley,34-341,1987,11.9,27,13,7,13,7,7,27,25.9,20,269,67,24.9,75,109,85,22,3,0,19,9,36,10,0,Matches
274,Bernd Leno,,de GER,GK,Arsenal,30-019,1992,4,0,0,0,0,0,0,0,,0,0,0,,0,0,0,0,0,0,0,0,0,0,0,Matches
275,Jamal Lewis,,nir NIR,DF,Newcastle Utd,24-057,1998,2.9,11,6,7,2,2,3,4,75,1,42,14,33.3,25,8,9,5,2,0,3,6,17,6,0,Matches
276,Victor Lindelof,,se SWE,DF,Manchester Utd,27-249,1994,18.2,16,8,8,8,0,8,13,61.5,5,99,39,39.4,49,43,7,30,13,0,17,39,55,87,0,Matches
277,Jesse Lingard,,eng ENG,FW,Manchester Utd,29-098,1992,2.3,6,3,2,3,1,1,1,100,0,66,15,22.7,15,24,27,1,0,0,1,2,8,1,0,Matches
278,Valentino Livramento,,eng ENG,DF,Southampton,19-131,2002,22.2,51,28,31,17,3,23,40,57.5,17,311,108,34.7,152,120,39,42,9,0,33,64,115,48,0,Matches
279,Diego Llorente,,es ESP,DF,Leeds United,28-219,1993,19,34,24,23,9,2,15,33,45.5,18,242,92,38,138,94,10,47,14,0,33,45,79,71,1,Matches
280,Hugo Lloris,,fr FRA,GK,Tottenham,35-087,1986,29,0,0,0,0,0,0,1,0,1,4,1,25,3,1,0,0,0,0,0,0,0,0,2,Matches
281,Giovani Lo Celso,,ar ARG,MFFW,Tottenham,25-348,1996,2.6,8,3,4,3,1,3,12,25,9,69,14,20.3,26,29,14,7,1,0,6,3,11,0,0,Matches
282,Jurgen Locadia,,nl NED,FW,Brighton,28-136,1993,0.3,1,1,0,1,0,0,0,,0,4,3,75,0,2,2,0,0,0,0,0,1,0,0,Matches
283,Ruben Loftus-Cheek,,eng ENG,MF,Chelsea,26-059,1996,8.7,19,12,13,5,1,5,11,45.5,6,144,46,31.9,45,74,25,10,3,0,7,10,29,12,0,Matches
284,Shane Long,,ie IRL,FWMF,Southampton,35-060,1987,1.6,6,2,1,3,2,1,1,100,0,45,14,31.1,5,13,27,1,0,0,1,0,6,1,0,Matches
285,Sean Longstaff,,eng ENG,MF,Newcastle Utd,24-144,1997,12.2,43,29,16,21,6,17,51,33.3,34,331,87,26.3,132,154,45,20,6,0,14,17,60,17,0,Matches
286,Ademola Lookman,,eng ENG,FWMF,Leicester City,24-154,1997,12.7,33,18,12,14,7,9,23,39.1,14,270,74,27.4,75,127,68,17,1,0,16,18,51,2,0,Matches
287,Jonas Lossl,,dk DEN,GK,Brentford,33-050,1989,2,0,0,0,0,0,0,0,,0,0,0,,0,0,0,0,0,0,0,0,0,0,0,Matches
288,Imran Louza,,ma MAR,MF,Watford,22-326,1999,11.1,32,19,16,13,3,12,31,38.7,19,247,67,27.1,99,114,34,12,3,0,9,27,59,12,0,Matches
289,Matthew Lowton,,eng ENG,DF,Burnley,32-287,1989,16.8,38,22,20,11,7,19,40,47.5,21,153,55,35.9,62,54,37,38,11,0,27,30,68,53,0,Matches
290,Douglas Luiz,,br BRA,MF,Aston Villa,23-318,1998,22.9,50,31,27,19,4,17,52,32.7,35,388,125,32.2,172,175,41,30,5,0,25,51,101,21,0,Matches
291,Romelu Lukaku,,be BEL,FW,Chelsea,28-314,1993,13.5,2,1,0,1,1,0,3,0,3,120,39,32.5,6,44,70,4,3,0,1,1,3,16,0,Matches
292,Lyanco,,br BRA,DF,Southampton,25-050,1997,6.1,10,8,6,4,0,3,6,50,3,68,26,38.2,36,32,0,15,10,0,5,17,27,33,0,Matches
293,Alexis Mac Allister,,ar ARG,MFFW,Brighton,23-089,1998,14.9,51,35,19,22,10,19,49,38.8,30,371,132,35.6,114,167,90,30,4,0,26,19,70,14,0,Matches
294,James Maddison,,eng ENG,MFFW,Leicester City,25-120,1996,19.1,27,15,5,14,8,5,23,21.7,18,325,79,24.3,78,162,85,18,2,0,16,12,39,5,0,Matches
295,Harry Maguire,,eng ENG,DF,Manchester Utd,29-018,1993,22.7,29,16,20,8,1,11,23,47.8,12,140,48,34.3,98,40,2,37,28,0,9,38,67,107,0,Matches
296,Riyad Mahrez,,dz ALG,FW,Manchester City,31-030,1991,13.5,6,4,1,2,3,2,12,16.7,10,149,43,28.9,26,63,60,14,1,0,13,8,14,1,0,Matches
297,Ainsley Maitland-Niles,,eng ENG,MF,Arsenal,24-206,1997,3,7,4,4,2,1,1,4,25,3,54,17,31.5,19,25,10,5,1,0,4,3,10,4,0,Matches
298,Sadio Mane,,sn SEN,FW,Liverpool,29-347,1992,24.7,27,15,6,10,11,6,20,30,14,349,108,30.9,47,160,142,29,4,0,25,14,41,9,0,Matches
299,Javier Manquillo,,es ESP,DF,Newcastle Utd,27-322,1994,13.3,40,24,26,10,4,19,35,54.3,16,168,55,32.7,94,46,28,28,6,0,22,23,63,27,0,Matches
300,Fernando Marcal,,br BRA,DF,Wolves,33-032,1989,14.2,36,22,24,9,3,16,31,51.6,15,217,63,29,114,74,29,37,3,0,34,27,63,50,0,Matches
301,Solly March,,eng ENG,DFFW,Brighton,27-246,1994,13.8,27,17,11,6,10,7,16,43.8,9,198,62,31.3,55,62,81,20,1,0,19,24,51,18,0,Matches
302,Pablo Mari,,es ESP,DF,Arsenal,28-204,1993,2,6,2,2,3,1,4,8,50,4,19,4,21.1,9,8,2,6,4,0,2,6,12,11,0,Matches
303,Anthony Martial,,fr FRA,FW,Manchester Utd,26-108,1995,2.4,1,1,0,0,1,0,1,0,1,28,11,39.3,6,9,13,3,0,0,3,1,2,2,0,Matches
304,Martinelli,,br BRA,FWMF,Arsenal,20-278,2001,13.8,24,15,8,11,5,6,18,33.3,12,227,65,28.6,41,71,115,26,3,0,23,14,38,10,0,Matches
305,Emiliano Martinez,,ar ARG,GK,Aston Villa,29-202,1992,28,0,0,0,0,0,0,1,0,1,2,0,0,2,0,0,0,0,0,0,1,1,1,1,Matches
306,Adam Masina,,ma MAR,DF,Watford,28-080,1994,9.6,20,10,8,11,1,8,23,34.8,15,138,39,28.3,61,59,18,23,4,0,19,20,40,37,0,Matches
307,Arthur Masuaku,,cd COD,DFFW,West Ham,28-136,1993,6.2,29,17,16,11,2,11,20,55,9,100,36,36,49,42,9,10,1,0,9,16,45,15,0,Matches
308,Jean-Philippe Mateta,,fr FRA,FW,Crystal Palace,24-268,1997,7.2,4,3,1,3,0,2,10,20,8,148,30,20.3,19,85,44,5,2,0,3,2,6,12,0,Matches
309,Nemanja Matic,,rs SRB,MF,Manchester Utd,33-234,1988,10.2,20,15,12,7,1,7,22,31.8,15,144,42,29.2,59,76,9,21,5,0,16,18,38,22,1,Matches
310,Joel Matip,,cm CMR,DF,Liverpool,30-227,1991,23,30,23,12,13,5,10,17,58.8,7,148,60,40.5,74,58,16,32,14,1,18,48,78,93,1,Matches
311,Neal Maupay,,fr FRA,FW,Brighton,25-221,1996,22.7,17,10,3,9,5,5,14,35.7,9,458,131,28.6,36,169,253,21,3,0,18,9,26,3,0,Matches
312,Bryan Mbeumo,,fr FRA,FWMF,Brentford,22-228,1999,24.8,32,22,3,14,15,5,14,35.7,9,377,96,25.5,55,165,157,32,4,0,28,16,48,15,0,Matches
313,James McArthur,,sct SCO,MF,Crystal Palace,34-167,1987,12.9,32,23,16,15,1,15,37,40.5,22,307,105,34.2,99,166,42,30,8,0,22,24,56,31,0,Matches
314,James Mcatee,,eng ENG,MFFW,Manchester City,19-156,2002,0.2,0,0,0,0,0,0,2,0,2,9,2,22.2,2,0,7,0,0,0,0,1,1,0,0,Matches
315,Kasey McAteer,,eng ENG,FW,Leicester City,20-121,2001,0,0,0,0,0,0,0,0,,0,4,1,25,0,2,2,0,0,0,0,0,0,0,0,Matches
316,Liam McCarron,,sct SCO,FW,Leeds United,21-016,2001,0.1,0,0,0,0,0,0,0,,0,3,0,0,2,0,1,0,0,0,0,0,0,0,0,Matches
317,Alex McCarthy,,eng ENG,GK,Southampton,32-110,1989,15,0,0,0,0,0,0,0,,0,0,0,,0,0,0,0,0,0,0,0,0,0,0,Matches
318,John McGinn,,sct SCO,MF,Aston Villa,27-156,1994,25.3,76,42,28,35,13,32,74,43.2,42,391,125,32,115,202,74,40,3,0,37,42,118,32,0,Matches
319,Stuart McKinstry,,sct SCO,MF,Leeds United,19-186,2002,0,0,0,0,0,0,0,0,,0,1,1,100,1,0,0,0,0,0,0,0,0,0,0,Matches
320,Kenny McLean,,sct SCO,MF,Norwich City,30-074,1992,26.3,39,23,14,23,2,16,57,28.1,41,439,97,22.1,175,202,62,24,4,0,20,42,81,45,0,Matches
321,Dwight McNeil,,eng ENG,MF,Burnley,22-121,1999,26,53,26,20,28,5,17,62,27.4,45,522,133,25.5,184,220,118,64,10,2,54,54,107,15,0,Matches
322,Scott McTominay,,sct SCO,MF,Manchester Utd,25-105,1996,20.9,61,30,34,22,5,30,61,49.2,31,380,106,27.9,139,200,41,41,9,0,32,37,98,51,0,Matches
323,Ben Mee,,eng ENG,DF,Burnley,32-181,1989,20.4,27,16,15,9,3,11,22,50,11,109,39,35.8,61,42,6,39,25,1,14,34,61,124,0,Matches
324,Benjamin Mendy,,fr FRA,DF,Manchester City,27-249,1994,0.9,3,1,1,1,1,2,4,50,2,12,2,16.7,3,8,1,0,0,0,0,0,3,3,0,Matches
325,Edouard Mendy,,sn SEN,GK,Chelsea,30-022,1992,24,0,0,0,0,0,0,2,0,2,3,1,33.3,3,0,0,0,0,0,0,0,0,0,3,Matches
326,Nampalys Mendy,,sn SEN,MF,Leicester City,29-273,1992,1.8,4,2,2,2,0,2,3,66.7,1,22,6,27.3,10,8,4,2,2,0,0,4,8,1,0,Matches
327,Illan Meslier,,fr FRA,GK,Leeds United,22-021,2000,29.6,0,0,0,0,0,0,0,,0,5,2,40,5,0,0,0,0,0,0,0,0,2,1,Matches
328,Luka Milivojevic,,rs SRB,MF,Crystal Palace,30-350,1991,7.2,16,8,8,6,2,10,17,58.8,7,109,36,33,46,50,13,7,1,0,6,7,23,17,0,Matches
329,James Milner,,eng ENG,MFDF,Liverpool,36-078,1986,7.1,27,17,12,12,3,13,32,40.6,19,127,54,42.5,29,73,25,13,4,0,9,19,46,20,0,Matches
330,Yerry Mina,,co COL,DF,Everton,27-181,1994,7.2,14,9,14,0,0,7,12,58.3,5,59,23,39,41,15,3,14,7,0,7,5,19,36,0,Matches
331,Takumi Minamino,,jp JPN,FWMF,Liverpool,27-066,1995,1.1,2,2,1,1,0,1,6,16.7,5,40,18,45,3,23,14,1,0,0,1,0,2,0,0,Matches
332,Tyrone Mings,,eng ENG,DF,Aston Villa,29-010,1993,26.4,27,15,18,7,2,8,16,50,8,143,42,29.4,79,47,17,53,26,3,27,61,88,126,2,Matches
333,Tyrick Mitchell,,eng ENG,DF,Crystal Palace,22-203,1999,28.9,97,48,66,24,7,40,58,69,18,582,189,32.5,340,165,77,64,5,0,59,68,165,77,1,Matches
334,Jakub Moder,,pl POL,MFFW,Brighton,22-350,1999,18.8,42,29,19,14,9,18,40,45,22,362,116,32,118,135,109,30,1,0,29,22,64,25,1,Matches
335,Wesley Moraes,,br BRA,FW,Aston Villa,25-117,1996,0,0,0,0,0,0,0,0,,0,2,1,50,1,0,1,0,0,0,0,0,0,0,0,Matches
336,Tyler Morton,,eng ENG,MF,Liverpool,19-143,2002,0.7,0,0,0,0,0,0,2,0,2,12,4,33.3,1,9,2,0,0,0,0,2,2,0,0,Matches
337,Mason Mount,,eng ENG,MFFW,Chelsea,23-072,1999,18.5,29,17,9,10,10,8,28,28.6,20,364,108,29.7,64,138,162,15,0,0,15,14,43,8,0,Matches
338,Lucas Moura,,br BRA,FWMF,Tottenham,29-222,1992,17.1,22,11,3,13,6,4,24,16.7,20,248,62,25,60,124,64,10,0,0,10,18,40,21,0,Matches
339,Joao Moutinho,,pt POR,MF,Wolves,35-196,1986,25.1,58,44,26,24,8,20,71,28.2,51,461,147,31.9,183,233,45,41,5,0,36,45,103,30,0,Matches
340,Bali Mumba,,eng ENG,DF,Norwich City,20-166,2001,0.5,1,0,1,0,0,0,0,,0,12,3,25,10,2,0,2,0,0,2,1,2,5,0,Matches
341,Jacob Murphy,,eng ENG,DFFW,Newcastle Utd,27-027,1995,13.5,37,16,24,10,3,11,26,42.3,15,267,57,21.3,120,89,58,27,2,0,25,29,66,14,0,Matches
342,Enock Mwepu,,zm ZAM,MF,Brighton,24-081,1998,7.1,19,10,5,10,4,5,21,23.8,16,147,40,27.2,45,62,40,13,1,0,12,9,28,10,0,Matches
343,Vitaliy Mykolenko,,ua UKR,DF,Everton,22-298,1999,2,5,3,2,3,0,4,6,66.7,2,37,6,16.2,18,15,4,5,0,0,5,5,10,5,1,Matches
344,Marvelous Nakamba,,zw ZIM,MF,Aston Villa,28-063,1994,8.4,23,16,13,9,1,10,28,35.7,18,155,45,29,75,65,15,14,4,0,10,18,41,12,0,Matches
345,Wilfred Ndidi,,ng NGA,MFDF,Leicester City,25-097,1996,18,70,47,39,28,3,21,47,44.7,26,410,137,33.4,155,214,41,32,6,0,26,45,115,70,0,Matches
346,Tanguy Ndombele,,fr FRA,MF,Tottenham,25-085,1996,5.4,13,10,4,8,1,1,6,16.7,5,88,26,29.5,24,45,19,2,1,0,1,3,16,3,0,Matches
347,Reiss Nelson,,eng ENG,FW,Arsenal,22-103,1999,0.2,1,0,0,1,0,0,0,,0,8,2,25,2,5,1,0,0,0,0,1,2,0,0,Matches
348,Pedro Neto,,pt POR,MFFW,Wolves,22-014,2000,1.5,4,4,2,1,1,0,5,0,5,30,12,40,7,11,12,0,0,0,0,3,7,0,0,Matches
349,Ruben Neves,,pt POR,MF,Wolves,25-010,1997,25.2,62,41,30,26,6,22,83,26.5,61,475,135,28.4,176,255,44,37,5,0,32,49,111,47,1,Matches
350,Jeremy Ngakia,,eng ENG,DF,Watford,21-197,2000,7,32,19,27,3,2,16,29,55.2,13,155,44,28.4,100,41,14,11,1,0,10,21,53,12,0,Matches
351,Saul Niguez,,es ESP,DFMF,Chelsea,27-122,1994,3.8,9,5,6,1,2,4,9,44.4,5,75,20,26.7,32,33,10,8,2,0,6,12,21,5,1,Matches
352,Eddie Nketiah,,eng ENG,FWMF,Arsenal,22-297,1999,1.4,5,3,0,3,2,1,1,100,0,41,12,29.3,4,13,24,3,0,0,3,2,7,1,0,Matches
353,Nicolas Nkoulou,,cm CMR,DF,Watford,31-361,1990,1.9,1,0,0,1,0,0,0,,0,7,5,71.4,5,2,0,5,2,0,3,1,2,10,0,Matches
354,Mark Noble,,eng ENG,MF,West Ham,34-319,1987,1.4,1,1,0,1,0,0,0,,0,16,4,25,4,8,4,0,0,0,0,1,2,1,0,Matches
355,Mathias Normann,,no NOR,MF,Norwich City,25-299,1996,11.9,28,18,17,8,3,6,19,31.6,13,195,37,19,80,103,12,18,7,1,11,20,48,28,0,Matches
356,Christian Norgaard,,dk DEN,MF,Brentford,28-013,1994,28.2,109,72,42,56,11,44,89,49.4,45,578,187,32.4,205,320,53,52,7,1,45,77,186,38,1,Matches
357,Angelo Ogbonna,,it ITA,DF,West Ham,33-304,1988,10.2,13,8,8,5,0,2,7,28.6,5,50,16,32,32,15,3,7,4,0,3,13,26,38,0,Matches
358,Michael Olise,,fr FRA,FWMF,Crystal Palace,20-101,2001,10.8,19,12,9,6,4,7,16,43.8,9,216,59,27.3,67,103,46,16,0,0,16,11,30,8,0,Matches
359,Andrew Omobamidele,,ie IRL,DF,Norwich City,19-273,2002,4.2,8,3,5,3,0,6,12,50,6,49,14,28.6,37,12,0,10,10,0,0,10,18,17,0,Matches
360,Tyler Onyango,,eng ENG,MFFW,Everton,19-019,2003,0.3,1,0,1,0,0,0,1,0,1,10,2,20,6,3,1,0,0,0,0,1,2,0,0,Matches
361,Frank Onyeka,,ng NGA,MF,Brentford,24-081,1998,11.6,30,16,14,12,4,5,20,25,15,253,69,27.3,109,106,38,20,2,0,18,15,45,13,0,Matches
362,Divock Origi,,be BEL,FW,Liverpool,26-339,1995,0.8,0,0,0,0,0,0,0,,0,17,4,23.5,1,9,7,2,0,0,2,2,2,0,0,Matches
363,Alex Oxlade-Chamberlain,,eng ENG,MFFW,Liverpool,28-220,1993,8.7,17,14,3,7,7,5,13,38.5,8,171,63,36.8,26,75,70,11,3,0,8,8,25,7,0,Matches
364,Cole Palmer,,eng ENG,FWMF,Manchester City,19-321,2002,1.4,2,2,1,1,0,0,1,0,1,29,6,20.7,3,11,15,2,0,0,2,2,4,0,0,Matches
365,Emerson Palmieri,,it ITA,DF,Chelsea,27-232,1994,0.1,0,0,0,0,0,0,0,,0,0,0,,0,0,0,0,0,0,0,0,0,0,0,Matches
366,Thomas Partey,,gh GHA,MF,Arsenal,28-283,1993,21.7,55,41,25,23,7,18,41,43.9,23,280,102,36.4,102,145,33,28,5,0,23,31,86,32,1,Matches
367,Joao Pedro,,br BRA,FWMF,Watford,20-178,2001,11.3,11,9,4,6,1,3,12,25,9,202,59,29.2,39,105,58,13,1,1,12,12,23,14,0,Matches
368,Nicolas Pepe,,ci CIV,FWMF,Arsenal,26-298,1995,6.7,11,8,5,4,2,2,9,22.2,7,109,30,27.5,33,41,35,12,0,0,12,9,20,3,1,Matches
369,Ricardo Pereira,,pt POR,DF,Leicester City,28-168,1993,9.8,41,22,22,13,6,19,37,51.4,18,175,56,32,68,75,32,24,3,0,21,22,63,29,0,Matches
370,Ayoze Perez,,es ESP,FWMF,Leicester City,28-243,1993,2.4,3,2,0,3,0,0,3,0,3,56,15,26.8,11,33,12,4,0,0,4,2,5,1,0,Matches
371,Sonny Perkins,,eng ENG,FW,West Ham,18-041,2004,0,0,0,0,0,0,0,0,,0,1,1,100,0,1,0,0,0,0,0,0,0,0,0,Matches
372,Romain Perraud,,fr FRA,DF,Southampton,24-182,1997,13.4,26,15,12,9,5,11,19,57.9,8,230,59,25.7,96,85,49,21,2,1,19,16,42,34,0,Matches
373,Kalvin Phillips,,eng ENG,MF,Leeds United,26-111,1995,11.1,37,27,18,15,4,8,28,28.6,20,310,107,34.5,102,147,61,27,7,0,20,23,60,19,1,Matches
374,Jaden Philogene Bidace,,eng ENG,FW,Aston Villa,19-309,2002,0.1,0,0,0,0,0,0,0,,0,2,0,0,1,1,0,0,0,0,0,0,0,0,0,Matches
375,Jordan Pickford,,eng ENG,GK,Everton,28-016,1994,25,1,0,1,0,0,0,0,,0,4,0,0,4,0,0,1,0,0,1,0,1,1,0,Matches
376,Erik Pieters,,nl NED,DF,Burnley,33-228,1988,7.9,27,15,22,5,0,15,32,46.9,17,135,39,28.9,73,51,11,25,7,0,18,22,49,27,1,Matches
377,Ethan Pinnock,,jm JAM,DF,Brentford,28-298,1993,27.7,59,37,43,14,2,19,33,57.6,14,255,93,36.5,157,81,17,44,11,0,33,49,108,170,0,Matches
378,Daniel Podence,,pt POR,FWMF,Wolves,26-153,1995,15.6,16,8,8,5,3,7,18,38.9,11,226,63,27.9,45,89,92,12,2,0,10,6,22,0,0,Matches
379,Paul Pogba,,fr FRA,MFFW,Manchester Utd,29-008,1993,12.6,19,12,9,8,2,5,18,27.8,13,233,69,29.6,50,115,68,14,1,0,13,17,36,23,0,Matches
380,Nick Pope,,eng ENG,GK,Burnley,29-338,1992,25,0,0,0,0,0,0,1,0,1,0,0,,0,0,0,0,0,0,0,0,0,4,1,Matches
381,Teemu Pukki,,fi FIN,FW,Norwich City,31-359,1990,27.2,18,9,1,11,6,2,11,18.2,9,545,140,25.7,34,233,278,16,1,0,15,16,34,4,0,Matches
382,Christian Pulisic,,us USA,MFFW,Chelsea,23-186,1998,10.5,11,4,3,8,0,2,11,18.2,9,210,50,23.8,38,95,77,14,0,0,14,6,17,9,0,Matches
383,Przemyslaw Placheta,,pl POL,FWMF,Norwich City,24-000,1998,4.9,5,3,5,0,0,0,4,0,4,97,22,22.7,29,46,22,7,1,0,6,8,13,5,0,Matches
384,Jesuran Rak Sakyi,,eng ENG,MF,Crystal Palace,19-169,2002,0.2,0,0,0,0,0,0,0,,0,5,1,20,1,3,1,0,0,0,0,0,0,0,0,Matches
385,Aaron Ramsdale,,eng ENG,GK,Arsenal,23-313,1998,24,0,0,0,0,0,0,3,0,3,2,0,0,2,0,0,0,0,0,0,0,0,1,0,Matches
386,Jacob Ramsey,,eng ENG,MF,Aston Villa,20-299,2001,21.4,53,33,28,23,2,18,52,34.6,34,420,120,28.6,144,198,78,34,7,0,27,27,80,21,0,Matches
387,Marcus Rashford,,eng ENG,FWMF,Manchester Utd,24-143,1997,10.4,6,4,2,3,1,3,11,27.3,8,180,58,32.2,27,83,70,8,1,0,7,8,14,4,1,Matches
388,Milot Rashica,,xk KVX,FWMF,Norwich City,25-268,1996,18,24,14,8,12,4,14,31,45.2,17,247,65,26.3,84,83,80,20,2,0,18,25,49,13,0,Matches
389,David Raya,,es ESP,GK,Brentford,26-189,1995,16,0,0,0,0,0,0,0,,0,0,0,,0,0,0,1,0,0,1,0,0,0,1,Matches
390,Nathan Redmond,,eng ENG,MFFW,Southampton,28-017,1994,15.1,13,7,4,6,3,4,19,21.1,15,268,70,26.1,64,105,99,28,0,0,28,18,31,13,0,Matches
391,Sergio Reguilon,,es ESP,DF,Tottenham,25-097,1996,19.5,42,24,18,18,6,19,34,55.9,15,275,78,28.4,106,120,49,29,6,0,23,41,83,40,0,Matches
392,Declan Rice,,eng ENG,MF,West Ham,23-068,1999,28,63,45,35,24,4,22,45,48.9,23,386,127,32.9,172,187,27,48,20,1,28,84,147,34,1,Matches
393,Taylor Richards,,eng ENG,MFFW,Brighton,21-109,2000,0.3,0,0,0,0,0,0,2,0,2,10,5,50,5,5,0,0,0,0,0,0,0,0,0,Matches
394,Richarlison,,br BRA,FWMF,Everton,24-317,1997,18.2,26,17,5,13,8,7,14,50,7,374,96,25.7,40,153,181,28,3,0,25,13,39,19,0,Matches
395,Jairo Riedewald,,nl NED,MF,Crystal Palace,25-195,1996,1.3,2,2,0,1,1,2,4,50,2,11,3,27.3,7,2,2,4,0,0,4,0,2,2,0,Matches
396,Matt Ritchie,,sct SCO,DF,Newcastle Utd,32-194,1989,14.6,22,7,11,8,3,13,30,43.3,17,152,46,30.3,76,54,22,28,2,0,26,29,51,25,0,Matches
397,Connor Roberts,,wls WAL,DF,Burnley,26-181,1995,10.2,9,7,4,3,2,3,6,50,3,78,28,35.9,35,35,8,32,5,0,27,18,27,38,0,Matches
398,Tyler Roberts,,wls WAL,MFFW,Leeds United,23-070,1999,11,17,7,7,6,4,9,15,60,6,169,44,26,24,85,60,10,1,0,9,7,24,8,0,Matches
399,Andrew Robertson,,sct SCO,DF,Liverpool,28-012,1994,21.5,25,10,10,11,4,9,25,36,16,222,55,24.8,64,93,65,34,3,1,31,39,64,54,0,Matches
400,Joe Rodon,,wls WAL,DF,Tottenham,24-152,1997,0.9,0,0,0,0,0,0,0,,0,7,3,42.9,5,2,0,3,2,0,1,2,2,8,0,Matches
401,Rodri,,es ESP,MF,Manchester City,25-274,1996,23.4,54,40,18,27,9,25,51,49,26,345,127,36.8,90,184,71,37,6,1,31,32,86,41,0,Matches
402,Rodrigo,,es ESP,MFFW,Leeds United,31-017,1991,18.1,22,17,4,10,8,6,17,35.3,11,276,83,30.1,39,130,107,11,1,0,10,13,35,20,0,Matches
403,Jay Rodriguez,,eng ENG,FW,Burnley,32-237,1989,10.5,15,5,5,6,4,3,11,27.3,8,223,46,20.6,43,78,102,15,2,0,13,4,19,7,0,Matches
404,Mads Roerslev,,dk DEN,DF,Brentford,22-272,1999,10.5,20,7,19,0,1,12,29,41.4,17,142,35,24.6,95,30,17,27,6,0,21,19,39,23,0,Matches
405,Cristian Romero,,ar ARG,DF,Tottenham,23-330,1998,14.5,50,30,27,22,1,15,30,50,15,214,76,35.5,135,68,11,32,16,0,16,42,92,52,0,Matches
406,Oriol Romeu,,es ESP,MF,Southampton,30-180,1991,25.7,66,41,19,37,10,21,61,34.4,40,434,145,33.4,144,233,57,37,8,0,29,49,115,45,0,Matches
407,Cristiano Ronaldo,,pt POR,FW,Manchester Utd,37-046,1985,21.3,7,6,1,3,3,4,7,57.1,3,143,40,28,15,61,67,9,2,0,7,3,10,25,1,Matches
408,Salomon Rondon,,ve VEN,FW,Everton,32-188,1989,7.9,5,2,0,2,3,2,8,25,6,140,43,30.7,10,63,67,6,1,0,5,4,9,11,0,Matches
409,Danny Rose,,eng ENG,DF,Watford,31-264,1990,7.7,23,15,15,8,0,12,29,41.4,17,85,34,40,44,36,5,14,6,0,8,15,38,13,0,Matches
410,Jon Rowe,,eng ENG,FWMF,Norwich City,18-327,2003,1.2,4,2,3,1,0,0,0,,0,28,7,25,8,8,12,5,0,0,5,3,7,0,0,Matches
411,Antonio Rudiger,,de GER,DF,Chelsea,29-020,1993,26,37,21,20,15,2,18,29,62.1,11,214,67,31.3,108,79,27,31,8,0,23,32,69,87,0,Matches
412,Lukas Rupp,,de GER,MF,Norwich City,31-074,1991,6.5,9,7,4,5,0,4,12,33.3,8,129,47,36.4,52,58,19,8,1,0,7,16,25,3,1,Matches
413,Jose Sa,,pt POR,GK,Wolves,29-065,1993,30,1,0,1,0,0,1,3,33.3,2,7,2,28.6,7,0,0,0,0,0,0,0,1,3,2,Matches
414,Allan Saint-Maximin,,fr FRA,FWMF,Newcastle Utd,25-011,1997,22.7,7,5,3,2,2,0,12,0,12,183,48,26.2,41,79,63,17,1,0,16,17,24,1,0,Matches
415,Romain Saiss,,ma MAR,DF,Wolves,31-362,1990,27.4,53,33,35,15,3,14,28,50,14,251,88,35.1,145,88,18,55,22,0,33,72,125,164,1,Matches
416,Bukayo Saka,,eng ENG,FWMF,Arsenal,20-199,2001,23.7,24,17,8,13,3,3,20,15,17,330,95,28.8,67,132,131,30,1,0,29,20,44,11,0,Matches
417,Mohamed Salah,,eg EGY,FW,Liverpool,29-281,1992,25.1,10,4,3,3,4,3,12,25,9,345,95,27.5,51,95,199,7,0,0,7,13,23,4,0,Matches
418,Mohammed Salisu,,gh GHA,DF,Southampton,22-340,1999,26,71,45,50,18,3,32,58,55.2,26,268,110,41,160,92,16,52,21,1,31,71,142,161,3,Matches
419,Albert Sambi Lokonga,,be BEL,MF,Arsenal,22-152,1999,10.1,19,12,8,10,1,7,12,58.3,5,114,36,31.6,38,56,20,17,8,0,9,19,38,11,2,Matches
420,Davinson Sanchez,,co COL,DF,Tottenham,25-284,1996,14.8,37,18,20,14,3,12,22,54.5,10,168,61,36.3,80,73,15,33,18,0,15,25,62,64,0,Matches
421,Robert Sanchez,,es ESP,GK,Brighton,24-125,1997,28,0,0,0,0,0,0,0,,0,3,1,33.3,3,0,0,1,0,0,1,0,0,0,3,Matches
422,Jadon Sancho,,eng ENG,FWMF,Manchester Utd,21-363,2000,16.6,13,8,6,6,1,6,19,31.6,13,234,56,23.9,55,111,68,18,2,0,16,15,28,5,1,Matches
423,Morgan Sanson,,fr FRA,MF,Aston Villa,27-217,1994,3.2,9,6,5,2,2,2,3,66.7,1,100,34,34,45,43,12,11,0,0,11,11,20,2,0,Matches
424,Samir Santos,,br BRA,DF,Watford,27-108,1994,11,25,14,17,7,1,7,12,58.3,5,95,35,36.8,59,31,5,16,7,1,9,40,65,48,0,Matches
425,Josh Sargent,,us USA,FWMF,Norwich City,22-031,2000,17.3,33,17,16,8,9,13,31,41.9,18,357,98,27.5,96,143,118,43,2,0,41,21,54,18,2,Matches
426,Jeremy Sarmiento,,ec ECU,FW,Brighton,19-280,2002,0.2,2,1,1,0,1,0,1,0,1,10,4,40,4,4,2,2,1,0,1,1,3,0,0,Matches
427,Ismaila Sarr,,sn SEN,FWMF,Watford,24-026,1998,14.9,9,4,2,5,2,1,8,12.5,7,279,61,21.9,57,122,100,11,1,0,10,13,22,7,0,Matches
428,Malang Sarr,,fr FRA,DF,Chelsea,23-059,1999,4.7,9,4,8,1,0,1,4,25,3,46,15,32.6,27,16,3,6,3,0,3,12,21,22,0,Matches
429,Dane Scarlett,,eng ENG,MF,Tottenham,17-364,2004,0,0,0,0,0,0,0,0,,0,2,0,0,2,0,0,0,0,0,0,0,0,0,0,Matches
430,Fabian Schar,,ch SUI,DF,Newcastle Utd,30-093,1991,18.8,16,9,13,2,1,10,14,71.4,4,120,38,31.7,67,40,13,26,14,2,12,62,78,101,2,Matches
431,Jeffrey Schlupp,,gh GHA,MFFW,Crystal Palace,29-090,1992,14.4,34,16,10,19,5,13,32,40.6,19,279,86,30.8,73,154,52,36,7,0,29,15,49,18,0,Matches
432,Kasper Schmeichel,,dk DEN,GK,Leicester City,35-138,1986,27,0,0,0,0,0,0,2,0,2,1,0,0,1,0,0,0,0,0,0,0,0,1,2,Matches
433,Ken Sema,,se SWE,MFFW,Watford,28-174,1993,6.1,11,7,9,2,0,4,18,22.2,14,150,30,20,58,78,14,10,0,0,10,5,16,16,0,Matches
434,Nelson Semedo,,pt POR,DF,Wolves,28-127,1993,22.1,55,38,37,14,4,24,45,53.3,21,346,95,27.5,168,122,56,40,3,0,37,41,96,55,0,Matches
435,Ryan Sessegnon,,eng ENG,DFMF,Tottenham,21-309,2000,6,13,6,8,4,1,5,12,41.7,7,125,25,20,57,41,27,11,1,0,10,13,26,10,0,Matches
436,Jamie Shackleton,,eng ENG,DFMF,Leeds United,22-166,1999,7.6,26,18,17,7,2,9,20,45,11,113,37,32.7,51,48,14,16,7,1,9,9,35,9,2,Matches
437,Luke Shaw,,eng ENG,DF,Manchester Utd,26-254,1995,17.3,22,13,9,10,3,12,24,50,12,185,53,28.6,81,70,34,40,11,0,29,15,37,22,0,Matches
438,Jonjo Shelvey,,eng ENG,MF,Newcastle Utd,30-024,1992,17,18,9,7,9,2,5,23,21.7,18,213,52,24.4,88,105,20,21,7,0,14,28,46,28,2,Matches
439,Francisco Sierralta,,cl CHI,DF,Watford,24-321,1997,4.7,6,4,6,0,0,5,8,62.5,3,24,10,41.7,18,6,0,9,2,0,7,14,20,40,0,Matches
440,Bernardo Silva,,pt POR,MFFW,Manchester City,27-225,1994,26.7,40,25,16,14,10,21,56,37.5,35,408,114,27.9,78,185,145,30,3,0,27,26,66,20,0,Matches
441,Fabio Silva,,pt POR,FWMF,Wolves,19-247,2002,2.9,3,2,0,2,1,1,4,25,3,64,19,29.7,4,37,23,0,0,0,0,1,4,2,0,Matches
442,Thiago Silva,,br BRA,DF,Chelsea,37-182,1984,21.3,25,18,13,10,2,9,19,47.4,10,124,47,37.9,73,47,4,54,26,3,28,46,71,98,0,Matches
443,Ellis Simms,,eng ENG,FW,Everton,21-077,2001,0.7,0,0,0,0,0,0,0,,0,10,3,30,2,5,3,2,1,0,1,0,0,0,0,Matches
444,Moussa Sissoko,,fr FRA,MF,Watford,32-219,1989,26.8,42,26,22,18,2,13,25,52,12,368,112,30.4,133,179,56,39,12,0,27,33,75,57,0,Matches
445,Oliver Skipp,,eng ENG,MF,Tottenham,21-188,2000,15,33,18,14,16,3,12,28,42.9,16,275,71,25.8,109,131,35,25,9,0,16,19,52,14,0,Matches
446,William Smallbone,,ie IRL,MFFW,Southampton,22-030,2000,1.3,3,2,1,2,0,0,2,0,2,36,11,30.6,5,17,14,3,0,0,3,2,5,1,0,Matches
447,Emile Smith Rowe,,eng ENG,MFFW,Arsenal,21-238,2000,16.7,15,12,5,10,0,1,10,10,9,194,59,30.4,44,90,60,14,1,0,13,16,31,9,0,Matches
448,Cedric Soares,,pt POR,DF,Arsenal,30-204,1991,9.2,19,9,11,4,4,8,13,61.5,5,102,31,30.4,41,40,21,13,5,0,8,14,33,21,1,Matches
449,Tomas Soucek,,cz CZE,MF,West Ham,27-024,1995,27.9,58,34,28,23,7,21,56,37.5,35,385,103,26.8,147,183,55,41,11,0,30,45,103,91,1,Matches
450,Boubakary Soumare,,fr FRA,MF,Leicester City,23-024,1999,11.5,24,13,10,10,4,6,16,37.5,10,235,61,26,90,117,28,11,2,0,9,17,41,17,0,Matches
451,Caglar Soyuncu,,tr TUR,DF,Leicester City,25-304,1996,23.7,43,24,27,14,2,20,34,58.8,14,225,82,36.4,124,94,7,49,27,0,22,42,85,112,1,Matches
452,Jason Steele,,eng ENG,GK,Brighton,31-217,1990,1,0,0,0,0,0,0,0,,0,0,0,,0,0,0,0,0,0,0,0,0,0,0,Matches
453,Jed Steer,,eng ENG,GK,Aston Villa,29-181,1992,1,0,0,0,0,0,0,0,,0,0,0,,0,0,0,0,0,0,0,0,0,0,0,Matches
454,Zack Steffen,,us USA,GK,Manchester City,26-355,1995,1,0,0,0,0,0,0,0,,0,0,0,,0,0,0,0,0,0,0,0,0,0,0,Matches
455,Dale Stephens,,eng ENG,MF,Burnley,32-284,1989,1.4,6,2,1,4,1,1,5,20,4,40,14,35,6,29,5,4,1,0,3,2,8,1,0,Matches
456,Jack Stephens,,eng ENG,DF,Southampton,28-055,1994,7,16,8,7,7,2,4,16,25,12,70,23,32.9,40,24,6,10,6,0,4,22,38,40,0,Matches
457,Raheem Sterling,,eng ENG,FW,Manchester City,27-105,1994,17.4,24,16,1,11,12,5,16,31.3,11,228,61,26.8,29,111,88,13,0,0,13,12,36,2,0,Matches
458,Finley Stevens,,wls WAL,DF,Brentford,18-347,2003,0.2,2,0,0,2,0,1,1,100,0,5,1,20,0,4,1,0,0,0,0,0,2,0,0,Matches
459,John Stones,,eng ENG,DF,Manchester City,27-299,1994,9.6,4,3,3,1,0,2,4,50,2,40,17,42.5,18,19,3,6,3,0,3,10,14,34,1,Matches
460,Pascal Struijk,,nl NED,DFMF,Leeds United,22-224,1999,19.8,56,31,33,19,4,21,39,53.8,18,326,125,38.3,165,136,25,49,24,0,25,59,115,75,2,Matches
461,Crysencio Summerville,,nl NED,MFFW,Leeds United,20-144,2001,1.4,5,3,2,0,3,2,2,100,0,18,6,33.3,4,6,8,1,0,0,1,5,10,0,0,Matches
462,Jakob Sorensen,,dk DEN,DFMF,Norwich City,24-020,1998,4.1,15,9,6,9,0,4,8,50,4,76,32,42.1,36,35,5,8,2,0,6,11,26,12,0,Matches
463,Japhet Tanganga,,eng ENG,DF,Tottenham,22-357,1999,8.2,21,12,10,6,5,8,13,61.5,5,110,36,32.7,52,45,13,16,7,0,9,17,38,30,0,Matches
464,Matt Targett,,eng ENG,DF,Newcastle Utd,26-186,1995,7,15,8,8,6,1,7,13,53.8,6,78,25,32.1,39,15,24,10,3,0,7,10,25,23,1,Matches
465,Matt Targett,,eng ENG,DF,Aston Villa,26-186,1995,15.9,31,15,26,5,0,13,35,37.1,22,191,44,23,107,62,22,44,10,0,34,35,66,25,0,Matches
466,James Tarkowski,,eng ENG,DF,Burnley,29-124,1992,25,51,32,38,12,1,24,42,57.1,18,202,68,33.7,135,58,9,67,47,2,20,63,114,157,5,Matches
467,Nuno Tavares,,pt POR,DF,Arsenal,22-056,2000,7,11,8,5,3,3,1,4,25,3,73,18,24.7,32,25,16,12,3,0,9,17,28,19,1,Matches
468,Charlie Taylor,,eng ENG,DF,Burnley,28-186,1993,19.3,37,15,23,12,2,21,35,60,14,156,41,26.3,81,56,19,71,15,0,56,54,91,69,1,Matches
469,Nathan Tella,,eng ENG,MFFW,Southampton,22-261,1999,6.5,8,3,3,5,0,2,14,14.3,12,194,56,28.9,35,89,70,14,0,0,14,13,21,4,0,Matches
470,Alex Telles,,br BRA,DF,Manchester Utd,29-098,1992,11.1,34,18,26,7,1,14,24,58.3,10,122,39,32,64,40,18,16,3,0,13,22,56,30,1,Matches
471,Luke Thomas,,eng ENG,DF,Leicester City,20-286,2001,17.2,41,25,28,9,4,17,39,43.6,22,278,83,29.9,154,93,31,47,13,1,34,35,76,44,1,Matches
472,Dominic Thompson,,eng ENG,DF,Brentford,21-240,2000,1.6,3,1,3,0,0,2,3,66.7,1,16,3,18.8,9,5,2,2,2,0,0,3,6,4,0,Matches
473,Youri Tielemans,,be BEL,MF,Leicester City,24-320,1997,20.1,45,32,18,23,4,19,60,31.7,41,322,102,31.7,109,160,53,35,13,1,22,27,72,33,1,Matches
474,Kieran Tierney,,sct SCO,DF,Arsenal,24-291,1997,21.3,21,12,11,7,3,10,14,71.4,4,163,49,30.1,60,58,45,35,7,0,28,30,51,47,0,Matches
475,Takehiro Tomiyasu,,jp JPN,DF,Arsenal,23-138,1998,15.4,31,13,14,11,6,16,25,64,9,182,59,32.4,71,81,30,34,2,0,32,28,59,39,1,Matches
476,James Tomkins,,eng ENG,DF,Crystal Palace,32-359,1989,6.1,12,6,7,5,0,5,7,71.4,2,49,20,40.8,33,16,0,13,8,0,5,10,22,14,0,Matches
477,Ivan Toney,,eng ENG,FW,Brentford,26-007,1996,24.3,26,17,4,14,8,5,22,22.7,17,329,86,26.1,43,130,156,22,2,1,20,18,44,36,1,Matches
478,Ferran Torres,,es ESP,FW,Manchester City,22-022,2000,3.4,1,1,0,1,0,0,1,0,1,38,13,34.2,3,8,27,6,1,0,5,1,2,0,0,Matches
479,Cenk Tosun,,tr TUR,FW,Everton,30-289,1991,0.1,0,0,0,0,0,0,0,,0,1,0,0,0,0,1,0,0,0,0,0,0,0,0,Matches
480,Andros Townsend,,eng ENG,MF,Everton,30-250,1991,16.2,29,15,15,9,5,8,35,22.9,27,302,98,32.5,85,128,89,44,3,0,41,21,50,6,0,Matches
481,Adama Traore,,es ESP,FW,Wolves,26-057,1996,11.9,12,9,7,2,3,2,9,22.2,7,141,42,29.8,37,69,35,8,1,0,7,4,16,2,0,Matches
482,Bertrand Traore,,bf BFA,FWMF,Aston Villa,26-198,1995,2,1,0,0,0,1,0,2,0,2,20,5,25,3,4,13,0,0,0,0,0,1,0,0,Matches
483,Trezeguet,,eg EGY,FW,Aston Villa,27-173,1994,0.1,0,0,0,0,0,0,0,,0,0,0,,0,0,0,0,0,0,0,0,0,0,0,Matches
484,Francisco Trincao,,pt POR,FWMF,Wolves,22-084,1999,12.7,23,12,7,10,6,4,11,36.4,7,279,83,29.7,64,138,77,21,1,0,20,15,38,1,0,Matches
485,Kieran Trippier,,eng ENG,DF,Newcastle Utd,31-185,1990,3.5,18,10,9,7,2,7,13,53.8,6,48,16,33.3,18,24,6,9,2,0,7,10,28,11,0,Matches
486,William Troost-Ekong,,ng NGA,DF,Watford,28-203,1993,15.3,17,10,10,7,0,6,11,54.5,5,105,38,36.2,61,41,3,29,14,1,15,22,39,87,1,Matches
487,Leandro Trossard,,be BEL,FWMF,Brighton,27-109,1994,24.4,28,19,8,8,12,4,21,19,17,386,121,31.3,71,136,179,32,1,0,31,24,52,5,0,Matches
488,Kostas Tsimikas,,gr GRE,DF,Liverpool,25-315,1996,7.4,15,6,6,4,5,6,13,46.2,7,107,38,35.5,41,36,30,12,2,0,10,11,26,18,0,Matches
489,Axel Tuanzebe,,eng ENG,DF,Aston Villa,24-129,1997,5.6,8,6,6,2,0,2,5,40,3,47,13,27.7,23,20,4,5,4,0,1,9,17,13,1,Matches
490,Ozan Tufan,,tr TUR,MF,Watford,27-000,1995,3.7,4,2,1,2,1,1,4,25,3,77,9,11.7,23,39,15,5,0,0,5,2,6,4,0,Matches
491,Christos Tzolis,,gr GRE,FWMF,Norwich City,20-052,2002,3.4,6,2,3,3,0,3,10,30,7,58,13,22.4,21,16,21,2,0,0,2,2,8,1,0,Matches
492,Yan Valery,,fr FRA,DF,Southampton,23-029,1999,1.5,0,0,0,0,0,0,2,0,2,12,5,41.7,2,9,1,3,2,0,1,5,5,3,0,Matches
493,Raphael Varane,,fr FRA,DF,Manchester Utd,28-332,1993,15.3,23,13,15,5,3,10,20,50,10,126,48,38.1,88,34,4,28,11,0,17,29,52,73,0,Matches
494,Jamie Vardy,,eng ENG,FW,Leicester City,35-071,1987,15.6,2,1,0,2,0,0,3,0,3,212,52,24.5,12,85,115,8,1,0,7,5,7,11,0,Matches
495,Joel Veltman,,nl NED,DF,Brighton,30-067,1992,22.9,66,31,39,22,5,20,48,41.7,28,271,87,32.1,133,109,29,43,9,0,34,53,119,59,0,Matches
496,Jannik Vestergaard,,dk DEN,DF,Leicester City,29-232,1992,6.3,16,11,13,3,0,6,15,40,9,60,22,36.7,45,15,0,15,10,0,5,15,31,41,1,Matches
497,Nikola Vlasic,,hr CRO,FWMF,West Ham,24-170,1997,5.1,12,10,3,7,2,4,19,21.1,15,129,31,24,36,55,38,4,0,0,4,9,21,2,0,Matches
498,Matej Vydra,,cz CZE,FW,Burnley,29-326,1992,5,7,4,1,1,5,2,4,50,2,108,26,24.1,10,43,55,2,1,0,1,2,9,7,0,Matches
499,Theo Walcott,,eng ENG,MFFW,Southampton,33-007,1989,4.2,5,3,2,1,2,3,5,60,2,79,17,21.5,20,35,24,5,0,0,5,7,12,2,0,Matches
500,Kyle Walker,,eng ENG,DF,Manchester City,31-299,1990,17.5,22,16,11,9,2,10,21,47.6,11,146,53,36.3,50,74,22,15,4,0,11,19,41,20,0,Matches
501,Kyle Walker-Peters,,eng ENG,DF,Southampton,24-344,1997,20.3,46,19,18,21,7,15,27,55.6,12,250,85,34,91,103,56,29,4,0,25,44,90,32,0,Matches
502,Aaron Wan-Bissaka,,eng ENG,DF,Manchester Utd,24-117,1997,17.9,36,21,19,12,5,6,16,37.5,10,193,52,26.9,87,68,38,54,13,1,41,39,75,44,0,Matches
503,Joel Ward,,eng ENG,DF,Crystal Palace,32-145,1989,23,44,25,27,17,0,23,46,50,23,244,69,28.3,129,83,32,45,9,0,36,40,84,88,1,Matches
504,James Ward-Prowse,,eng ENG,MF,Southampton,27-142,1994,26.7,40,24,13,21,6,11,51,21.6,40,416,137,32.9,119,233,64,46,11,1,35,48,88,35,0,Matches
505,Ollie Watkins,,eng ENG,FW,Aston Villa,26-083,1995,24.1,9,8,2,4,3,0,8,0,8,402,101,25.1,33,185,184,34,4,0,30,15,24,21,0,Matches
506,Adam Webster,,eng ENG,DF,Brighton,27-078,1995,13,19,9,14,3,2,10,19,52.6,9,93,34,36.6,57,29,7,28,14,0,14,24,43,60,2,Matches
507,Wout Weghorst,,nl NED,FW,Burnley,29-228,1992,8.4,9,8,2,4,3,2,10,20,8,267,71,26.6,46,121,100,18,2,0,16,4,13,7,0,Matches
508,Danny Welbeck,,eng ENG,FWMF,Brighton,31-117,1990,8.1,5,4,0,4,1,1,8,12.5,7,121,33,27.3,18,45,58,9,1,0,8,2,7,7,0,Matches
509,Timo Werner,,de GER,FWMF,Chelsea,26-017,1996,8.2,3,0,0,1,2,0,13,0,13,146,34,23.3,25,46,75,6,0,0,6,4,7,2,0,Matches
510,Ashley Westwood,,eng ENG,MF,Burnley,31-356,1990,22.1,29,22,7,19,3,14,29,48.3,15,387,85,22,108,218,61,17,8,0,9,41,70,19,0,Matches
511,Ben White,,eng ENG,DF,Arsenal,24-166,1997,26,32,18,20,9,3,14,33,42.4,19,184,66,35.9,95,73,16,44,21,0,23,59,91,88,0,Matches
512,Brandon Williams,,eng ENG,DF,Norwich City,21-201,2000,21.5,53,26,36,14,3,22,53,41.5,31,301,77,25.6,146,115,40,48,7,0,41,58,111,42,0,Matches
513,Neco Williams,,wls WAL,DF,Liverpool,20-344,2001,0.1,0,0,0,0,0,0,0,,0,1,0,0,1,0,0,0,0,0,0,0,0,0,0,Matches
514,Joe Willock,,eng ENG,MF,Newcastle Utd,22-215,1999,19.5,59,39,28,25,6,19,56,33.9,37,460,99,21.5,157,213,90,36,8,0,28,27,86,16,0,Matches
515,Callum Wilson,,eng ENG,FW,Newcastle Utd,30-024,1992,13.2,7,5,1,3,3,1,4,25,3,162,36,22.2,20,59,83,9,4,0,5,4,11,12,1,Matches
516,Harry Winks,,eng ENG,MF,Tottenham,26-049,1996,9.4,14,5,4,7,3,6,14,42.9,8,135,29,21.5,47,66,22,17,4,0,13,19,33,7,0,Matches
517,Yoane Wissa,,cd COD,FWMF,Brentford,25-201,1996,9.6,10,4,3,3,4,0,9,0,9,126,35,27.8,20,40,66,12,4,0,8,6,16,6,0,Matches
518,Chris Wood,,nz NZL,FW,Newcastle Utd,30-106,1991,10,2,1,0,2,0,1,2,50,1,167,50,29.9,10,82,75,6,2,0,4,2,4,4,0,Matches
519,Chris Wood,,nz NZL,FW,Burnley,30-106,1991,15.2,11,8,2,5,4,4,8,50,4,198,60,30.3,8,81,109,16,7,0,9,4,15,6,0,Matches
520,Freddie Woodman,,eng ENG,GK,Newcastle Utd,25-019,1997,4,0,0,0,0,0,0,0,,0,1,0,0,1,0,0,0,0,0,0,0,0,0,0,Matches
521,Granit Xhaka,,ch SUI,MF,Arsenal,29-177,1992,16.2,30,18,13,12,5,13,29,44.8,16,202,57,28.2,60,90,52,21,5,0,16,21,51,16,0,Matches
522,Andriy Yarmolenko,,ua UKR,FWMF,West Ham,32-151,1989,1.9,2,0,1,1,0,2,5,40,3,41,8,19.5,11,14,16,5,2,0,3,0,2,1,0,Matches
523,Ashley Young,,eng ENG,DFFW,Aston Villa,36-257,1985,11.7,21,11,10,7,4,9,11,81.8,2,107,26,24.3,43,39,25,11,4,0,7,15,36,19,0,Matches
524,Wilfried Zaha,,ci CIV,FW,Crystal Palace,29-133,1992,22.5,37,26,13,16,8,8,17,47.1,9,461,122,26.5,105,232,124,19,0,0,19,19,56,3,0,Matches
525,Christoph Zimmermann,,de GER,DF,Norwich City,29-070,1993,0.5,0,0,0,0,0,0,1,0,1,8,2,25,4,2,2,0,0,0,0,2,2,1,0,Matches
526,Oleksandr Zinchenko,,ua UKR,DF,Manchester City,25-098,1996,6.6,13,7,4,7,2,3,9,33.3,6,54,20,37,9,33,12,7,1,0,6,11,24,8,0,Matches
527,Hakim Ziyech,,ma MAR,FWMF,Chelsea,29-004,1993,10.7,16,8,4,9,3,3,23,13,20,204,59,28.9,45,94,65,16,1,0,15,17,33,7,0,Matches
528,Kurt Zouma,,fr FRA,DF,West Ham,27-147,1994,17.8,9,4,8,1,0,4,8,50,4,75,24,32,41,26,8,27,22,0,5,39,48,111,0,Matches
529,Martin Odegaard,,no NOR,MF,Arsenal,23-096,1998,21,29,17,4,14,11,7,28,25,21,395,108,27.3,74,173,148,14,1,0,13,16,45,8,1,Matches
