,,,,,,,,,SCA,SCA,SCA Types,SCA Types,SCA Types,SCA Types,SCA Types,SCA Types,GCA,GCA,GCA Types,GCA Types,GCA Types,GCA Types,GCA Types,GCA Types,
Rk,Name,,Nation,Pos,Squad,Age,Born,90s,SCA,SCA90,SCA_PassLive,SCA_PassDead,SCA_Drib,SCA_Sh,SCA_Fld,SCA_Def,GCA,GCA90,GCA_PassLive,GCA_PassDead,GCA_Drib,GCA_Sh,GCA_Fld,GCA_Def,Matches
1,Max Aarons,,eng ENG,DF,Norwich City,22-078,2000,26.6,32,1.2,23,1,3,3,2,0,4,0.15,4,0,0,0,0,0,Matches
2,Che Adams,,sct SCO,FW,Southampton,25-253,1996,18.3,41,2.24,25,0,1,3,11,1,4,0.22,3,0,0,0,0,1,Matches
3,Rayan Ait Nouri,,fr FRA,DF,Wolves,20-290,2001,15.3,36,2.36,21,9,4,0,1,1,6,0.39,4,1,0,0,1,0,Matches
4,Kristoffer Ajer,,no NOR,DF,Brentford,23-340,1998,15.6,17,1.09,14,1,0,1,1,0,3,0.19,2,0,0,0,1,0,Matches
5,Nathan Ake,,nl NED,DF,Manchester City,27-033,1995,7.5,3,0.4,3,0,0,0,0,0,0,0,0,0,0,0,0,0,Matches
6,Marc Albrighton,,eng ENG,FWDF,Leicester City,32-125,1989,11.1,15,1.35,10,3,0,0,2,0,1,0.09,1,0,0,0,0,0,Matches
7,Thiago Alcantara,,es ESP,MF,Liverpool,30-346,1991,11.2,42,3.75,36,0,0,5,0,1,4,0.36,4,0,0,0,0,0,Matches
8,Trent Alexander-Arnold,,eng ENG,DF,Liverpool,23-167,1998,25.7,128,4.98,73,46,4,4,1,0,15,0.58,9,5,0,1,0,0,Matches
9,Alisson,,br BRA,GK,Liverpool,29-172,1992,27,3,0.11,3,0,0,0,0,0,1,0.04,1,0,0,0,0,0,Matches
10,Allan,,br BRA,MF,Everton,31-074,1991,21.5,31,1.44,30,0,0,0,1,0,6,0.28,5,0,0,0,1,0,Matches
11,Dele Alli,,eng ENG,MF,Everton,25-346,1996,1.9,6,3.09,5,1,0,0,0,0,0,0,0,0,0,0,0,0,Matches
12,Dele Alli,,eng ENG,MFFW,Tottenham,25-346,1996,7.3,8,1.1,5,0,0,0,3,0,1,0.14,0,0,0,0,1,0,Matches
13,Miguel Almiron,,py PAR,MFFW,Newcastle Utd,28-041,1994,12.6,34,2.69,23,0,2,7,1,1,3,0.24,3,0,0,0,0,0,Matches
14,Marcos Alonso,,es ESP,DF,Chelsea,31-085,1990,16.1,50,3.11,37,7,2,3,1,0,7,0.44,5,1,0,1,0,0,Matches
15,Steven Alzate,,co COL,MF,Brighton,23-196,1998,4.5,7,1.56,7,0,0,0,0,0,1,0.22,1,0,0,0,0,0,Matches
16,Daniel Amartey,,gh GHA,DF,Leicester City,27-092,1994,16.7,11,0.66,10,0,0,0,0,1,0,0,0,0,0,0,0,0,Matches
17,Joachim Andersen,,dk DEN,DF,Crystal Palace,25-296,1996,23.4,22,0.94,18,1,0,1,0,2,3,0.13,2,0,0,1,0,0,Matches
18,Michail Antonio,,jm JAM,FW,West Ham,31-360,1990,27.6,87,3.15,58,0,9,9,6,5,14,0.51,8,0,1,3,1,1,Matches
19,Cameron Archer,,eng ENG,MFFW,Aston Villa,20-245,2001,0.3,0,0,0,0,0,0,0,0,0,0,0,0,0,0,0,0,Matches
20,Alphonse Areola,,fr FRA,GK,West Ham,29-024,1993,1,0,0,0,0,0,0,0,0,0,0,0,0,0,0,0,0,Matches
21,Adam Armstrong,,eng ENG,FWMF,Southampton,25-041,1997,13.5,26,1.92,15,0,4,4,3,0,3,0.22,2,0,0,0,1,0,Matches
22,Stuart Armstrong,,sct SCO,MF,Southampton,29-358,1992,10.7,35,3.26,29,1,2,1,2,0,1,0.09,1,0,0,0,0,0,Matches
23,Kepa Arrizabalaga,,es ESP,GK,Chelsea,27-171,1994,4,0,0,0,0,0,0,0,0,0,0,0,0,0,0,0,0,Matches
24,Harrison Ashby,,sct SCO,DF,West Ham,20-129,2001,0.1,0,0,0,0,0,0,0,0,0,0,0,0,0,0,0,0,Matches
25,Pierre-Emerick Aubameyang,,ga GAB,FW,Arsenal,32-278,1989,11.5,23,2,14,0,1,5,3,0,3,0.26,2,0,0,1,0,0,Matches
26,Jordan Ayew,,gh GHA,FW,Crystal Palace,30-193,1991,17.3,39,2.25,25,1,1,2,7,3,5,0.29,3,0,0,0,1,1,Matches
27,Luke Ayling,,eng ENG,DF,Leeds United,30-210,1991,21,19,0.91,13,0,0,6,0,0,3,0.14,0,0,0,3,0,0,Matches
28,Cesar Azpilicueta,,es ESP,DF,Chelsea,32-207,1989,15.9,34,2.13,32,0,1,1,0,0,8,0.5,6,0,1,1,0,0,Matches
29,Daniel Bachmann,,at AUT,GK,Watford,27-257,1994,11,0,0,0,0,0,0,0,0,0,0,0,0,0,0,0,0,Matches
30,Leon Bailey,,jm JAM,FWMF,Aston Villa,24-226,1997,5.8,19,3.28,13,1,2,1,2,0,3,0.52,2,0,1,0,0,0,Matches
31,Eric Bailly,,ci CIV,DF,Manchester Utd,27-345,1994,2.4,1,0.41,1,0,0,0,0,0,0,0,0,0,0,0,0,0,Matches
32,Folarin Balogun,,eng ENG,FW,Arsenal,20-263,2001,0.8,0,0,0,0,0,0,0,0,0,0,0,0,0,0,0,0,Matches
33,Patrick Bamford,,eng ENG,FW,Leeds United,28-199,1993,6.2,12,1.93,9,0,1,0,1,1,3,0.48,2,0,1,0,0,0,Matches
34,Shandon Baptiste,,gd GRN,MF,Brentford,23-349,1998,9.8,17,1.74,13,0,1,1,0,2,2,0.2,1,0,0,0,0,1,Matches
35,Ross Barkley,,eng ENG,MF,Chelsea,28-108,1993,1.7,17,9.94,11,3,2,0,1,0,3,1.75,3,0,0,0,0,0,Matches
36,Ashley Barnes,,eng ENG,FW,Burnley,32-144,1989,4.7,14,2.96,9,0,0,2,2,1,0,0,0,0,0,0,0,0,Matches
37,Harvey Barnes,,eng ENG,FWMF,Leicester City,24-104,1997,17.4,42,2.41,33,0,6,2,1,0,8,0.46,6,0,0,2,0,0,Matches
38,Lewis Bate,,eng ENG,MF,Leeds United,19-145,2002,0.5,1,2.09,1,0,0,0,0,0,0,0,0,0,0,0,0,0,Matches
39,Mads Bech Sorensen,,dk DEN,DF,Brentford,23-075,1999,4.2,5,1.18,2,3,0,0,0,0,0,0,0,0,0,0,0,0,Matches
40,Jan Bednarek,,pl POL,DF,Southampton,25-345,1996,22.2,18,0.81,15,2,0,0,0,1,0,0,0,0,0,0,0,0,Matches
41,Donny van de Beek,,nl NED,MF,Manchester Utd,24-339,1997,0.8,5,6,4,0,1,0,0,0,0,0,0,0,0,0,0,0,Matches
42,Donny van de Beek,,nl NED,MF,Everton,24-339,1997,4.8,5,1.05,5,0,0,0,0,0,0,0,0,0,0,0,0,0,Matches
43,Asmir Begovi?,,ba BIH,GK,Everton,34-276,1987,2,0,0,0,0,0,0,0,0,0,0,0,0,0,0,0,0,Matches
44,Said Benrahma,,dz ALG,FWMF,West Ham,26-225,1995,19.9,59,2.96,43,0,6,5,4,1,8,0.4,7,0,0,1,0,0,Matches
45,Rodrigo Bentancur,,uy URU,MF,Tottenham,24-291,1997,6.8,16,2.35,16,0,0,0,0,0,4,0.59,4,0,0,0,0,0,Matches
46,Christian Benteke,,be BEL,FW,Crystal Palace,31-110,1990,12.4,18,1.45,15,0,1,1,1,0,1,0.08,1,0,0,0,0,0,Matches
47,Johann Berg Gudmundsson,,is ISL,MF,Burnley,31-147,1990,12.2,19,1.55,14,0,1,1,2,1,2,0.16,2,0,0,0,0,0,Matches
48,Steven Bergwijn,,nl NED,FWMF,Tottenham,24-166,1997,5.5,17,3.08,12,1,2,1,1,0,3,0.54,1,0,1,0,1,0,Matches
49,Ryan Bertrand,,eng ENG,DF,Leicester City,32-230,1989,3.7,2,0.53,1,1,0,0,0,0,0,0,0,0,0,0,0,0,Matches
50,Mads Bidstrup,,dk DEN,MF,Brentford,21-026,2001,0.5,0,0,0,0,0,0,0,0,0,0,0,0,0,0,0,0,Matches
51,Yves Bissouma,,ml MLI,MF,Brighton,25-205,1996,18.1,20,1.1,12,0,4,1,2,1,3,0.17,2,0,0,0,1,0,Matches
52,Willy Boly,,ci CIV,DF,Wolves,31-048,1991,2,0,0,0,0,0,0,0,0,0,0,0,0,0,0,0,0,Matches
53,Jarrod Bowen,,eng ENG,FW,West Ham,25-093,1996,26.2,80,3.06,43,18,7,7,3,2,17,0.65,8,4,2,1,2,0,Matches
54,Jarrad Branthwaite,,eng ENG,DF,Everton,19-269,2002,2.1,0,0,0,0,0,0,0,0,0,0,0,0,0,0,0,0,Matches
55,Armando Broja,,al ALB,FW,Southampton,20-194,2001,16.8,31,1.84,13,0,5,5,4,4,3,0.18,0,0,1,0,2,0,Matches
56,Josh Brownhill,,eng ENG,MF,Burnley,26-094,1995,22.4,43,1.92,29,8,2,1,1,2,2,0.09,0,1,1,0,0,0,Matches
57,Bryan,,es ESP,FWMF,Tottenham,21-040,2001,1,5,4.79,4,0,0,1,0,0,1,0.96,1,0,0,0,0,0,Matches
58,Emi Buendia,,ar ARG,FWMF,Aston Villa,25-088,1996,17.1,56,3.28,47,2,3,1,3,0,9,0.53,6,0,2,1,0,0,Matches
59,Dan Burn,,eng ENG,DF,Brighton,29-318,1992,11.4,5,0.44,4,0,0,1,0,0,0,0,0,0,0,0,0,0,Matches
60,Dan Burn,,eng ENG,DF,Newcastle Utd,29-318,1992,7,3,0.43,3,0,0,0,0,0,1,0.14,1,0,0,0,0,0,Matches
61,Jack Butland,,eng ENG,GK,Crystal Palace,29-013,1993,5.5,0,0,0,0,0,0,0,0,0,0,0,0,0,0,0,0,Matches
62,Sam Byram,,eng ENG,DFMF,Norwich City,28-188,1993,3,6,1.99,5,0,0,1,0,0,1,0.33,1,0,0,0,0,0,Matches
63,Willy Caballero,,ar ARG,GK,Southampton,40-176,1981,2,0,0,0,0,0,0,0,0,0,0,0,0,0,0,0,0,Matches
64,Dominic Calvert-Lewin,,eng ENG,FW,Everton,25-007,1997,8.5,21,2.48,13,1,1,1,4,1,3,0.35,2,0,0,0,1,0,Matches
65,Joao Cancelo,,pt POR,DF,Manchester City,27-300,1994,26.9,80,2.98,61,0,7,10,1,1,10,0.37,6,0,1,2,0,1,Matches
66,Sergi Canos,,es ESP,DF,Brentford,25-049,1997,22.8,35,1.54,28,2,2,2,1,0,5,0.22,4,0,0,1,0,0,Matches
67,Todd Cantwell,,eng ENG,FWMF,Norwich City,24-024,1998,4.9,5,1.02,5,0,0,0,0,0,0,0,0,0,0,0,0,0,Matches
68,Matty Cash,,pl POL,DF,Aston Villa,24-228,1997,28.5,47,1.65,32,4,3,2,5,1,7,0.25,4,2,1,0,0,0,Matches
69,Timothy Castagne,,be BEL,DF,Leicester City,26-108,1995,14.8,14,0.94,11,2,0,0,1,0,1,0.07,0,0,0,0,1,0,Matches
70,Jonny Castro,,es ESP,DF,Wolves,28-020,1994,4,8,2.02,8,0,0,0,0,0,0,0,0,0,0,0,0,0,Matches
71,Craig Cathcart,,nir NIR,DF,Watford,33-045,1989,24.3,5,0.21,5,0,0,0,0,0,0,0,0,0,0,0,0,0,Matches
72,Edinson Cavani,,uy URU,FW,Manchester Utd,35-037,1987,6.8,6,0.88,4,0,0,2,0,0,2,0.29,1,0,0,1,0,0,Matches
73,Kayky Chagas,,br BRA,FW,Manchester City,18-285,2003,0.1,0,0,0,0,0,0,0,0,0,0,0,0,0,0,0,0,Matches
74,Trevoh Chalobah,,eng ENG,DF,Chelsea,22-261,1999,13.1,5,0.38,5,0,0,0,0,0,1,0.08,1,0,0,0,0,0,Matches
75,Calum Chambers,,eng ENG,DF,Arsenal,27-062,1995,1.9,1,0.53,1,0,0,0,0,0,0,0,0,0,0,0,0,0,Matches
76,Calum Chambers,,eng ENG,DF,Aston Villa,27-062,1995,5,9,1.79,8,0,0,1,0,0,1,0.2,1,0,0,0,0,0,Matches
77,Daniel Chesters,,eng ENG,MF,West Ham,19-353,2002,0,0,0,0,0,0,0,0,0,0,0,0,0,0,0,0,0,Matches
78,Ben Chilwell,,eng ENG,DF,Chelsea,25-092,1996,6,21,3.5,11,7,1,1,0,1,1,0.17,0,1,0,0,0,0,Matches
79,Chiquinho,,pt POR,MFDF,Wolves,22-046,2000,0.6,4,7.06,2,1,1,0,0,0,1,1.76,1,0,0,0,0,0,Matches
80,Hamza Choudhury,,eng ENG,DFMF,Leicester City,24-173,1997,3.2,1,0.32,0,0,0,0,1,0,0,0,0,0,0,0,0,0,Matches
81,Andreas Christensen,,dk DEN,DF,Chelsea,25-347,1996,14.1,6,0.42,5,0,1,0,0,0,0,0,0,0,0,0,0,0,Matches
82,Carney Chukwuemeka,,eng ENG,MFFW,Aston Villa,18-075,2004,2.2,3,1.39,3,0,0,0,0,0,1,0.46,1,0,0,0,0,0,Matches
83,Ciaran Clark,,ie IRL,DF,Newcastle Utd,32-178,1989,11.3,5,0.44,4,0,0,1,0,0,1,0.09,1,0,0,0,0,0,Matches
84,Tom Cleverley,,eng ENG,MF,Watford,32-223,1989,15.2,33,2.18,19,10,0,1,3,0,3,0.2,2,1,0,0,0,0,Matches
85,Nathaniel Clyne,,eng ENG,DF,Crystal Palace,30-352,1991,6,3,0.5,3,0,0,0,0,0,1,0.17,1,0,0,0,0,0,Matches
86,Conor Coady,,eng ENG,DF,Wolves,29-026,1993,29.8,6,0.2,6,0,0,0,0,0,0,0,0,0,0,0,0,0,Matches
87,Seamus Coleman,,ie IRL,DF,Everton,33-163,1988,21.6,33,1.53,26,1,0,2,2,2,3,0.14,2,0,0,0,1,0,Matches
88,Nathan Collins,,ie IRL,DF,Burnley,20-327,2001,8.6,4,0.47,3,0,0,1,0,0,0,0,0,0,0,0,0,0,Matches
89,Aaron Connolly,,ie IRL,FW,Brighton,22-054,2000,1.7,2,1.15,2,0,0,0,0,0,0,0,0,0,0,0,0,0,Matches
90,Liam Cooper,,sct SCO,DF,Leeds United,30-205,1991,14.2,7,0.49,5,0,0,1,1,0,2,0.14,1,0,0,1,0,0,Matches
91,Jack Cork,,eng ENG,MF,Burnley,32-271,1989,9.8,6,0.61,5,0,0,0,0,1,0,0,0,0,0,0,0,0,Matches
92,Maxwel Cornet,,ci CIV,FWMF,Burnley,25-177,1996,12.2,13,1.07,8,1,0,2,2,0,2,0.16,1,0,0,0,1,0,Matches
93,Helder Costa,,ao ANG,MF,Leeds United,28-070,1994,0.2,0,0,0,0,0,0,0,0,0,0,0,0,0,0,0,0,Matches
94,Vladimir Coufal,,cz CZE,DF,West Ham,29-213,1992,18.7,38,2.04,28,7,0,1,1,1,5,0.27,5,0,0,0,0,0,Matches
95,Philippe Coutinho,,br BRA,MFFW,Aston Villa,29-284,1992,8.6,31,3.6,21,3,3,2,2,0,5,0.58,4,0,0,1,0,0,Matches
96,Aaron Cresswell,,eng ENG,DF,West Ham,32-098,1989,22.3,45,2.02,24,19,0,2,0,0,5,0.22,2,3,0,0,0,0,Matches
97,Charlie Cresswell,,eng ENG,DF,Leeds United,19-106,2002,1.6,1,0.64,1,0,0,0,0,0,0,0,0,0,0,0,0,0,Matches
98,Cucho,,co COL,FWMF,Watford,22-337,1999,11.3,38,3.38,25,4,4,3,1,1,6,0.53,3,1,0,1,0,1,Matches
99,Marc Cucurella,,es ESP,DF,Brighton,23-244,1998,25.3,55,2.17,47,5,1,1,0,1,1,0.04,1,0,0,0,0,0,Matches
100,Luke Cundle,,eng ENG,MF,Wolves,19-331,2002,0.9,2,2.14,2,0,0,0,0,0,0,0,0,0,0,0,0,0,Matches
101,Patson Daka,,zm ZAM,FW,Leicester City,23-165,1998,8.5,16,1.88,15,0,0,1,0,0,5,0.59,4,0,0,1,0,0,Matches
102,Stuart Dallas,,nir NIR,DFMF,Leeds United,30-338,1991,28.9,57,1.97,34,16,2,1,2,2,3,0.1,2,0,0,0,0,1,Matches
103,Diogo Dalot,,pt POR,DF,Manchester Utd,23-005,1999,12.1,25,2.06,22,1,1,0,1,0,3,0.25,3,0,0,0,0,0,Matches
104,Karl Darlow,,eng ENG,GK,Newcastle Utd,31-166,1990,8,0,0,0,0,0,0,0,0,0,0,0,0,0,0,0,0,Matches
105,Josh Dasilva,,eng ENG,MFFW,Brentford,23-151,1998,1.5,2,1.32,1,0,0,0,1,0,0,0,0,0,0,0,0,0,Matches
106,Ben Davies,,wls WAL,DF,Tottenham,28-333,1993,19.3,17,0.88,16,1,0,0,0,0,3,0.16,3,0,0,0,0,0,Matches
107,Tom Davies,,eng ENG,MF,Everton,23-266,1998,1.8,4,2.28,3,0,0,1,0,0,0,0,0,0,0,0,0,0,Matches
108,Keinan Davis,,eng ENG,FW,Aston Villa,24-038,1998,0.1,0,0,0,0,0,0,0,0,0,0,0,0,0,0,0,0,Matches
109,Craig Dawson,,eng ENG,DF,West Ham,31-321,1990,23.9,9,0.38,5,0,1,3,0,0,4,0.17,3,0,0,1,0,0,Matches
110,Kevin De Bruyne,,be BEL,MF,Manchester City,30-268,1991,17.1,88,5.16,60,21,2,3,2,0,6,0.35,2,2,1,0,1,0,Matches
111,Troy Deeney,,eng ENG,FW,Watford,33-267,1988,0.3,1,3.6,1,0,0,0,0,0,0,0,0,0,0,0,0,0,Matches
112,Liam Delap,,eng ENG,FW,Manchester City,19-043,2003,0.1,1,9,0,0,0,0,1,0,0,0,0,0,0,0,0,0,Matches
113,Fabian Delph,,eng ENG,MF,Everton,32-122,1989,2.8,2,0.72,2,0,0,0,0,0,0,0,0,0,0,0,0,0,Matches
114,Leander Dendoncker,,be BEL,MFFW,Wolves,26-342,1995,15.7,26,1.66,25,0,0,1,0,0,7,0.45,6,0,0,1,0,0,Matches
115,Emmanuel Dennis,,ng NGA,FWMF,Watford,24-128,1997,24.2,81,3.35,48,0,15,8,8,2,11,0.46,6,0,1,2,1,1,Matches
116,Kiernan Dewsbury Hall,,eng ENG,MF,Leicester City,23-198,1998,13.7,43,3.14,32,1,3,2,3,2,3,0.22,3,0,0,0,0,0,Matches
117,Ibrahima Diallo,,fr FRA,MF,Southampton,23-015,1999,8.4,24,2.86,21,0,2,0,1,0,3,0.36,3,0,0,0,0,0,Matches
118,Raphael Dias Belloli,,br BRA,MFFW,Leeds United,25-099,1996,25,102,4.09,56,20,11,8,5,2,7,0.28,4,0,2,0,1,0,Matches
119,Ruben Dias,,pt POR,DF,Manchester City,24-313,1997,23.7,26,1.1,24,0,0,1,0,1,4,0.17,3,0,0,1,0,0,Matches
120,Luis Diaz,,co COL,FW,Liverpool,25-069,1997,5.5,28,5.08,20,0,5,1,0,2,1,0.18,1,0,0,0,0,0,Matches
121,Eric Dier,,eng ENG,DF,Tottenham,28-067,1994,25.1,21,0.84,15,0,0,4,0,2,3,0.12,1,0,0,2,0,0,Matches
122,Lucas Digne,,fr FRA,DF,Aston Villa,28-246,1993,7.1,22,3.1,14,7,1,0,0,0,2,0.28,1,1,0,0,0,0,Matches
123,Lucas Digne,,fr FRA,DF,Everton,28-246,1993,13,33,2.54,22,9,1,0,1,0,0,0,0,0,0,0,0,0,Matches
124,Virgil van Dijk,,nl NED,DF,Liverpool,30-258,1991,27,18,0.67,13,0,0,5,0,0,5,0.19,4,0,0,1,0,0,Matches
125,Issa Diop,,fr FRA,DF,West Ham,25-073,1997,9,2,0.22,2,0,0,0,0,0,1,0.11,1,0,0,0,0,0,Matches
126,Moussa Djenepo,,ml MLI,MF,Southampton,23-281,1998,4.9,16,3.29,12,0,2,1,1,0,1,0.21,1,0,0,0,0,0,Matches
127,Lewis Dobbin,,eng ENG,FWMF,Everton,19-079,2003,0.4,0,0,0,0,0,0,0,0,0,0,0,0,0,0,0,0,Matches
128,Matt Doherty,,ie IRL,DF,Tottenham,30-066,1992,8.5,20,2.35,17,0,1,2,0,0,3,0.35,3,0,0,0,0,0,Matches
129,Gabriel Dos Santos,,br BRA,DF,Arsenal,24-094,1997,24.4,14,0.57,12,0,0,1,0,1,1,0.04,1,0,0,0,0,0,Matches
130,Abdoulaye Doucoure,,fr FRA,MF,Everton,29-081,1993,19.7,40,2.03,36,0,1,2,0,1,6,0.3,4,0,1,1,0,0,Matches
131,Kieran Dowell,,eng ENG,FWMF,Norwich City,24-164,1997,4,9,2.28,9,0,0,0,0,0,0,0,0,0,0,0,0,0,Matches
132,Cody Drameh,,eng ENG,DF,Leeds United,20-105,2001,1.4,2,1.41,2,0,0,0,0,0,0,0,0,0,0,0,0,0,Matches
133,Martin Dubravka,,sk SVK,GK,Newcastle Utd,33-067,1989,17,0,0,0,0,0,0,0,0,0,0,0,0,0,0,0,0,Matches
134,Shane Duffy,,ie IRL,DF,Brighton,30-081,1992,16,8,0.5,6,0,0,2,0,0,2,0.13,1,0,0,1,0,0,Matches
135,Paul Dummett,,wls WAL,DF,Newcastle Utd,30-178,1991,2.2,1,0.45,0,1,0,0,0,0,0,0,0,0,0,0,0,0,Matches
136,Lewis Dunk,,eng ENG,DF,Brighton,30-122,1991,19.6,9,0.46,8,0,0,1,0,0,0,0,0,0,0,0,0,0,Matches
137,Ederson,,br BRA,GK,Manchester City,28-218,1993,28,4,0.14,2,2,0,0,0,0,0,0,0,0,0,0,0,0,Matches
138,Odsonne Edouard,,fr FRA,FW,Crystal Palace,24-066,1998,14.1,33,2.34,22,0,3,5,0,3,3,0.21,2,0,0,1,0,0,Matches
139,Anthony Elanga,,se SWE,FW,Manchester Utd,19-330,2002,6.1,8,1.31,3,0,2,0,2,1,0,0,0,0,0,0,0,0,Matches
140,Harvey Elliott,,eng ENG,MF,Liverpool,18-353,2003,3.1,16,5.11,10,1,1,2,2,0,1,0.32,1,0,0,0,0,0,Matches
141,Mohamed Elneny,,eg EGY,MF,Arsenal,29-255,1992,2,4,2.05,4,0,0,0,0,0,1,0.51,1,0,0,0,0,0,Matches
142,Mohamed Elyounoussi,,no NOR,MF,Southampton,27-231,1994,16.8,41,2.45,32,0,2,5,1,1,4,0.24,2,0,0,2,0,0,Matches
143,Emerson,,br BRA,DF,Tottenham,23-068,1999,16.8,37,2.21,29,0,4,2,1,1,2,0.12,2,0,0,0,0,0,Matches
144,Christian Eriksen,,dk DEN,MF,Brentford,30-037,1992,2.4,9,3.7,6,3,0,0,0,0,3,1.23,2,1,0,0,0,0,Matches
145,Oghenekaro Etebo,,ng NGA,MF,Watford,26-134,1995,4.3,4,0.93,4,0,0,0,0,0,0,0,0,0,0,0,0,0,Matches
146,Jonny Evans,,nir NIR,DF,Leicester City,34-079,1988,8.7,4,0.46,3,1,0,0,0,0,2,0.23,1,1,0,0,0,0,Matches
147,Eberechi Eze,,eng ENG,MFFW,Crystal Palace,23-267,1998,1.6,2,1.27,1,1,0,0,0,0,0,0,0,0,0,0,0,0,Matches
148,Lukasz Fabianski,,pl POL,GK,West Ham,36-339,1985,29,3,0.1,2,1,0,0,0,0,0,0,0,0,0,0,0,0,Matches
149,Fabinho,,br BRA,MF,Liverpool,28-151,1993,20.9,32,1.53,24,0,0,3,4,1,5,0.24,3,0,0,2,0,0,Matches
150,Kiko Femenia,,es ESP,DF,Watford,31-049,1991,17.8,28,1.57,21,7,0,0,0,0,6,0.34,5,1,0,0,0,0,Matches
151,Evan Ferguson,,ie IRL,MF,Brighton,17-155,2004,0.3,0,0,0,0,0,0,0,0,0,0,0,0,0,0,0,0,Matches
152,Nathan Ferguson,,eng ENG,DF,Crystal Palace,21-168,2000,0.1,0,0,0,0,0,0,0,0,0,0,0,0,0,0,0,0,Matches
153,Bruno Fernandes,,pt POR,MF,Manchester Utd,27-196,1994,25.6,116,4.52,92,13,3,3,2,3,9,0.35,8,0,1,0,0,0,Matches
154,Alvaro Fernandez,,es ESP,GK,Brentford,23-344,1998,12,0,0,0,0,0,0,0,0,0,0,0,0,0,0,0,0,Matches
155,Federico Fernandez,,ar ARG,DF,Newcastle Utd,33-030,1989,5.8,3,0.52,1,0,0,2,0,0,1,0.17,0,0,0,1,0,0,Matches
156,Fernandinho,,br BRA,MF,Manchester City,36-323,1985,6.8,22,3.25,17,0,0,3,2,0,4,0.59,4,0,0,0,0,0,Matches
157,Roberto Firmino,,br BRA,FW,Liverpool,30-172,1991,8.8,26,2.96,23,0,1,1,0,1,4,0.46,3,0,0,0,0,1,Matches
158,Junior Firpo,,es ESP,DF,Leeds United,25-213,1996,14.8,35,2.36,26,4,1,1,1,2,3,0.2,1,1,0,0,0,1,Matches
159,Ashley Fletcher,,eng ENG,FW,Watford,26-172,1995,0.3,2,6,1,0,0,1,0,0,0,0,0,0,0,0,0,0,Matches
160,Phil Foden,,eng ENG,FW,Manchester City,21-299,2000,17.9,58,3.25,40,10,1,6,1,0,9,0.5,6,1,0,2,0,0,Matches
161,Pablo Fornals,,es ESP,FWMF,West Ham,26-029,1996,24,69,2.87,53,5,4,4,2,1,6,0.25,4,1,0,1,0,0,Matches
162,Adam Forshaw,,eng ENG,MF,Leeds United,30-166,1991,16,27,1.69,26,0,0,1,0,0,1,0.06,1,0,0,0,0,0,Matches
163,Marcus Forss,,fi FIN,FWMF,Brentford,22-278,1999,2.3,2,0.86,1,0,0,1,0,0,1,0.43,0,0,0,1,0,0,Matches
164,Fraser Forster,,eng ENG,GK,Southampton,34-006,1988,12,1,0.08,0,1,0,0,0,0,0,0,0,0,0,0,0,0,Matches
165,Ben Foster,,eng ENG,GK,Watford,38-354,1983,18,6,0.33,6,0,0,0,0,0,1,0.06,1,0,0,0,0,0,Matches
166,Tariqe Fosu,,gh GHA,DF,Brentford,26-138,1995,0.2,0,0,0,0,0,0,0,0,0,0,0,0,0,0,0,0,Matches
167,Ryan Fraser,,sct SCO,FWMF,Newcastle Utd,28-027,1994,15,44,2.94,27,7,0,4,5,1,6,0.4,3,1,0,1,1,0,Matches
168,Fred,,br BRA,MF,Manchester Utd,29-018,1993,19.6,50,2.55,41,0,1,1,4,3,8,0.41,6,0,0,0,1,1,Matches
169,Ryan Fredericks,,eng ENG,DF,West Ham,29-164,1992,1.4,1,0.71,1,0,0,0,0,0,0,0,0,0,0,0,0,0,Matches
170,Leo Fuhr Hjelde,,no NOR,DF,Leeds United,18-209,2003,1.7,3,1.8,3,0,0,0,0,0,0,0,0,0,0,0,0,0,Matches
171,Conor Gallagher,,eng ENG,MF,Crystal Palace,22-045,2000,24.4,76,3.11,37,19,3,7,8,2,12,0.49,8,0,2,0,1,1,Matches
172,Dwight Gayle,,eng ENG,FW,Newcastle Utd,31-157,1990,0.4,1,2.81,1,0,0,0,0,0,0,0,0,0,0,0,0,0,Matches
173,Jean-Philippe Gbamin,,ci CIV,MF,Everton,26-179,1995,0.7,0,0,0,0,0,0,0,0,0,0,0,0,0,0,0,0,Matches
174,David de Gea,,es ESP,GK,Manchester Utd,31-136,1990,29,3,0.1,3,0,0,0,0,0,0,0,0,0,0,0,0,0,Matches
175,Joe Gelhardt,,eng ENG,FWMF,Leeds United,19-323,2002,5.2,15,2.89,9,0,2,1,3,0,4,0.77,1,0,1,0,2,0,Matches
176,Anwar El Ghazi,,nl NED,FW,Everton,26-324,1995,0.1,0,0,0,0,0,0,0,0,0,0,0,0,0,0,0,0,Matches
177,Anwar El Ghazi,,nl NED,FWMF,Aston Villa,26-324,1995,4.3,11,2.56,8,1,1,0,1,0,2,0.47,2,0,0,0,0,0,Matches
178,Saman Ghoddos,,ir IRN,MFDF,Brentford,28-198,1993,4.8,22,4.56,16,2,0,1,2,1,2,0.41,1,0,0,0,1,0,Matches
179,Dimitris Giannoulis,,gr GRE,DF,Norwich City,26-157,1995,6.1,7,1.15,6,1,0,0,0,0,1,0.16,1,0,0,0,0,0,Matches
180,Morgan Gibbs-White,,eng ENG,FWMF,Wolves,22-055,2000,0.1,0,0,0,0,0,0,0,0,0,0,0,0,0,0,0,0,Matches
181,Ben Gibson,,eng ENG,DF,Norwich City,29-067,1993,23.7,10,0.42,10,0,0,0,0,0,1,0.04,1,0,0,0,0,0,Matches
182,Billy Gilmour,,sct SCO,MF,Norwich City,20-285,2001,15.7,43,2.73,19,21,1,2,0,0,1,0.06,0,1,0,0,0,0,Matches
183,Ben Godfrey,,eng ENG,DF,Everton,24-067,1998,18.5,27,1.46,21,2,1,2,0,1,2,0.11,1,0,0,1,0,0,Matches
184,Andre Gomes,,pt POR,MF,Everton,28-236,1993,5.6,13,2.33,9,0,2,1,1,0,2,0.36,1,0,1,0,0,0,Matches
185,Toti Gomes,,pt POR,DF,Wolves,23-066,1999,2,0,0,0,0,0,0,0,0,0,0,0,0,0,0,0,0,Matches
186,Joe Gomez,,eng ENG,DF,Liverpool,24-304,1997,1.2,2,1.7,2,0,0,0,0,0,0,0,0,0,0,0,0,0,Matches
187,Charlie Goode,,eng ENG,DF,Brentford,26-232,1995,5,12,2.4,2,7,1,1,0,1,0,0,0,0,0,0,0,0,Matches
188,Anthony Gordon,,eng ENG,MFFW,Everton,21-027,2001,16.7,40,2.39,23,7,4,0,5,1,3,0.18,0,2,0,0,1,0,Matches
189,Kaide Gordon,,eng ENG,FW,Liverpool,17-169,2004,0.1,0,0,0,0,0,0,0,0,0,0,0,0,0,0,0,0,Matches
190,Dan Gosling,,eng ENG,MF,Watford,32-050,1990,0.2,0,0,0,0,0,0,0,0,0,0,0,0,0,0,0,0,Matches
191,Demarai Gray,,eng ENG,MFFW,Everton,25-268,1996,18.8,63,3.35,37,7,9,4,6,0,4,0.21,2,0,1,1,0,0,Matches
192,Jack Grealish,,eng ENG,FW,Manchester City,26-194,1995,16.1,85,5.29,67,1,4,4,9,0,6,0.37,6,0,0,0,0,0,Matches
193,Mason Greenwood,,eng ENG,FWMF,Manchester Utd,20-173,2001,14.1,44,3.12,37,0,4,1,2,0,7,0.5,6,0,0,1,0,0,Matches
194,Sam Greenwood,,eng ENG,FWMF,Leeds United,20-056,2002,0.9,1,1.11,1,0,0,0,0,0,1,1.11,1,0,0,0,0,0,Matches
195,Pascal Gross,,de GER,MFDF,Brighton,30-281,1991,15.3,62,4.06,33,26,0,3,0,0,4,0.26,2,2,0,0,0,0,Matches
196,Vicente Guaita,,es ESP,GK,Crystal Palace,35-072,1987,23.5,1,0.04,1,0,0,0,0,0,0,0,0,0,0,0,0,0,Matches
197,Marc Guehi,,eng ENG,DF,Crystal Palace,21-253,2000,28,12,0.43,12,0,0,0,0,0,0,0,0,0,0,0,0,0,Matches
198,Bruno Guimaraes,,br BRA,MF,Newcastle Utd,24-127,1997,3.2,6,1.86,5,0,0,1,0,0,0,0,0,0,0,0,0,0,Matches
199,Ilkay Gundogan,,de GER,MF,Manchester City,31-150,1990,15,55,3.67,41,10,4,0,0,0,6,0.4,5,0,1,0,0,0,Matches
200,Angus Gunn,,eng ENG,GK,Norwich City,26-060,1996,7,0,0,0,0,0,0,0,0,0,0,0,0,0,0,0,0,Matches
201,Grant Hanley,,sct SCO,DF,Norwich City,30-123,1991,23.2,7,0.3,3,1,0,3,0,0,0,0,0,0,0,0,0,0,Matches
202,Jack Harrison,,eng ENG,FWMF,Leeds United,25-123,1996,21.9,69,3.15,46,3,8,6,5,1,3,0.14,1,0,1,1,0,0,Matches
203,Kortney Hause,,eng ENG,DF,Aston Villa,26-250,1995,4.4,0,0,0,0,0,0,0,0,0,0,0,0,0,0,0,0,Matches
204,Kai Havertz,,de GER,FWMF,Chelsea,22-285,1999,14.5,36,2.48,25,0,2,4,5,0,5,0.34,3,0,1,0,1,0,Matches
205,Isaac Hayden,,eng ENG,MFDF,Newcastle Utd,27-001,1995,11.1,6,0.54,6,0,0,0,0,0,0,0,0,0,0,0,0,0,Matches
206,Hwang Hee-chan,,kr KOR,FWMF,Wolves,26-056,1996,15,23,1.53,15,0,2,3,2,1,3,0.2,1,0,1,0,0,1,Matches
207,Jordan Henderson,,eng ENG,MF,Liverpool,31-279,1990,22.3,60,2.7,54,3,2,0,0,1,10,0.45,10,0,0,0,0,0,Matches
208,Jeff Hendrick,,ie IRL,MF,Newcastle Utd,30-051,1992,0.8,1,1.25,1,0,0,0,0,0,0,0,0,0,0,0,0,0,Matches
209,Wayne Hennessey,,wls WAL,GK,Burnley,35-058,1987,2,3,1.5,1,2,0,0,0,0,0,0,0,0,0,0,0,0,Matches
210,Rico Henry,,eng ENG,DF,Brentford,24-258,1997,23.2,29,1.25,24,1,3,0,1,0,0,0,0,0,0,0,0,0,Matches
211,Son Heung-min,,kr KOR,FWMF,Tottenham,29-258,1992,24.9,95,3.81,56,25,2,6,5,1,9,0.36,5,2,0,0,2,0,Matches
212,Ki-Jana Hoever,,nl NED,DF,Wolves,20-064,2002,3.4,3,0.88,3,0,0,0,0,0,0,0,0,0,0,0,0,0,Matches
213,Rob Holding,,eng ENG,DF,Arsenal,26-184,1995,4.8,0,0,0,0,0,0,0,0,0,0,0,0,0,0,0,0,Matches
214,Mason Holgate,,eng ENG,DF,Everton,25-152,1996,14.8,1,0.07,1,0,0,0,0,0,0,0,0,0,0,0,0,0,Matches
215,Callum Hudson-Odoi,,eng ENG,FWMF,Chelsea,21-136,2000,10.7,51,4.77,37,0,7,3,4,0,6,0.56,4,0,0,0,2,0,Matches
216,Will Hughes,,eng ENG,MF,Crystal Palace,26-340,1995,9.1,16,1.76,8,3,0,0,2,3,2,0.22,0,1,0,0,1,0,Matches
217,Pierre Hojbjerg,,dk DEN,MF,Tottenham,26-230,1995,26.5,57,2.15,47,3,3,1,1,2,4,0.15,4,0,0,0,0,0,Matches
218,Adam Idah,,ie IRL,FWMF,Norwich City,21-012,2001,6.9,12,1.73,8,1,1,0,2,0,1,0.14,1,0,0,0,0,0,Matches
219,Kelechi Iheanacho,,ng NGA,FW,Leicester City,25-171,1996,9.2,29,3.15,22,1,2,1,1,2,7,0.76,5,0,0,0,0,2,Matches
220,Danny Ings,,eng ENG,FW,Aston Villa,29-243,1992,16.9,21,1.24,16,0,1,2,1,1,7,0.41,7,0,0,0,0,0,Matches
221,Tim Iroegbunam,,,MF,Aston Villa,,,0.1,0,0,0,0,0,0,0,0,0,0,0,0,0,0,0,0,Matches
222,Alex Iwobi,,ng NGA,MFFW,Everton,25-324,1996,11.6,32,2.76,31,0,0,1,0,0,3,0.26,3,0,0,0,0,0,Matches
223,Daniel James,,wls WAL,FWMF,Leeds United,24-133,1997,22.5,47,2.09,33,0,2,4,7,1,5,0.22,3,0,1,0,1,0,Matches
224,Daniel James,,wls WAL,FW,Manchester Utd,24-133,1997,1.4,3,2.14,2,0,0,1,0,0,0,0,0,0,0,0,0,0,Matches
225,Reece James,,eng ENG,DF,Chelsea,22-105,1999,13.1,51,3.88,38,6,3,3,1,0,8,0.61,6,1,1,0,0,0,Matches
226,Vitaly Janelt,,de GER,MF,Brentford,23-317,1998,19.8,36,1.82,25,3,2,3,2,1,3,0.15,3,0,0,0,0,0,Matches
227,Pontus Jansson,,se SWE,DF,Brentford,31-038,1991,29.9,11,0.37,6,0,0,4,1,0,4,0.13,1,0,0,2,1,0,Matches
228,Mathias Jensen,,dk DEN,MF,Brentford,26-081,1996,13.6,44,3.24,23,19,0,0,0,2,2,0.15,1,1,0,0,0,0,Matches
229,Gabriel Jesus,,br BRA,FW,Manchester City,24-354,1997,14.9,46,3.09,35,0,5,5,1,0,12,0.81,8,0,2,1,1,0,Matches
230,Raul Jimenez,,mx MEX,FW,Wolves,30-322,1991,23.9,55,2.3,36,1,4,7,4,3,13,0.54,5,0,3,3,1,1,Matches
231,Joelinton,,br BRA,MFFW,Newcastle Utd,25-221,1996,20.9,50,2.39,33,0,3,7,5,2,3,0.14,2,0,0,1,0,0,Matches
232,Ben Johnson,,eng ENG,DF,West Ham,22-058,2000,13.4,13,0.97,11,1,0,0,1,0,2,0.15,2,0,0,0,0,0,Matches
233,Curtis Jones,,eng ENG,MF,Liverpool,21-052,2001,7.1,14,1.97,9,0,1,2,2,0,2,0.28,1,0,0,1,0,0,Matches
234,Phil Jones,,eng ENG,DF,Manchester Utd,30-030,1992,1,2,2,1,0,0,0,1,0,0,0,0,0,0,0,0,0,Matches
235,Jorginho,,it ITA,MF,Chelsea,30-093,1991,20.8,40,1.93,34,1,0,2,2,1,7,0.34,7,0,0,0,0,0,Matches
236,Diogo Jota,,pt POR,FW,Liverpool,25-109,1996,19.4,64,3.29,40,0,12,2,6,4,9,0.46,3,0,4,1,1,0,Matches
237,James Justin,,eng ENG,DF,Leicester City,24-028,1998,4.1,5,1.22,5,0,0,0,0,0,0,0,0,0,0,0,0,0,Matches
238,Mathias Jorgensen,,dk DEN,DF,Brentford,31-334,1990,4.8,6,1.26,3,2,0,1,0,0,0,0,0,0,0,0,0,0,Matches
239,Ozan Kabak,,tr TUR,DF,Norwich City,21-363,2000,10.2,10,0.98,4,0,1,1,3,1,0,0,0,0,0,0,0,0,Matches
240,Christian Kabasele,,be BEL,DF,Watford,31-027,1991,5.3,4,0.76,4,0,0,0,0,0,0,0,0,0,0,0,0,0,Matches
241,Samuel Kalu,,ng NGA,FWMF,Watford,24-209,1997,0.5,0,0,0,0,0,0,0,0,0,0,0,0,0,0,0,0,Matches
242,Hassane Kamara,,ci CIV,DF,Watford,27-185,1994,10.9,16,1.46,13,0,1,0,0,2,0,0,0,0,0,0,0,0,Matches
243,Harry Kane,,eng ENG,FW,Tottenham,28-238,1993,26.9,84,3.12,61,1,9,6,6,1,13,0.48,10,0,1,2,0,0,Matches
244,N'Golo Kante,,fr FRA,MF,Chelsea,30-359,1991,13.3,37,2.78,30,0,4,1,0,2,10,0.75,9,0,1,0,0,0,Matches
245,Edo Kayembe,,cd COD,MF,Watford,23-232,1998,4.6,7,1.52,7,0,0,0,0,0,0,0,0,0,0,0,0,0,Matches
246,Moise Kean,,it ITA,FW,Everton,22-023,2000,0,0,0,0,0,0,0,0,0,0,0,0,0,0,0,0,0,Matches
247,Michael Keane,,eng ENG,DF,Everton,29-071,1993,24.5,12,0.49,8,1,0,3,0,0,1,0.04,1,0,0,0,0,0,Matches
248,Naby Keita,,gn GUI,MF,Liverpool,27-041,1995,9.2,30,3.25,23,0,2,3,0,2,5,0.54,4,0,0,1,0,0,Matches
249,Caoimhin Kelleher,,ie IRL,GK,Liverpool,23-120,1998,2,0,0,0,0,0,0,0,0,0,0,0,0,0,0,0,0,Matches
250,Jonjoe Kenny,,eng ENG,DF,Everton,25-008,1997,7.8,11,1.41,7,1,2,1,0,0,2,0.26,2,0,0,0,0,0,Matches
251,Max Kilman,,eng ENG,DF,Wolves,24-304,1997,27.9,8,0.29,6,0,1,1,0,0,1,0.04,0,0,0,1,0,0,Matches
252,Joshua King,,no NOR,FW,Watford,30-067,1992,21.9,55,2.52,42,0,4,3,5,1,6,0.27,4,0,1,1,0,0,Matches
253,Kristoffer Klaesson,,no NOR,GK,Leeds United,21-116,2000,0.4,0,0,0,0,0,0,0,0,0,0,0,0,0,0,0,0,Matches
254,Mateusz Klich,,pl POL,MF,Leeds United,31-283,1990,18.3,59,3.22,47,2,2,4,3,1,6,0.33,5,0,0,1,0,0,Matches
255,Robin Koch,,de GER,MFDF,Leeds United,25-249,1996,11.2,15,1.33,13,0,0,1,1,0,0,0,0,0,0,0,0,0,Matches
256,Sead Kolasinac,,ba BIH,DF,Arsenal,28-276,1993,1,0,0,0,0,0,0,0,0,0,0,0,0,0,0,0,0,Matches
257,Ibrahima Konate,,fr FRA,DF,Liverpool,22-302,1999,8,5,0.62,5,0,0,0,0,0,1,0.12,1,0,0,0,0,0,Matches
258,Ezri Konsa,,eng ENG,DF,Aston Villa,24-151,1997,22,9,0.41,8,0,0,0,0,1,0,0,0,0,0,0,0,0,Matches
259,Cheikhou Kouyate,,sn SEN,MF,Crystal Palace,32-092,1989,18.5,16,0.86,13,0,2,0,0,1,1,0.05,1,0,0,0,0,0,Matches
260,Mateo Kovacic,,hr CRO,MF,Chelsea,27-321,1994,14.2,46,3.24,38,0,2,3,3,0,6,0.42,6,0,0,0,0,0,Matches
261,Emil Krafth,,se SWE,DF,Newcastle Utd,27-233,1994,11.5,7,0.61,5,0,1,1,0,0,1,0.09,1,0,0,0,0,0,Matches
262,Alex Kral,,cz CZE,MF,West Ham,23-308,1998,0,0,0,0,0,0,0,0,0,0,0,0,0,0,0,0,0,Matches
263,Tim Krul,,nl NED,GK,Norwich City,33-354,1988,22,5,0.23,3,2,0,0,0,0,0,0,0,0,0,0,0,0,Matches
264,Juraj Kucka,,sk SVK,MF,Watford,35-025,1987,17.6,31,1.76,22,0,4,0,3,2,2,0.11,1,0,0,0,1,0,Matches
265,Dejan Kulusevski,,se SWE,MFFW,Tottenham,21-332,2000,7.6,25,3.31,18,0,2,5,0,0,7,0.93,4,0,2,1,0,0,Matches
266,Alexandre Lacazette,,fr FRA,FWMF,Arsenal,30-299,1991,17,63,3.71,41,0,7,4,9,2,9,0.53,6,0,0,1,1,1,Matches
267,Adam Lallana,,eng ENG,MF,Brighton,33-317,1988,16.8,26,1.55,22,0,1,0,2,1,3,0.18,3,0,0,0,0,0,Matches
268,Tariq Lamptey,,eng ENG,DFFW,Brighton,21-174,2000,14.2,40,2.82,28,0,4,3,3,2,2,0.14,2,0,0,0,0,0,Matches
269,Manuel Lanzini,,ar ARG,MF,West Ham,29-036,1993,14.7,44,2.99,37,3,2,0,1,1,6,0.41,4,0,1,0,0,1,Matches
270,Aymeric Laporte,,es ESP,DF,Manchester City,27-300,1994,23.1,24,1.04,20,0,0,3,1,0,3,0.13,1,0,0,1,1,0,Matches
271,Jamaal Lascelles,,eng ENG,DF,Newcastle Utd,28-132,1993,18.8,6,0.32,6,0,0,0,0,0,1,0.05,1,0,0,0,0,0,Matches
272,Pierre Lees-Melou,,fr FRA,MF,Norwich City,28-302,1993,17.8,36,2.02,30,1,0,1,1,3,1,0.06,0,0,0,0,1,0,Matches
273,Aaron Lennon,,eng ENG,MFFW,Burnley,34-341,1987,11.9,20,1.68,11,0,3,0,6,0,4,0.34,1,0,1,0,2,0,Matches
274,Bernd Leno,,de GER,GK,Arsenal,30-019,1992,4,0,0,0,0,0,0,0,0,0,0,0,0,0,0,0,0,Matches
275,Jamal Lewis,,nir NIR,DF,Newcastle Utd,24-057,1998,2.9,2,0.69,2,0,0,0,0,0,1,0.34,1,0,0,0,0,0,Matches
276,Victor Lindelof,,se SWE,DF,Manchester Utd,27-249,1994,18.2,10,0.55,10,0,0,0,0,0,3,0.17,3,0,0,0,0,0,Matches
277,Jesse Lingard,,eng ENG,FW,Manchester Utd,29-098,1992,2.3,7,3,5,0,0,1,1,0,0,0,0,0,0,0,0,0,Matches
278,Valentino Livramento,,eng ENG,DF,Southampton,19-131,2002,22.2,35,1.58,32,0,1,0,2,0,2,0.09,1,0,0,0,1,0,Matches
279,Diego Llorente,,es ESP,DF,Leeds United,28-219,1993,19,6,0.32,6,0,0,0,0,0,0,0,0,0,0,0,0,0,Matches
280,Hugo Lloris,,fr FRA,GK,Tottenham,35-087,1986,29,5,0.17,5,0,0,0,0,0,1,0.03,1,0,0,0,0,0,Matches
281,Giovani Lo Celso,,ar ARG,MFFW,Tottenham,25-348,1996,2.6,10,3.78,5,2,0,1,2,0,0,0,0,0,0,0,0,0,Matches
282,Jurgen Locadia,,nl NED,FW,Brighton,28-136,1993,0.3,0,0,0,0,0,0,0,0,0,0,0,0,0,0,0,0,Matches
283,Ruben Loftus-Cheek,,eng ENG,MF,Chelsea,26-059,1996,8.7,24,2.77,15,0,2,3,2,2,4,0.46,2,0,0,2,0,0,Matches
284,Shane Long,,ie IRL,FWMF,Southampton,35-060,1987,1.6,2,1.29,1,0,0,0,1,0,0,0,0,0,0,0,0,0,Matches
285,Sean Longstaff,,eng ENG,MF,Newcastle Utd,24-144,1997,12.2,17,1.39,13,1,0,1,0,2,3,0.25,2,0,0,0,0,1,Matches
286,Ademola Lookman,,eng ENG,FWMF,Leicester City,24-154,1997,12.7,35,2.77,27,0,4,1,2,1,2,0.16,1,0,0,0,1,0,Matches
287,Jonas Lossl,,dk DEN,GK,Brentford,33-050,1989,2,0,0,0,0,0,0,0,0,0,0,0,0,0,0,0,0,Matches
288,Imran Louza,,ma MAR,MF,Watford,22-326,1999,11.1,23,2.08,10,9,1,1,1,1,1,0.09,1,0,0,0,0,0,Matches
289,Matthew Lowton,,eng ENG,DF,Burnley,32-287,1989,16.8,30,1.78,22,4,0,1,2,1,2,0.12,1,0,0,1,0,0,Matches
290,Douglas Luiz,,br BRA,MF,Aston Villa,23-318,1998,22.9,54,2.36,30,15,1,2,6,0,5,0.22,1,2,0,1,1,0,Matches
291,Romelu Lukaku,,be BEL,FW,Chelsea,28-314,1993,13.5,30,2.23,21,0,3,2,4,0,3,0.22,0,0,1,0,2,0,Matches
292,Lyanco,,br BRA,DF,Southampton,25-050,1997,6.1,6,0.98,4,0,0,1,0,1,0,0,0,0,0,0,0,0,Matches
293,Alexis Mac Allister,,ar ARG,MFFW,Brighton,23-089,1998,14.9,43,2.89,29,7,0,2,3,2,3,0.2,0,2,0,1,0,0,Matches
294,James Maddison,,eng ENG,MFFW,Leicester City,25-120,1996,19.1,70,3.66,40,9,6,6,8,1,13,0.68,8,1,1,1,2,0,Matches
295,Harry Maguire,,eng ENG,DF,Manchester Utd,29-018,1993,22.7,17,0.75,9,2,1,3,1,1,1,0.04,1,0,0,0,0,0,Matches
296,Riyad Mahrez,,dz ALG,FW,Manchester City,31-030,1991,13.5,48,3.56,36,7,1,3,1,0,6,0.45,4,1,0,1,0,0,Matches
297,Ainsley Maitland-Niles,,eng ENG,MF,Arsenal,24-206,1997,3,8,2.69,5,1,0,1,0,1,0,0,0,0,0,0,0,0,Matches
298,Sadio Mane,,sn SEN,FW,Liverpool,29-347,1992,24.7,74,2.99,51,0,3,12,5,3,10,0.4,4,0,1,4,1,0,Matches
299,Javier Manquillo,,es ESP,DF,Newcastle Utd,27-322,1994,13.3,9,0.68,8,0,0,0,1,0,4,0.3,3,0,0,0,1,0,Matches
300,Fernando Marcal,,br BRA,DF,Wolves,33-032,1989,14.2,15,1.06,13,0,0,1,1,0,1,0.07,0,0,0,1,0,0,Matches
301,Solly March,,eng ENG,DFFW,Brighton,27-246,1994,13.8,52,3.78,34,9,5,0,2,2,3,0.22,2,0,0,0,1,0,Matches
302,Pablo Mari,,es ESP,DF,Arsenal,28-204,1993,2,1,0.5,1,0,0,0,0,0,0,0,0,0,0,0,0,0,Matches
303,Anthony Martial,,fr FRA,FW,Manchester Utd,26-108,1995,2.4,3,1.27,3,0,0,0,0,0,2,0.85,2,0,0,0,0,0,Matches
304,Martinelli,,br BRA,FWMF,Arsenal,20-278,2001,13.8,42,3.03,29,4,3,4,1,1,6,0.43,3,2,0,1,0,0,Matches
305,Emiliano Martinez,,ar ARG,GK,Aston Villa,29-202,1992,28,3,0.11,3,0,0,0,0,0,1,0.04,1,0,0,0,0,0,Matches
306,Adam Masina,,ma MAR,DF,Watford,28-080,1994,9.6,9,0.94,5,3,0,0,0,1,0,0,0,0,0,0,0,0,Matches
307,Arthur Masuaku,,cd COD,DFFW,West Ham,28-136,1993,6.2,6,0.96,4,2,0,0,0,0,2,0.32,1,1,0,0,0,0,Matches
308,Jean-Philippe Mateta,,fr FRA,FW,Crystal Palace,24-268,1997,7.2,10,1.38,9,0,0,1,0,0,2,0.28,1,0,0,1,0,0,Matches
309,Nemanja Matic,,rs SRB,MF,Manchester Utd,33-234,1988,10.2,21,2.06,18,0,0,0,1,2,3,0.29,3,0,0,0,0,0,Matches
310,Joel Matip,,cm CMR,DF,Liverpool,30-227,1991,23,26,1.13,21,0,0,4,1,0,6,0.26,5,0,0,0,1,0,Matches
311,Neal Maupay,,fr FRA,FW,Brighton,25-221,1996,22.7,56,2.46,42,0,5,5,4,0,3,0.13,3,0,0,0,0,0,Matches
312,Bryan Mbeumo,,fr FRA,FWMF,Brentford,22-228,1999,24.8,54,2.18,34,9,7,3,0,1,6,0.24,5,1,0,0,0,0,Matches
313,James McArthur,,sct SCO,MF,Crystal Palace,34-167,1987,12.9,24,1.85,21,0,1,0,1,1,2,0.15,2,0,0,0,0,0,Matches
314,James Mcatee,,eng ENG,MFFW,Manchester City,19-156,2002,0.2,0,0,0,0,0,0,0,0,0,0,0,0,0,0,0,0,Matches
315,Kasey McAteer,,eng ENG,FW,Leicester City,20-121,2001,0,0,0,0,0,0,0,0,0,0,0,0,0,0,0,0,0,Matches
316,Liam McCarron,,sct SCO,FW,Leeds United,21-016,2001,0.1,0,0,0,0,0,0,0,0,0,0,0,0,0,0,0,0,Matches
317,Alex McCarthy,,eng ENG,GK,Southampton,32-110,1989,15,1,0.07,1,0,0,0,0,0,0,0,0,0,0,0,0,0,Matches
318,John McGinn,,sct SCO,MF,Aston Villa,27-156,1994,25.3,68,2.68,45,17,1,2,3,0,3,0.12,2,1,0,0,0,0,Matches
319,Stuart McKinstry,,sct SCO,MF,Leeds United,19-186,2002,0,0,0,0,0,0,0,0,0,0,0,0,0,0,0,0,0,Matches
320,Kenny McLean,,sct SCO,MF,Norwich City,30-074,1992,26.3,26,0.99,20,2,0,2,0,2,1,0.04,1,0,0,0,0,0,Matches
321,Dwight McNeil,,eng ENG,MF,Burnley,22-121,1999,26,62,2.38,36,12,4,3,7,0,3,0.12,2,1,0,0,0,0,Matches
322,Scott McTominay,,sct SCO,MF,Manchester Utd,25-105,1996,20.9,38,1.82,30,0,3,1,2,2,6,0.29,4,0,0,1,0,1,Matches
323,Ben Mee,,eng ENG,DF,Burnley,32-181,1989,20.4,8,0.39,5,0,0,2,1,0,0,0,0,0,0,0,0,0,Matches
324,Benjamin Mendy,,fr FRA,DF,Manchester City,27-249,1994,0.9,4,4.62,4,0,0,0,0,0,0,0,0,0,0,0,0,0,Matches
325,Edouard Mendy,,sn SEN,GK,Chelsea,30-022,1992,24,1,0.04,1,0,0,0,0,0,0,0,0,0,0,0,0,0,Matches
326,Nampalys Mendy,,sn SEN,MF,Leicester City,29-273,1992,1.8,1,0.55,1,0,0,0,0,0,1,0.55,1,0,0,0,0,0,Matches
327,Illan Meslier,,fr FRA,GK,Leeds United,22-021,2000,29.6,2,0.07,1,1,0,0,0,0,0,0,0,0,0,0,0,0,Matches
328,Luka Milivojevic,,rs SRB,MF,Crystal Palace,30-350,1991,7.2,11,1.52,6,4,0,0,1,0,1,0.14,1,0,0,0,0,0,Matches
329,James Milner,,eng ENG,MFDF,Liverpool,36-078,1986,7.1,18,2.55,13,3,1,1,0,0,1,0.14,1,0,0,0,0,0,Matches
330,Yerry Mina,,co COL,DF,Everton,27-181,1994,7.2,2,0.28,1,0,0,0,0,1,0,0,0,0,0,0,0,0,Matches
331,Takumi Minamino,,jp JPN,FWMF,Liverpool,27-066,1995,1.1,5,4.69,3,0,0,0,1,1,1,0.94,1,0,0,0,0,0,Matches
332,Tyrone Mings,,eng ENG,DF,Aston Villa,29-010,1993,26.4,20,0.76,16,0,0,3,1,0,4,0.15,3,0,0,1,0,0,Matches
333,Tyrick Mitchell,,eng ENG,DF,Crystal Palace,22-203,1999,28.9,34,1.18,30,1,0,1,1,1,5,0.17,5,0,0,0,0,0,Matches
334,Jakub Moder,,pl POL,MFFW,Brighton,22-350,1999,18.8,37,1.96,23,3,3,6,0,2,4,0.21,3,0,0,1,0,0,Matches
335,Wesley Moraes,,br BRA,FW,Aston Villa,25-117,1996,0,0,0,0,0,0,0,0,0,0,0,0,0,0,0,0,0,Matches
336,Tyler Morton,,eng ENG,MF,Liverpool,19-143,2002,0.7,1,1.36,1,0,0,0,0,0,0,0,0,0,0,0,0,0,Matches
337,Mason Mount,,eng ENG,MFFW,Chelsea,23-072,1999,18.5,71,3.83,40,18,4,5,4,0,10,0.54,4,4,0,1,1,0,Matches
338,Lucas Moura,,br BRA,FWMF,Tottenham,29-222,1992,17.1,51,2.98,40,0,3,2,5,1,7,0.41,7,0,0,0,0,0,Matches
339,Joao Moutinho,,pt POR,MF,Wolves,35-196,1986,25.1,51,2.03,30,17,0,1,0,3,4,0.16,3,1,0,0,0,0,Matches
340,Bali Mumba,,eng ENG,DF,Norwich City,20-166,2001,0.5,0,0,0,0,0,0,0,0,0,0,0,0,0,0,0,0,Matches
341,Jacob Murphy,,eng ENG,DFFW,Newcastle Utd,27-027,1995,13.5,38,2.81,30,0,4,3,1,0,3,0.22,1,0,0,1,1,0,Matches
342,Enock Mwepu,,zm ZAM,MF,Brighton,24-081,1998,7.1,15,2.11,12,0,0,1,2,0,5,0.7,4,0,0,0,1,0,Matches
343,Vitaliy Mykolenko,,ua UKR,DF,Everton,22-298,1999,2,1,0.5,1,0,0,0,0,0,0,0,0,0,0,0,0,0,Matches
344,Marvelous Nakamba,,zw ZIM,MF,Aston Villa,28-063,1994,8.4,6,0.71,5,0,0,0,1,0,0,0,0,0,0,0,0,0,Matches
345,Wilfred Ndidi,,ng NGA,MFDF,Leicester City,25-097,1996,18,14,0.78,9,0,0,3,1,1,2,0.11,1,0,0,1,0,0,Matches
346,Tanguy Ndombele,,fr FRA,MF,Tottenham,25-085,1996,5.4,13,2.42,10,0,1,1,1,0,1,0.19,1,0,0,0,0,0,Matches
347,Reiss Nelson,,eng ENG,FW,Arsenal,22-103,1999,0.2,3,13.5,2,0,0,1,0,0,0,0,0,0,0,0,0,0,Matches
348,Pedro Neto,,pt POR,MFFW,Wolves,22-014,2000,1.5,8,5.41,5,1,1,0,1,0,0,0,0,0,0,0,0,0,Matches
349,Ruben Neves,,pt POR,MF,Wolves,25-010,1997,25.2,44,1.74,37,2,0,2,2,1,3,0.12,3,0,0,0,0,0,Matches
350,Jeremy Ngakia,,eng ENG,DF,Watford,21-197,2000,7,8,1.14,5,2,0,1,0,0,1,0.14,1,0,0,0,0,0,Matches
351,Saul Niguez,,es ESP,DFMF,Chelsea,27-122,1994,3.8,3,0.78,3,0,0,0,0,0,0,0,0,0,0,0,0,0,Matches
352,Eddie Nketiah,,eng ENG,FWMF,Arsenal,22-297,1999,1.4,4,2.88,4,0,0,0,0,0,1,0.72,1,0,0,0,0,0,Matches
353,Nicolas Nkoulou,,cm CMR,DF,Watford,31-361,1990,1.9,1,0.54,1,0,0,0,0,0,0,0,0,0,0,0,0,0,Matches
354,Mark Noble,,eng ENG,MF,West Ham,34-319,1987,1.4,1,0.71,1,0,0,0,0,0,0,0,0,0,0,0,0,0,Matches
355,Mathias Normann,,no NOR,MF,Norwich City,25-299,1996,11.9,23,1.94,9,2,4,3,2,3,2,0.17,2,0,0,0,0,0,Matches
356,Christian Norgaard,,dk DEN,MF,Brentford,28-013,1994,28.2,38,1.35,32,0,3,1,1,1,3,0.11,2,0,1,0,0,0,Matches
357,Angelo Ogbonna,,it ITA,DF,West Ham,33-304,1988,10.2,2,0.2,2,0,0,0,0,0,1,0.1,1,0,0,0,0,0,Matches
358,Michael Olise,,fr FRA,FWMF,Crystal Palace,20-101,2001,10.8,32,2.97,26,3,1,1,1,0,7,0.65,6,0,0,1,0,0,Matches
359,Andrew Omobamidele,,ie IRL,DF,Norwich City,19-273,2002,4.2,0,0,0,0,0,0,0,0,0,0,0,0,0,0,0,0,Matches
360,Tyler Onyango,,eng ENG,MFFW,Everton,19-019,2003,0.3,0,0,0,0,0,0,0,0,0,0,0,0,0,0,0,0,Matches
361,Frank Onyeka,,ng NGA,MF,Brentford,24-081,1998,11.6,17,1.46,11,0,1,1,4,0,1,0.09,0,0,0,0,1,0,Matches
362,Divock Origi,,be BEL,FW,Liverpool,26-339,1995,0.8,1,1.18,0,0,0,1,0,0,1,1.18,0,0,0,1,0,0,Matches
363,Alex Oxlade-Chamberlain,,eng ENG,MFFW,Liverpool,28-220,1993,8.7,21,2.41,17,0,2,0,1,1,1,0.11,1,0,0,0,0,0,Matches
364,Cole Palmer,,eng ENG,FWMF,Manchester City,19-321,2002,1.4,7,5.12,4,0,0,2,1,0,1,0.73,0,0,0,1,0,0,Matches
365,Emerson Palmieri,,it ITA,DF,Chelsea,27-232,1994,0.1,0,0,0,0,0,0,0,0,0,0,0,0,0,0,0,0,Matches
366,Thomas Partey,,gh GHA,MF,Arsenal,28-283,1993,21.7,51,2.35,39,0,5,4,3,0,3,0.14,2,0,0,1,0,0,Matches
367,Joao Pedro,,br BRA,FWMF,Watford,20-178,2001,11.3,35,3.09,25,0,5,2,2,1,3,0.26,2,0,0,1,0,0,Matches
368,Nicolas Pepe,,ci CIV,FWMF,Arsenal,26-298,1995,6.7,25,3.73,13,9,1,2,0,0,3,0.45,1,0,0,2,0,0,Matches
369,Ricardo Pereira,,pt POR,DF,Leicester City,28-168,1993,9.8,21,2.15,17,0,3,0,0,1,5,0.51,3,0,1,0,0,1,Matches
370,Ayoze Perez,,es ESP,FWMF,Leicester City,28-243,1993,2.4,10,4.09,9,0,0,1,0,0,1,0.41,1,0,0,0,0,0,Matches
371,Sonny Perkins,,eng ENG,FW,West Ham,18-041,2004,0,0,0,0,0,0,0,0,0,0,0,0,0,0,0,0,0,Matches
372,Romain Perraud,,fr FRA,DF,Southampton,24-182,1997,13.4,17,1.27,13,0,1,1,1,1,2,0.15,2,0,0,0,0,0,Matches
373,Kalvin Phillips,,eng ENG,MF,Leeds United,26-111,1995,11.1,17,1.53,13,1,0,1,0,2,3,0.27,3,0,0,0,0,0,Matches
374,Jaden Philogene Bidace,,eng ENG,FW,Aston Villa,19-309,2002,0.1,1,18,0,0,0,0,1,0,0,0,0,0,0,0,0,0,Matches
375,Jordan Pickford,,eng ENG,GK,Everton,28-016,1994,25,3,0.12,1,2,0,0,0,0,0,0,0,0,0,0,0,0,Matches
376,Erik Pieters,,nl NED,DF,Burnley,33-228,1988,7.9,6,0.76,4,2,0,0,0,0,0,0,0,0,0,0,0,0,Matches
377,Ethan Pinnock,,jm JAM,DF,Brentford,28-298,1993,27.7,19,0.69,14,2,0,3,0,0,2,0.07,1,0,0,1,0,0,Matches
378,Daniel Podence,,pt POR,FWMF,Wolves,26-153,1995,15.6,57,3.66,44,0,4,4,4,1,4,0.26,3,0,0,1,0,0,Matches
379,Paul Pogba,,fr FRA,MFFW,Manchester Utd,29-008,1993,12.6,47,3.72,36,1,4,1,5,0,11,0.87,10,1,0,0,0,0,Matches
380,Nick Pope,,eng ENG,GK,Burnley,29-338,1992,25,6,0.24,3,3,0,0,0,0,0,0,0,0,0,0,0,0,Matches
381,Teemu Pukki,,fi FIN,FW,Norwich City,31-359,1990,27.2,38,1.4,25,0,3,1,9,0,3,0.11,2,0,0,0,1,0,Matches
382,Christian Pulisic,,us USA,MFFW,Chelsea,23-186,1998,10.5,17,1.61,14,0,0,0,2,1,1,0.09,1,0,0,0,0,0,Matches
383,Przemyslaw Placheta,,pl POL,FWMF,Norwich City,24-000,1998,4.9,10,2.03,3,2,2,0,3,0,0,0,0,0,0,0,0,0,Matches
384,Jesuran Rak Sakyi,,eng ENG,MF,Crystal Palace,19-169,2002,0.2,0,0,0,0,0,0,0,0,0,0,0,0,0,0,0,0,Matches
385,Aaron Ramsdale,,eng ENG,GK,Arsenal,23-313,1998,24,0,0,0,0,0,0,0,0,0,0,0,0,0,0,0,0,Matches
386,Jacob Ramsey,,eng ENG,MF,Aston Villa,20-299,2001,21.4,44,2.05,34,0,2,1,6,1,1,0.05,1,0,0,0,0,0,Matches
387,Marcus Rashford,,eng ENG,FWMF,Manchester Utd,24-143,1997,10.4,28,2.69,17,0,4,2,5,0,3,0.29,3,0,0,0,0,0,Matches
388,Milot Rashica,,xk KVX,FWMF,Norwich City,25-268,1996,18,41,2.28,24,12,1,2,1,1,4,0.22,3,1,0,0,0,0,Matches
389,David Raya,,es ESP,GK,Brentford,26-189,1995,16,1,0.06,1,0,0,0,0,0,0,0,0,0,0,0,0,0,Matches
390,Nathan Redmond,,eng ENG,MFFW,Southampton,28-017,1994,15.1,50,3.32,39,4,1,4,1,1,6,0.4,4,1,0,0,1,0,Matches
391,Sergio Reguilon,,es ESP,DF,Tottenham,25-097,1996,19.5,51,2.61,40,3,3,2,3,0,5,0.26,5,0,0,0,0,0,Matches
392,Declan Rice,,eng ENG,MF,West Ham,23-068,1999,28,49,1.75,41,1,2,1,1,3,7,0.25,7,0,0,0,0,0,Matches
393,Taylor Richards,,eng ENG,MFFW,Brighton,21-109,2000,0.3,1,3.6,1,0,0,0,0,0,0,0,0,0,0,0,0,0,Matches
394,Richarlison,,br BRA,FWMF,Everton,24-317,1997,18.2,39,2.15,28,0,1,4,6,0,4,0.22,3,0,0,1,0,0,Matches
395,Jairo Riedewald,,nl NED,MF,Crystal Palace,25-195,1996,1.3,3,2.29,2,1,0,0,0,0,0,0,0,0,0,0,0,0,Matches
396,Matt Ritchie,,sct SCO,DF,Newcastle Utd,32-194,1989,14.6,40,2.73,18,21,0,1,0,0,3,0.2,2,1,0,0,0,0,Matches
397,Connor Roberts,,wls WAL,DF,Burnley,26-181,1995,10.2,9,0.88,6,1,1,0,1,0,1,0.1,1,0,0,0,0,0,Matches
398,Tyler Roberts,,wls WAL,MFFW,Leeds United,23-070,1999,11,28,2.55,22,0,2,2,2,0,1,0.09,1,0,0,0,0,0,Matches
399,Andrew Robertson,,sct SCO,DF,Liverpool,28-012,1994,21.5,76,3.54,55,14,3,0,3,1,12,0.56,9,2,1,0,0,0,Matches
400,Joe Rodon,,wls WAL,DF,Tottenham,24-152,1997,0.9,0,0,0,0,0,0,0,0,0,0,0,0,0,0,0,0,Matches
401,Rodri,,es ESP,MF,Manchester City,25-274,1996,23.4,60,2.57,52,1,2,3,0,2,1,0.04,1,0,0,0,0,0,Matches
402,Rodrigo,,es ESP,MFFW,Leeds United,31-017,1991,18.1,59,3.26,47,3,2,1,2,4,4,0.22,2,0,1,0,0,1,Matches
403,Jay Rodriguez,,eng ENG,FW,Burnley,32-237,1989,10.5,14,1.33,11,0,0,2,1,0,2,0.19,2,0,0,0,0,0,Matches
404,Mads Roerslev,,dk DEN,DF,Brentford,22-272,1999,10.5,10,0.95,7,0,1,1,1,0,3,0.29,2,0,0,1,0,0,Matches
405,Cristian Romero,,ar ARG,DF,Tottenham,23-330,1998,14.5,9,0.62,7,1,0,0,1,0,0,0,0,0,0,0,0,0,Matches
406,Oriol Romeu,,es ESP,MF,Southampton,30-180,1991,25.7,52,2.02,48,0,1,1,0,2,3,0.12,3,0,0,0,0,0,Matches
407,Cristiano Ronaldo,,pt POR,FW,Manchester Utd,37-046,1985,21.3,61,2.87,42,0,9,5,4,1,8,0.38,4,0,2,1,1,0,Matches
408,Salomon Rondon,,ve VEN,FW,Everton,32-188,1989,7.9,15,1.89,11,0,1,2,0,1,0,0,0,0,0,0,0,0,Matches
409,Danny Rose,,eng ENG,DF,Watford,31-264,1990,7.7,11,1.44,10,1,0,0,0,0,1,0.13,0,1,0,0,0,0,Matches
410,Jon Rowe,,eng ENG,FWMF,Norwich City,18-327,2003,1.2,5,4.33,4,0,1,0,0,0,1,0.87,1,0,0,0,0,0,Matches
411,Antonio Rudiger,,de GER,DF,Chelsea,29-020,1993,26,31,1.19,26,0,1,2,2,0,8,0.31,5,0,0,1,2,0,Matches
412,Lukas Rupp,,de GER,MF,Norwich City,31-074,1991,6.5,22,3.38,18,0,2,1,1,0,0,0,0,0,0,0,0,0,Matches
413,Jose Sa,,pt POR,GK,Wolves,29-065,1993,30,3,0.1,3,0,0,0,0,0,0,0,0,0,0,0,0,0,Matches
414,Allan Saint-Maximin,,fr FRA,FWMF,Newcastle Utd,25-011,1997,22.7,92,4.05,58,1,20,5,6,2,7,0.31,5,0,0,1,1,0,Matches
415,Romain Saiss,,ma MAR,DF,Wolves,31-362,1990,27.4,13,0.47,12,0,0,1,0,0,0,0,0,0,0,0,0,0,Matches
416,Bukayo Saka,,eng ENG,FWMF,Arsenal,20-199,2001,23.7,99,4.17,69,11,9,3,6,1,8,0.34,6,1,0,0,1,0,Matches
417,Mohamed Salah,,eg EGY,FW,Liverpool,29-281,1992,25.1,115,4.58,77,0,19,15,3,1,22,0.88,14,0,5,2,1,0,Matches
418,Mohammed Salisu,,gh GHA,DF,Southampton,22-340,1999,26,23,0.88,18,0,0,3,0,2,3,0.12,3,0,0,0,0,0,Matches
419,Albert Sambi Lokonga,,be BEL,MF,Arsenal,22-152,1999,10.1,22,2.18,22,0,0,0,0,0,0,0,0,0,0,0,0,0,Matches
420,Davinson Sanchez,,co COL,DF,Tottenham,25-284,1996,14.8,13,0.88,12,0,0,1,0,0,1,0.07,1,0,0,0,0,0,Matches
421,Robert Sanchez,,es ESP,GK,Brighton,24-125,1997,28,4,0.14,4,0,0,0,0,0,0,0,0,0,0,0,0,0,Matches
422,Jadon Sancho,,eng ENG,FWMF,Manchester Utd,21-363,2000,16.6,68,4.09,55,3,7,2,1,0,7,0.42,5,0,2,0,0,0,Matches
423,Morgan Sanson,,fr FRA,MF,Aston Villa,27-217,1994,3.2,3,0.95,2,0,0,0,0,1,0,0,0,0,0,0,0,0,Matches
424,Samir Santos,,br BRA,DF,Watford,27-108,1994,11,1,0.09,1,0,0,0,0,0,0,0,0,0,0,0,0,0,Matches
425,Josh Sargent,,us USA,FWMF,Norwich City,22-031,2000,17.3,26,1.5,18,0,1,3,4,0,2,0.12,1,0,1,0,0,0,Matches
426,Jeremy Sarmiento,,ec ECU,FW,Brighton,19-280,2002,0.2,0,0,0,0,0,0,0,0,0,0,0,0,0,0,0,0,Matches
427,Ismaila Sarr,,sn SEN,FWMF,Watford,24-026,1998,14.9,33,2.21,25,0,4,0,2,2,2,0.13,2,0,0,0,0,0,Matches
428,Malang Sarr,,fr FRA,DF,Chelsea,23-059,1999,4.7,6,1.29,6,0,0,0,0,0,1,0.21,1,0,0,0,0,0,Matches
429,Dane Scarlett,,eng ENG,MF,Tottenham,17-364,2004,0,0,0,0,0,0,0,0,0,0,0,0,0,0,0,0,0,Matches
430,Fabian Schar,,ch SUI,DF,Newcastle Utd,30-093,1991,18.8,16,0.85,11,2,2,1,0,0,4,0.21,3,0,1,0,0,0,Matches
431,Jeffrey Schlupp,,gh GHA,MFFW,Crystal Palace,29-090,1992,14.4,28,1.95,21,0,3,3,1,0,4,0.28,2,0,1,0,1,0,Matches
432,Kasper Schmeichel,,dk DEN,GK,Leicester City,35-138,1986,27,3,0.11,3,0,0,0,0,0,1,0.04,1,0,0,0,0,0,Matches
433,Ken Sema,,se SWE,MFFW,Watford,28-174,1993,6.1,8,1.3,5,1,0,0,1,1,0,0,0,0,0,0,0,0,Matches
434,Nelson Semedo,,pt POR,DF,Wolves,28-127,1993,22.1,35,1.58,27,0,4,2,2,0,1,0.05,1,0,0,0,0,0,Matches
435,Ryan Sessegnon,,eng ENG,DFMF,Tottenham,21-309,2000,6,7,1.17,6,0,1,0,0,0,2,0.34,2,0,0,0,0,0,Matches
436,Jamie Shackleton,,eng ENG,DFMF,Leeds United,22-166,1999,7.6,8,1.05,6,1,0,1,0,0,1,0.13,0,0,0,1,0,0,Matches
437,Luke Shaw,,eng ENG,DF,Manchester Utd,26-254,1995,17.3,62,3.59,40,20,0,0,0,2,6,0.35,5,1,0,0,0,0,Matches
438,Jonjo Shelvey,,eng ENG,MF,Newcastle Utd,30-024,1992,17,36,2.11,25,7,1,0,0,3,2,0.12,1,0,0,0,0,1,Matches
439,Francisco Sierralta,,cl CHI,DF,Watford,24-321,1997,4.7,1,0.21,1,0,0,0,0,0,0,0,0,0,0,0,0,0,Matches
440,Bernardo Silva,,pt POR,MFFW,Manchester City,27-225,1994,26.7,109,4.08,85,2,10,6,6,0,11,0.41,9,0,0,1,1,0,Matches
441,Fabio Silva,,pt POR,FWMF,Wolves,19-247,2002,2.9,7,2.38,4,0,1,2,0,0,0,0,0,0,0,0,0,0,Matches
442,Thiago Silva,,br BRA,DF,Chelsea,37-182,1984,21.3,17,0.8,12,0,0,3,1,1,1,0.05,0,0,0,0,1,0,Matches
443,Ellis Simms,,eng ENG,FW,Everton,21-077,2001,0.7,1,1.48,1,0,0,0,0,0,0,0,0,0,0,0,0,0,Matches
444,Moussa Sissoko,,fr FRA,MF,Watford,32-219,1989,26.8,53,1.98,46,0,4,1,1,1,3,0.11,1,0,1,0,0,1,Matches
445,Oliver Skipp,,eng ENG,MF,Tottenham,21-188,2000,15,22,1.47,21,0,0,0,1,0,3,0.2,3,0,0,0,0,0,Matches
446,William Smallbone,,ie IRL,MFFW,Southampton,22-030,2000,1.3,1,0.79,0,1,0,0,0,0,0,0,0,0,0,0,0,0,Matches
447,Emile Smith Rowe,,eng ENG,MFFW,Arsenal,21-238,2000,16.7,49,2.93,38,3,3,3,2,0,6,0.36,5,1,0,0,0,0,Matches
448,Cedric Soares,,pt POR,DF,Arsenal,30-204,1991,9.2,12,1.3,10,2,0,0,0,0,0,0,0,0,0,0,0,0,Matches
449,Tomas Soucek,,cz CZE,MF,West Ham,27-024,1995,27.9,29,1.04,24,0,0,3,1,1,3,0.11,3,0,0,0,0,0,Matches
450,Boubakary Soumare,,fr FRA,MF,Leicester City,23-024,1999,11.5,13,1.13,11,0,1,0,0,1,2,0.17,2,0,0,0,0,0,Matches
451,Caglar Soyuncu,,tr TUR,DF,Leicester City,25-304,1996,23.7,9,0.38,9,0,0,0,0,0,0,0,0,0,0,0,0,0,Matches
452,Jason Steele,,eng ENG,GK,Brighton,31-217,1990,1,0,0,0,0,0,0,0,0,0,0,0,0,0,0,0,0,Matches
453,Jed Steer,,eng ENG,GK,Aston Villa,29-181,1992,1,0,0,0,0,0,0,0,0,0,0,0,0,0,0,0,0,Matches
454,Zack Steffen,,us USA,GK,Manchester City,26-355,1995,1,0,0,0,0,0,0,0,0,0,0,0,0,0,0,0,0,Matches
455,Dale Stephens,,eng ENG,MF,Burnley,32-284,1989,1.4,2,1.46,1,0,0,0,1,0,0,0,0,0,0,0,0,0,Matches
456,Jack Stephens,,eng ENG,DF,Southampton,28-055,1994,7,6,0.86,5,0,0,0,0,1,0,0,0,0,0,0,0,0,Matches
457,Raheem Sterling,,eng ENG,FW,Manchester City,27-105,1994,17.4,64,3.67,49,1,8,2,3,1,5,0.29,1,0,0,2,2,0,Matches
458,Finley Stevens,,wls WAL,DF,Brentford,18-347,2003,0.2,1,6,1,0,0,0,0,0,0,0,0,0,0,0,0,0,Matches
459,John Stones,,eng ENG,DF,Manchester City,27-299,1994,9.6,8,0.83,7,0,0,1,0,0,1,0.1,0,0,0,1,0,0,Matches
460,Pascal Struijk,,nl NED,DFMF,Leeds United,22-224,1999,19.8,17,0.86,11,0,0,2,1,3,2,0.1,0,0,0,1,0,1,Matches
461,Crysencio Summerville,,nl NED,MFFW,Leeds United,20-144,2001,1.4,1,0.74,1,0,0,0,0,0,0,0,0,0,0,0,0,0,Matches
462,Jakob Sorensen,,dk DEN,DFMF,Norwich City,24-020,1998,4.1,2,0.49,1,0,0,0,0,1,0,0,0,0,0,0,0,0,Matches
463,Japhet Tanganga,,eng ENG,DF,Tottenham,22-357,1999,8.2,3,0.37,2,0,0,1,0,0,0,0,0,0,0,0,0,0,Matches
464,Matt Targett,,eng ENG,DF,Newcastle Utd,26-186,1995,7,24,3.43,10,10,0,1,3,0,1,0.14,0,1,0,0,0,0,Matches
465,Matt Targett,,eng ENG,DF,Aston Villa,26-186,1995,15.9,27,1.7,22,5,0,0,0,0,1,0.06,1,0,0,0,0,0,Matches
466,James Tarkowski,,eng ENG,DF,Burnley,29-124,1992,25,17,0.68,14,0,0,2,0,1,2,0.08,2,0,0,0,0,0,Matches
467,Nuno Tavares,,pt POR,DF,Arsenal,22-056,2000,7,15,2.16,9,0,2,1,1,2,3,0.43,2,0,0,1,0,0,Matches
468,Charlie Taylor,,eng ENG,DF,Burnley,28-186,1993,19.3,25,1.29,18,2,1,0,4,0,2,0.1,1,1,0,0,0,0,Matches
469,Nathan Tella,,eng ENG,MFFW,Southampton,22-261,1999,6.5,12,1.84,8,0,2,0,2,0,0,0,0,0,0,0,0,0,Matches
470,Alex Telles,,br BRA,DF,Manchester Utd,29-098,1992,11.1,24,2.16,13,9,0,1,1,0,3,0.27,0,2,0,0,1,0,Matches
471,Luke Thomas,,eng ENG,DF,Leicester City,20-286,2001,17.2,17,0.99,11,4,0,1,0,1,1,0.06,1,0,0,0,0,0,Matches
472,Dominic Thompson,,eng ENG,DF,Brentford,21-240,2000,1.6,1,0.62,0,1,0,0,0,0,0,0,0,0,0,0,0,0,Matches
473,Youri Tielemans,,be BEL,MF,Leicester City,24-320,1997,20.1,60,2.98,43,4,3,4,2,4,7,0.35,5,0,0,1,0,1,Matches
474,Kieran Tierney,,sct SCO,DF,Arsenal,24-291,1997,21.3,38,1.79,33,2,1,1,1,0,3,0.14,3,0,0,0,0,0,Matches
475,Takehiro Tomiyasu,,jp JPN,DF,Arsenal,23-138,1998,15.4,24,1.56,20,1,0,0,0,3,4,0.26,3,0,0,0,0,1,Matches
476,James Tomkins,,eng ENG,DF,Crystal Palace,32-359,1989,6.1,3,0.49,3,0,0,0,0,0,0,0,0,0,0,0,0,0,Matches
477,Ivan Toney,,eng ENG,FW,Brentford,26-007,1996,24.3,47,1.93,36,0,2,2,5,2,6,0.25,3,0,0,0,3,0,Matches
478,Ferran Torres,,es ESP,FW,Manchester City,22-022,2000,3.4,5,1.49,4,0,0,1,0,0,2,0.59,2,0,0,0,0,0,Matches
479,Cenk Tosun,,tr TUR,FW,Everton,30-289,1991,0.1,0,0,0,0,0,0,0,0,0,0,0,0,0,0,0,0,Matches
480,Andros Townsend,,eng ENG,MF,Everton,30-250,1991,16.2,54,3.34,38,8,1,2,4,1,4,0.25,4,0,0,0,0,0,Matches
481,Adama Traore,,es ESP,FW,Wolves,26-057,1996,11.9,50,4.22,30,0,12,0,6,2,2,0.17,1,0,0,0,1,0,Matches
482,Bertrand Traore,,bf BFA,FWMF,Aston Villa,26-198,1995,2,9,4.6,4,0,3,1,1,0,2,1.02,0,0,1,0,1,0,Matches
483,Trezeguet,,eg EGY,FW,Aston Villa,27-173,1994,0.1,0,0,0,0,0,0,0,0,0,0,0,0,0,0,0,0,Matches
484,Francisco Trincao,,pt POR,FWMF,Wolves,22-084,1999,12.7,35,2.77,22,3,7,0,2,1,1,0.08,1,0,0,0,0,0,Matches
485,Kieran Trippier,,eng ENG,DF,Newcastle Utd,31-185,1990,3.5,8,2.28,1,7,0,0,0,0,1,0.28,1,0,0,0,0,0,Matches
486,William Troost-Ekong,,ng NGA,DF,Watford,28-203,1993,15.3,4,0.26,3,0,0,0,0,1,0,0,0,0,0,0,0,0,Matches
487,Leandro Trossard,,be BEL,FWMF,Brighton,27-109,1994,24.4,66,2.71,47,4,10,3,2,0,6,0.25,3,1,1,0,1,0,Matches
488,Kostas Tsimikas,,gr GRE,DF,Liverpool,25-315,1996,7.4,24,3.22,14,10,0,0,0,0,3,0.4,2,1,0,0,0,0,Matches
489,Axel Tuanzebe,,eng ENG,DF,Aston Villa,24-129,1997,5.6,1,0.18,1,0,0,0,0,0,0,0,0,0,0,0,0,0,Matches
490,Ozan Tufan,,tr TUR,MF,Watford,27-000,1995,3.7,7,1.89,6,1,0,0,0,0,0,0,0,0,0,0,0,0,Matches
491,Christos Tzolis,,gr GRE,FWMF,Norwich City,20-052,2002,3.4,11,3.21,11,0,0,0,0,0,0,0,0,0,0,0,0,0,Matches
492,Yan Valery,,fr FRA,DF,Southampton,23-029,1999,1.5,1,0.67,1,0,0,0,0,0,0,0,0,0,0,0,0,0,Matches
493,Raphael Varane,,fr FRA,DF,Manchester Utd,28-332,1993,15.3,8,0.52,7,0,0,0,0,1,2,0.13,2,0,0,0,0,0,Matches
494,Jamie Vardy,,eng ENG,FW,Leicester City,35-071,1987,15.6,29,1.86,26,0,1,1,1,0,3,0.19,2,0,1,0,0,0,Matches
495,Joel Veltman,,nl NED,DF,Brighton,30-067,1992,22.9,31,1.35,25,2,1,0,2,1,2,0.09,2,0,0,0,0,0,Matches
496,Jannik Vestergaard,,dk DEN,DF,Leicester City,29-232,1992,6.3,3,0.48,3,0,0,0,0,0,0,0,0,0,0,0,0,0,Matches
497,Nikola Vlasic,,hr CRO,FWMF,West Ham,24-170,1997,5.1,15,2.96,12,0,2,0,1,0,0,0,0,0,0,0,0,0,Matches
498,Matej Vydra,,cz CZE,FW,Burnley,29-326,1992,5,7,1.4,6,0,0,0,1,0,1,0.2,1,0,0,0,0,0,Matches
499,Theo Walcott,,eng ENG,MFFW,Southampton,33-007,1989,4.2,4,0.95,4,0,0,0,0,0,1,0.24,1,0,0,0,0,0,Matches
500,Kyle Walker,,eng ENG,DF,Manchester City,31-299,1990,17.5,33,1.89,30,0,0,1,2,0,4,0.23,4,0,0,0,0,0,Matches
501,Kyle Walker-Peters,,eng ENG,DF,Southampton,24-344,1997,20.3,55,2.7,37,0,8,1,6,3,7,0.34,5,0,0,0,1,1,Matches
502,Aaron Wan-Bissaka,,eng ENG,DF,Manchester Utd,24-117,1997,17.9,31,1.73,25,0,3,1,1,1,1,0.06,1,0,0,0,0,0,Matches
503,Joel Ward,,eng ENG,DF,Crystal Palace,32-145,1989,23,14,0.61,12,2,0,0,0,0,2,0.09,2,0,0,0,0,0,Matches
504,James Ward-Prowse,,eng ENG,MF,Southampton,27-142,1994,26.7,89,3.33,44,41,0,1,0,3,6,0.22,3,3,0,0,0,0,Matches
505,Ollie Watkins,,eng ENG,FW,Aston Villa,26-083,1995,24.1,50,2.08,36,0,4,5,3,2,5,0.21,1,0,1,2,1,0,Matches
506,Adam Webster,,eng ENG,DF,Brighton,27-078,1995,13,9,0.69,9,0,0,0,0,0,1,0.08,1,0,0,0,0,0,Matches
507,Wout Weghorst,,nl NED,FW,Burnley,29-228,1992,8.4,11,1.32,6,0,2,1,1,1,4,0.48,3,0,1,0,0,0,Matches
508,Danny Welbeck,,eng ENG,FWMF,Brighton,31-117,1990,8.1,13,1.61,8,0,0,2,3,0,0,0,0,0,0,0,0,0,Matches
509,Timo Werner,,de GER,FWMF,Chelsea,26-017,1996,8.2,10,1.22,7,0,1,2,0,0,2,0.24,2,0,0,0,0,0,Matches
510,Ashley Westwood,,eng ENG,MF,Burnley,31-356,1990,22.1,49,2.22,30,16,0,2,1,0,7,0.32,5,2,0,0,0,0,Matches
511,Ben White,,eng ENG,DF,Arsenal,24-166,1997,26,21,0.81,15,0,0,4,1,1,1,0.04,1,0,0,0,0,0,Matches
512,Brandon Williams,,eng ENG,DF,Norwich City,21-201,2000,21.5,27,1.26,23,0,0,0,3,1,2,0.09,1,0,0,0,0,1,Matches
513,Neco Williams,,wls WAL,DF,Liverpool,20-344,2001,0.1,2,22.5,1,0,1,0,0,0,2,22.5,1,0,1,0,0,0,Matches
514,Joe Willock,,eng ENG,MF,Newcastle Utd,22-215,1999,19.5,40,2.05,28,0,6,1,3,2,2,0.1,1,0,0,0,1,0,Matches
515,Callum Wilson,,eng ENG,FW,Newcastle Utd,30-024,1992,13.2,14,1.06,14,0,0,0,0,0,0,0,0,0,0,0,0,0,Matches
516,Harry Winks,,eng ENG,MF,Tottenham,26-049,1996,9.4,23,2.45,17,3,1,0,2,0,4,0.43,4,0,0,0,0,0,Matches
517,Yoane Wissa,,cd COD,FWMF,Brentford,25-201,1996,9.6,12,1.25,8,0,0,1,3,0,2,0.21,1,0,0,1,0,0,Matches
518,Chris Wood,,nz NZL,FW,Newcastle Utd,30-106,1991,10,17,1.7,13,0,2,2,0,0,1,0.1,1,0,0,0,0,0,Matches
519,Chris Wood,,nz NZL,FW,Burnley,30-106,1991,15.2,21,1.38,16,0,1,2,2,0,2,0.13,2,0,0,0,0,0,Matches
520,Freddie Woodman,,eng ENG,GK,Newcastle Utd,25-019,1997,4,0,0,0,0,0,0,0,0,0,0,0,0,0,0,0,0,Matches
521,Granit Xhaka,,ch SUI,MF,Arsenal,29-177,1992,16.2,51,3.15,45,1,2,1,0,2,2,0.12,2,0,0,0,0,0,Matches
522,Andriy Yarmolenko,,ua UKR,FWMF,West Ham,32-151,1989,1.9,3,1.6,2,0,1,0,0,0,0,0,0,0,0,0,0,0,Matches
523,Ashley Young,,eng ENG,DFFW,Aston Villa,36-257,1985,11.7,18,1.54,13,2,1,0,1,1,4,0.34,2,1,1,0,0,0,Matches
524,Wilfried Zaha,,ci CIV,FW,Crystal Palace,29-133,1992,22.5,72,3.21,51,0,10,5,6,0,7,0.31,5,0,2,0,0,0,Matches
525,Christoph Zimmermann,,de GER,DF,Norwich City,29-070,1993,0.5,0,0,0,0,0,0,0,0,0,0,0,0,0,0,0,0,Matches
526,Oleksandr Zinchenko,,ua UKR,DF,Manchester City,25-098,1996,6.6,20,3.02,17,2,0,0,1,0,3,0.45,3,0,0,0,0,0,Matches
527,Hakim Ziyech,,ma MAR,FWMF,Chelsea,29-004,1993,10.7,47,4.38,33,3,4,3,3,1,5,0.47,4,0,1,0,0,0,Matches
528,Kurt Zouma,,fr FRA,DF,West Ham,27-147,1994,17.8,4,0.23,3,0,0,1,0,0,0,0,0,0,0,0,0,0,Matches
529,Martin Odegaard,,no NOR,MF,Arsenal,23-096,1998,21,97,4.63,74,11,4,5,2,1,11,0.52,11,0,0,0,0,0,Matches
