,,,,,,,,,,Standard,Standard,Standard,Standard,Standard,Standard,Standard,Standard,Standard,Performance,Performance,Expected,Expected,Expected,Expected,Expected,
Rk,Name,,Nation,Pos,Squad,Age,Born,90s,Gls,Sh,SoT,SoT%,Sh/90,SoT/90,G/Sh,G/SoT,Dist,FK,PK,PKatt,xG,npxG,npxG/Sh,G-xG,np:G-xG,Matches
1,Max Aarons,,eng ENG,DF,Norwich City,22-090,2000,26.6,0,0.41,0.08,18.2,0.41,0.08,0,0,20.3,0,0,0,0.03,0.03,0.06,-0.03,-0.03,Matches
2,Che Adams,,sct SCO,FW,Southampton,25-265,1996,19.3,0.36,2.18,1.09,50,2.18,1.09,0.17,0.33,13.3,0,0,0,0.31,0.31,0.14,0.06,0.06,Matches
3,Rayan Ait Nouri,,fr FRA,DF,Wolves,20-302,2001,15.3,0,0.52,0.13,25,0.52,0.13,0,0,15.5,0,0,0,0.03,0.03,0.05,-0.03,-0.03,Matches
4,Kristoffer Ajer,,no NOR,DF,Brentford,23-352,1998,16.6,0,0.3,0,0,0.3,0,0,,7.8,0,0,0,0.02,0.02,0.07,-0.02,-0.02,Matches
5,Nathan Ake,,nl NED,DF,Manchester City,27-045,1995,8.5,0.12,0.35,0.12,33.3,0.35,0.12,0.33,1,5.3,0,0,0,0.08,0.08,0.25,0.04,0.04,Matches
6,Marc Albrighton,,eng ENG,FWDF,Leicester City,32-137,1989,11.1,0.09,0.36,0.09,25,0.36,0.09,0.25,1,16.7,0,0,0,0.05,0.05,0.13,0.05,0.05,Matches
7,Thiago Alcantara,,es ESP,MF,Liverpool,30-358,1991,12.2,0.08,1.56,0.41,26.3,1.56,0.41,0.05,0.2,16.7,0,0,0,0.13,0.13,0.09,-0.05,-0.05,Matches
8,Trent Alexander-Arnold,,eng ENG,DF,Liverpool,23-179,1998,25.7,0.08,1.6,0.47,29.3,1.6,0.47,0.05,0.17,22,0.12,0,0,0.09,0.09,0.06,-0.01,-0.01,Matches
9,Alisson,,br BRA,GK,Liverpool,29-184,1992,28,0,0,0,,0,0,,,,0,0,0,0,0,,0,0,Matches
10,Allan,,br BRA,MF,Everton,31-086,1991,21.5,0,0.28,0.14,50,0.28,0.14,0,0,25.1,0,0,0,0.01,0.01,0.03,-0.01,-0.01,Matches
11,Dele Alli,,eng ENG,MF,Everton,25-358,1996,1.9,0,1.58,0,0,1.54,0,0,,19.3,0,0,0,0.05,0.05,0.03,-0.05,-0.05,Matches
12,Dele Alli,,eng ENG,MFFW,Tottenham,25-358,1996,7.3,0.14,0.55,0.27,50,0.55,0.27,0,0,18.2,0,0.14,0.14,0.21,0.1,0.18,-0.07,-0.1,Matches
13,Miguel Almiron,,py PAR,MFFW,Newcastle Utd,28-053,1994,12.6,0,1.51,0.4,26.3,1.5,0.4,0,0,20.1,0,0,0,0.08,0.08,0.05,-0.08,-0.08,Matches
14,Marcos Alonso,,es ESP,DF,Chelsea,31-097,1990,16.7,0.06,1.62,0.36,22.2,1.62,0.36,0.04,0.17,21,0.48,0,0,0.11,0.11,0.07,-0.05,-0.05,Matches
15,Steven Alzate,,co COL,MF,Brighton,23-208,1998,4.5,0,0.22,0.22,100,0.22,0.22,0,0,18.4,0,0,0,0.02,0.02,0.07,-0.02,-0.02,Matches
16,Daniel Amartey,,gh GHA,DF,Leicester City,27-104,1994,17,0,0.06,0.06,100,0.06,0.06,0,0,33.2,0,0,0,0,0,0.01,0,0,Matches
17,Joachim Andersen,,dk DEN,DF,Crystal Palace,25-308,1996,23.4,0,0.21,0.09,40,0.21,0.09,0,0,13.4,0,0,0,0.02,0.02,0.08,-0.02,-0.02,Matches
18,Michail Antonio,,jm JAM,FW,West Ham,32-007,1990,28.6,0.28,2.52,0.77,30.6,2.52,0.77,0.11,0.36,14.2,0,0,0.03,0.32,0.31,0.12,-0.04,-0.03,Matches
19,Cameron Archer,,eng ENG,MFFW,Aston Villa,20-257,2001,0.3,0,3.33,0,0,3.33,0,0,,13,0,0,0,0,0,0.02,0,0,Matches
20,Alphonse Areola,,fr FRA,GK,West Ham,29-036,1993,1,0,0,0,,0,0,,,,0,0,0,0,0,,0,0,Matches
21,Adam Armstrong,,eng ENG,FWMF,Southampton,25-053,1997,13.5,0.15,3.26,1.04,31.8,3.26,1.04,0.05,0.14,17.2,0,0,0,0.3,0.3,0.09,-0.16,-0.16,Matches
22,Stuart Armstrong,,sct SCO,MF,Southampton,30-005,1992,11,0.18,2.73,0.64,23.3,2.72,0.63,0.07,0.29,19.3,0,0,0,0.22,0.22,0.08,-0.04,-0.04,Matches
23,Kepa Arrizabalaga,,es ESP,GK,Chelsea,27-183,1994,4,0,0,0,,0,0,,,,0,0,0,0,0,,0,0,Matches
24,Harrison Ashby,,sct SCO,DF,West Ham,20-141,2001,0.1,0,0,0,,0,0,,,,0,0,0,0,0,,0,0,Matches
25,Pierre-Emerick Aubameyang,,ga GAB,FW,Arsenal,32-290,1989,11.5,0.35,2.87,1.39,48.5,2.86,1.39,0.12,0.25,14.2,0,0,0.17,0.5,0.36,0.13,-0.16,-0.01,Matches
26,Jordan Ayew,,gh GHA,FW,Crystal Palace,30-205,1991,17.3,0.06,1.62,0.29,17.9,1.62,0.29,0.04,0.2,17.3,0.06,0,0,0.14,0.14,0.09,-0.09,-0.09,Matches
27,Luke Ayling,,eng ENG,DF,Leeds United,30-222,1991,22,0.09,0.73,0.14,18.8,0.73,0.14,0.13,0.67,12.3,0,0,0,0.06,0.06,0.09,0.03,0.03,Matches
28,Cesar Azpilicueta,,es ESP,DF,Chelsea,32-219,1989,16.9,0,0.53,0.12,22.2,0.53,0.12,0,0,14.9,0,0,0,0.04,0.04,0.08,-0.04,-0.04,Matches
29,Daniel Bachmann,,at AUT,GK,Watford,27-269,1994,11,0,0,0,,0,0,,,,0,0,0,0,0,,0,0,Matches
30,Leon Bailey,,jm JAM,FWMF,Aston Villa,24-238,1997,6.8,0.15,2.5,1.03,41.2,2.5,1.03,0.06,0.14,19,0.59,0,0,0.19,0.19,0.08,-0.04,-0.04,Matches
31,Eric Bailly,,ci CIV,DF,Manchester Utd,27-357,1994,2.4,0,0,0,,0,0,,,,0,0,0,0,0,,0,0,Matches
32,Folarin Balogun,,eng ENG,FW,Arsenal,20-275,2001,0.8,0,3.75,0,0,3.86,0,0,,14,0,0,0,0.37,0.37,0.09,-0.37,-0.37,Matches
33,Patrick Bamford,,eng ENG,FW,Leeds United,28-211,1993,6.2,0.32,3.23,0.81,25,3.22,0.81,0.1,0.4,13.6,0,0,0,0.65,0.65,0.2,-0.32,-0.32,Matches
34,Shandon Baptiste,,gd GRN,MF,Brentford,23-361,1998,9.8,0.1,1.22,0.41,33.3,1.23,0.41,0.08,0.25,18.9,0,0,0,0.08,0.08,0.06,0.02,0.02,Matches
35,Ross Barkley,,eng ENG,MF,Chelsea,28-120,1993,1.7,0,3.53,0.59,16.7,3.51,0.58,0,0,22.1,0,0,0,0.47,0.47,0.14,-0.47,-0.47,Matches
36,Ashley Barnes,,eng ENG,FW,Burnley,32-156,1989,4.8,0,1.67,0.63,37.5,1.66,0.62,0,0,12.9,0,0,0,0.15,0.15,0.08,-0.15,-0.15,Matches
37,Harvey Barnes,,eng ENG,FWMF,Leicester City,24-116,1997,18.4,0.16,2.88,1.03,35.8,2.88,1.03,0.06,0.16,15.7,0,0,0,0.27,0.27,0.09,-0.11,-0.11,Matches
38,Lewis Bate,,eng ENG,MF,Leeds United,19-157,2002,0.5,0,0,0,,0,0,,,,0,0,0,0,0,,0,0,Matches
39,Mads Bech Sorensen,,dk DEN,DF,Brentford,23-087,1999,4.2,0,0.24,0,0,0.24,0,0,,8.9,0,0,0,0,0,0.05,0,0,Matches
40,Jan Bednarek,,pl POL,DF,Southampton,25-357,1996,23.2,0.13,0.78,0.26,33.3,0.78,0.26,0.17,0.5,7.9,0,0,0,0.09,0.09,0.12,0.03,0.03,Matches
41,Donny van de Beek,,nl NED,MF,Everton,24-351,1997,4.8,0,0.83,0,0,0.84,0,0,,22.8,0,0,0,0.02,0.02,0.03,-0.02,-0.02,Matches
42,Donny van de Beek,,nl NED,MF,Manchester Utd,24-351,1997,0.8,1.25,2.5,1.25,50,2.4,1.2,0.5,1,9.3,0,0,0,0.87,0.87,0.36,0.37,0.37,Matches
43,Asmir Begovic,,ba BIH,GK,Everton,34-288,1987,2,0,0,0,,0,0,,,,0,0,0,0,0,,0,0,Matches
44,Said Benrahma,,dz ALG,FWMF,West Ham,26-237,1995,20.8,0.29,2.69,0.91,33.9,2.69,0.91,0.11,0.32,19.1,0.14,0,0,0.2,0.2,0.07,0.09,0.09,Matches
45,Rodrigo Bentancur,,uy URU,MF,Tottenham,24-303,1997,7.6,0,0.66,0,0,0.66,0,0,,16.8,0,0,0,0.03,0.03,0.05,-0.03,-0.03,Matches
46,Christian Benteke,,be BEL,FW,Crystal Palace,31-122,1990,12.4,0.32,3.15,1.05,33.3,3.15,1.05,0.1,0.31,11.4,0,0,0,0.44,0.44,0.14,-0.11,-0.11,Matches
47,Johann Berg Gudmundsson,,is ISL,MF,Burnley,31-159,1990,12.2,0,1.56,0.33,21.1,1.55,0.33,0,0,19.7,0.16,0,0,0.14,0.14,0.09,-0.14,-0.14,Matches
48,Steven Bergwijn,,nl NED,FWMF,Tottenham,24-178,1997,5.6,0.54,3.21,1.79,55.6,3.2,1.78,0.17,0.3,16.1,0,0,0,0.52,0.52,0.16,0.02,0.02,Matches
49,Ryan Bertrand,,eng ENG,DF,Leicester City,32-242,1989,3.7,0,0,0,,0,0,,,,0,0,0,0,0,,0,0,Matches
50,Mads Bidstrup,,dk DEN,MF,Brentford,21-038,2001,0.5,0,0,0,,0,0,,,,0,0,0,0,0,,0,0,Matches
51,Yves Bissouma,,ml MLI,MF,Brighton,25-217,1996,18.1,0,0.99,0.17,16.7,0.99,0.17,0,0,23.6,0.06,0,0,0.04,0.04,0.05,-0.04,-0.04,Matches
52,Willy Boly,,ci CIV,DF,Wolves,31-060,1991,3,0,0,0,,0,0,,,,0,0,0,0,0,,0,0,Matches
53,Jarrod Bowen,,eng ENG,FW,West Ham,25-105,1996,26.9,0.33,2.57,1.08,42,2.56,1.08,0.13,0.31,15.5,0,0,0,0.35,0.35,0.14,-0.01,-0.01,Matches
54,Jarrad Branthwaite,,eng ENG,DF,Everton,19-281,2002,2.1,0.48,0.95,0.95,100,0.94,0.94,0.5,0.5,14,0,0,0,0.19,0.19,0.21,0.29,0.29,Matches
55,Armando Broja,,al ALB,FW,Southampton,20-206,2001,17.8,0.34,2.3,1.01,43.9,2.3,1.01,0.15,0.33,12,0,0,0,0.37,0.37,0.16,-0.03,-0.03,Matches
56,Josh Brownhill,,eng ENG,MF,Burnley,26-106,1995,23.4,0.04,0.9,0.26,28.6,0.9,0.26,0.05,0.17,22.8,0.13,0,0,0.04,0.04,0.05,0,0,Matches
57,Bryan,,es ESP,FWMF,Tottenham,21-052,2001,1,0,1,1,100,0.96,0.96,0,0,16.2,0,0,0,0,0,0.03,0,0,Matches
58,Emi Buendia,,ar ARG,FWMF,Aston Villa,25-100,1996,17.3,0.12,1.85,0.64,34.4,1.85,0.64,0.06,0.18,17.9,0,0,0,0.13,0.13,0.07,-0.01,-0.01,Matches
59,Dan Burn,,eng ENG,DF,Newcastle Utd,29-330,1992,8,0,0.75,0,0,0.75,0,0,,7.6,0,0,0,0.04,0.04,0.05,-0.04,-0.04,Matches
60,Dan Burn,,eng ENG,DF,Brighton,29-330,1992,11.4,0.09,0.61,0.26,42.9,0.62,0.26,0.14,0.33,7.4,0,0,0,0.11,0.11,0.18,-0.03,-0.03,Matches
61,Jack Butland,,eng ENG,GK,Crystal Palace,29-025,1993,5.5,0,0,0,,0,0,,,,0,0,0,0,0,,0,0,Matches
62,Sam Byram,,eng ENG,DFMF,Norwich City,28-200,1993,4,0,0.75,0.25,33.3,0.75,0.25,0,0,9.1,0,0,0,0.13,0.13,0.17,-0.13,-0.13,Matches
63,Willy Caballero,,ar ARG,GK,Southampton,40-188,1981,2,0,0,0,,0,0,,,,0,0,0,0,0,,0,0,Matches
64,Dominic Calvert-Lewin,,eng ENG,FW,Everton,25-019,1997,9.3,0.32,2.69,0.97,36,2.68,0.97,0.04,0.11,13.7,0,0.22,0.32,0.65,0.4,0.15,-0.32,-0.29,Matches
65,Joao Cancelo,,pt POR,DF,Manchester City,27-312,1994,27.9,0.04,2.19,0.72,32.8,2.19,0.72,0.02,0.05,22,0.04,0,0,0.1,0.1,0.05,-0.07,-0.07,Matches
66,Sergi Canos,,es ESP,DF,Brentford,25-061,1997,22.8,0.09,1.36,0.44,32.3,1.36,0.44,0.06,0.2,16.2,0.04,0,0,0.13,0.13,0.09,-0.04,-0.04,Matches
67,Todd Cantwell,,eng ENG,FWMF,Norwich City,24-036,1998,4.9,0,0.82,0,0,0.82,0,0,,28.8,0,0,0,0.04,0.04,0.04,-0.04,-0.04,Matches
68,Matty Cash,,pl POL,DF,Aston Villa,24-240,1997,29.5,0.1,0.88,0.24,26.9,0.88,0.24,0.12,0.43,18.1,0,0,0,0.06,0.06,0.07,0.04,0.04,Matches
69,Timothy Castagne,,be BEL,DF,Leicester City,26-120,1995,15.8,0.06,0.13,0.06,50,0.13,0.06,0.5,1,19.5,0,0,0,0.01,0.01,0.05,0.06,0.06,Matches
70,Jonny Castro,,es ESP,DF,Wolves,28-032,1994,5,0.4,1,0.6,60,1.01,0.61,0.4,0.67,17,0,0,0,0.14,0.14,0.14,0.26,0.26,Matches
71,Craig Cathcart,,nir NIR,DF,Watford,33-057,1989,24.3,0,0.08,0,0,0.08,0,0,,9,0,0,0,0,0,0.04,0,0,Matches
72,Edinson Cavani,,uy URU,FW,Manchester Utd,35-049,1987,6.8,0.29,2.35,0.59,25,2.34,0.59,0.13,0.5,11.6,0,0,0,0.46,0.46,0.19,-0.16,-0.16,Matches
73,Kayky Chagas,,br BRA,FW,Manchester City,18-297,2003,0.1,0,0,0,,0,0,,,,0,0,0,0,0,,0,0,Matches
74,Trevoh Chalobah,,eng ENG,DF,Chelsea,22-273,1999,13.1,0.23,0.38,0.31,80,0.38,0.31,0.6,0.75,14.5,0,0,0,0.06,0.06,0.17,0.17,0.17,Matches
75,Calum Chambers,,eng ENG,DF,Arsenal,27-074,1995,1.9,0,1.05,0,0,1.06,0,0,,20.3,0,0,0,0.05,0.05,0.04,-0.05,-0.05,Matches
76,Calum Chambers,,eng ENG,DF,Aston Villa,27-074,1995,5,0.2,0.4,0.2,50,0.4,0.2,0.5,1,15.5,0,0,0,0.02,0.02,0.05,0.18,0.18,Matches
77,Daniel Chesters,,eng ENG,MF,West Ham,20-000,2002,0,0,0,0,,0,0,,,,0,0,0,0,0,,0,0,Matches
78,Ben Chilwell,,eng ENG,DF,Chelsea,25-104,1996,6,0.5,2.17,1,46.2,2.17,1,0.23,0.5,17.9,0,0,0,0.2,0.2,0.09,0.3,0.3,Matches
79,Chiquinho,,pt POR,MFDF,Wolves,22-058,2000,0.6,0,3.33,1.67,50,3.46,1.73,0,0,6.5,0,0,0,0.33,0.33,0.11,-0.33,-0.33,Matches
80,Hamza Choudhury,,eng ENG,DFMF,Leicester City,24-185,1997,3.2,0,0.31,0,0,0.32,0,0,,12.8,0,0,0,0,0,0.02,0,0,Matches
81,Andreas Christensen,,dk DEN,DF,Chelsea,25-359,1996,14.1,0,0.35,0,0,0.35,0,0,,19.6,0,0,0,0.03,0.03,0.08,-0.03,-0.03,Matches
82,Carney Chukwuemeka,,eng ENG,MFFW,Aston Villa,18-087,2004,2.2,0,1.36,0.45,33.3,1.39,0.46,0,0,16.7,0,0,0,0.23,0.23,0.16,-0.23,-0.23,Matches
83,Ciaran Clark,,ie IRL,DF,Newcastle Utd,32-190,1989,11.3,0,0.62,0.09,14.3,0.62,0.09,0,0,7,0,0,0,0.07,0.07,0.11,-0.07,-0.07,Matches
84,Tom Cleverley,,eng ENG,MF,Watford,32-235,1989,15.3,0,0.78,0.46,58.3,0.78,0.46,0,0,23.2,0,0,0,0.05,0.05,0.06,-0.05,-0.05,Matches
85,Nathaniel Clyne,,eng ENG,DF,Crystal Palace,30-364,1991,6,0,0.17,0.17,100,0.17,0.17,0,0,28.6,0,0,0,0,0,0.02,0,0,Matches
86,Conor Coady,,eng ENG,DF,Wolves,29-038,1993,30.8,0.1,0.36,0.1,27.3,0.36,0.1,0.27,1,12.2,0,0,0,0.06,0.06,0.16,0.04,0.04,Matches
87,Seamus Coleman,,ie IRL,DF,Everton,33-175,1988,21.6,0.05,0.37,0.05,12.5,0.37,0.05,0.13,1,17.2,0,0,0,0.05,0.05,0.12,0,0,Matches
88,Nathan Collins,,ie IRL,DF,Burnley,20-339,2001,8.6,0,0.35,0.12,33.3,0.35,0.12,0,0,6.3,0,0,0,0.05,0.05,0.14,-0.05,-0.05,Matches
89,Aaron Connolly,,ie IRL,FW,Brighton,22-066,2000,1.7,0,1.18,0,0,1.15,0,0,,14.9,0,0,0,0.29,0.29,0.23,-0.29,-0.29,Matches
90,Liam Cooper,,sct SCO,DF,Leeds United,30-217,1991,15.2,0,0.26,0,0,0.26,0,0,,11,0,0,0,0.01,0.01,0.06,-0.01,-0.01,Matches
91,Jack Cork,,eng ENG,MF,Burnley,32-283,1989,10.6,0,0.28,0,0,0.28,0,0,,22.8,0,0,0,0.01,0.01,0.03,-0.01,-0.01,Matches
92,Maxwel Cornet,,ci CIV,FWMF,Burnley,25-189,1996,12.7,0.47,2.2,1.1,50,2.21,1.1,0.21,0.43,17.1,0.31,0,0,0.24,0.24,0.11,0.24,0.24,Matches
93,Helder Costa,,ao ANG,MF,Leeds United,28-082,1994,0.2,0,5,0,0,4.09,0,0,,22.4,0,0,0,0,0,0.03,0,0,Matches
94,Vladimir Coufal,,cz CZE,DF,West Ham,29-225,1992,18.7,0,0.59,0.21,36.4,0.59,0.21,0,0,17,0,0,0,0.03,0.03,0.06,-0.03,-0.03,Matches
95,Philippe Coutinho,,br BRA,MFFW,Aston Villa,29-296,1992,9.4,0.43,2.98,1.28,42.9,2.98,1.28,0.14,0.33,18.6,0.43,0,0,0.37,0.37,0.12,0.05,0.05,Matches
96,Aaron Cresswell,,eng ENG,DF,West Ham,32-110,1989,23.3,0.09,0.6,0.13,21.4,0.6,0.13,0.14,0.67,21.4,0.34,0,0,0.03,0.03,0.06,0.05,0.05,Matches
97,Charlie Cresswell,,eng ENG,DF,Leeds United,19-118,2002,1.6,0,0.63,0,0,0.64,0,0,,10,0,0,0,0.06,0.06,0.08,-0.06,-0.06,Matches
98,Cucho,,co COL,FWMF,Watford,22-349,1999,12.1,0.41,2.81,0.83,29.4,2.81,0.83,0.15,0.5,18.5,0.41,0,0,0.21,0.21,0.08,0.21,0.21,Matches
99,Marc Cucurella,,es ESP,DF,Brighton,23-256,1998,26.3,0,0.49,0.08,15.4,0.49,0.08,0,0,22.3,0,0,0,0.02,0.02,0.03,-0.02,-0.02,Matches
100,Luke Cundle,,eng ENG,MF,Wolves,19-343,2002,0.9,0,0,0,,0,0,,,,0,0,0,0,0,,0,0,Matches
101,Patson Daka,,zm ZAM,FW,Leicester City,23-177,1998,8.5,0.47,2.24,1.29,57.9,2.23,1.29,0.21,0.36,15,0,0,0,0.39,0.39,0.17,0.08,0.08,Matches
102,Stuart Dallas,,nir NIR,DFMF,Leeds United,30-350,1991,29.9,0.03,0.97,0.27,27.6,0.97,0.27,0.03,0.13,21,0,0,0,0.06,0.06,0.07,-0.03,-0.03,Matches
103,Diogo Dalot,,pt POR,DF,Manchester Utd,23-017,1999,13.1,0,0.69,0.23,33.3,0.68,0.23,0,0,21.3,0,0,0,0.03,0.03,0.05,-0.03,-0.03,Matches
104,Karl Darlow,,eng ENG,GK,Newcastle Utd,31-178,1990,8,0,0,0,,0,0,,,,0,0,0,0,0,,0,0,Matches
105,Josh Dasilva,,eng ENG,MFFW,Brentford,23-163,1998,1.5,0,0,0,,0,0,,,,0,0,0,0,0,,0,0,Matches
106,Ben Davies,,wls WAL,DF,Tottenham,28-345,1993,20.3,0.05,0.64,0.25,38.5,0.64,0.25,0.08,0.2,15.4,0,0,0,0.07,0.07,0.11,-0.02,-0.02,Matches
107,Tom Davies,,eng ENG,MF,Everton,23-278,1998,1.8,0.56,3.33,1.11,33.3,3.42,1.14,0.17,0.5,16.4,0,0,0,0.5,0.5,0.15,0.06,0.06,Matches
108,Keinan Davis,,eng ENG,FW,Aston Villa,24-050,1998,0.1,0,0,0,,0,0,,,,0,0,0,0,0,,0,0,Matches
109,Craig Dawson,,eng ENG,DF,West Ham,31-333,1990,24.9,0.08,0.88,0.2,22.7,0.88,0.2,0.09,0.4,7.9,0,0,0,0.1,0.1,0.11,-0.02,-0.02,Matches
110,Kevin De Bruyne,,be BEL,MF,Manchester City,30-280,1991,17.9,0.56,3.13,1.34,42.9,3.12,1.34,0.18,0.42,18.6,0.17,0,0,0.26,0.26,0.08,0.3,0.3,Matches
111,Troy Deeney,,eng ENG,FW,Watford,33-279,1988,0.3,0,6.67,0,0,7.2,0,0,,9,0,0,0,1.33,1.33,0.2,-1.33,-1.33,Matches
112,Liam Delap,,eng ENG,FW,Manchester City,19-055,2003,0.1,0,0,0,,0,0,,,,0,0,0,0,0,,0,0,Matches
113,Fabian Delph,,eng ENG,MF,Everton,32-134,1989,2.8,0,0.36,0,0,0.36,0,0,,28,0,0,0,0,0,0.02,0,0,Matches
114,Leander Dendoncker,,be BEL,MF,Wolves,26-354,1995,16.7,0.06,1.08,0.42,38.9,1.08,0.42,0.06,0.14,15.4,0,0,0,0.1,0.1,0.09,-0.04,-0.04,Matches
115,Emmanuel Dennis,,ng NGA,FWMF,Watford,24-140,1997,24.3,0.37,2.22,0.99,44.4,2.22,0.99,0.17,0.38,14.6,0.16,0,0,0.28,0.28,0.13,0.09,0.09,Matches
116,Kiernan Dewsbury Hall,,eng ENG,MF,Leicester City,23-210,1998,14.7,0,0.95,0.07,7.1,0.95,0.07,0,0,21,0.07,0,0,0.07,0.07,0.07,-0.07,-0.07,Matches
117,Ibrahima Diallo,,fr FRA,MF,Southampton,23-027,1999,9.4,0,0.85,0.43,50,0.85,0.43,0,0,20.6,0,0,0,0.05,0.05,0.06,-0.05,-0.05,Matches
118,Raphael Dias Belloli,,br BRA,FWMF,Leeds United,25-111,1996,26,0.35,2.77,0.65,23.6,2.77,0.65,0.08,0.35,20.3,0.35,0.12,0.12,0.36,0.27,0.1,-0.02,-0.04,Matches
119,Ruben Dias,,pt POR,DF,Manchester City,24-325,1997,23.7,0.08,0.63,0.13,20,0.63,0.13,0.13,0.67,11.6,0,0,0,0.06,0.06,0.1,0.02,0.02,Matches
120,Luis Diaz,,co COL,FW,Liverpool,25-081,1997,5.5,0.36,3.45,1.27,36.8,3.45,1.27,0.11,0.29,17.3,0,0,0,0.42,0.42,0.12,-0.05,-0.05,Matches
121,Eric Dier,,eng ENG,DF,Tottenham,28-079,1994,26.1,0,0.42,0.11,27.3,0.42,0.11,0,0,14.2,0.15,0,0,0.03,0.03,0.09,-0.03,-0.03,Matches
122,Lucas Digne,,fr FRA,DF,Aston Villa,28-258,1993,7.2,0,0.83,0.14,16.7,0.83,0.14,0,0,14.1,0.14,0,0,0.07,0.07,0.08,-0.07,-0.07,Matches
123,Lucas Digne,,fr FRA,DF,Everton,28-258,1993,13,0,0.69,0.08,11.1,0.69,0.08,0,0,21.1,0.23,0,0,0.03,0.03,0.05,-0.03,-0.03,Matches
124,Virgil van Dijk,,nl NED,DF,Liverpool,30-270,1991,28,0.11,1,0.39,39.3,1,0.39,0.11,0.27,11.4,0.04,0,0,0.07,0.07,0.07,0.03,0.03,Matches
125,Issa Diop,,fr FRA,DF,West Ham,25-085,1997,9,0,0.11,0.11,100,0.11,0.11,0,0,7.2,0,0,0,0.01,0.01,0.05,-0.01,-0.01,Matches
126,Moussa Djenepo,,ml MLI,MF,Southampton,23-293,1998,4.9,0,2.04,0.2,10,2.05,0.21,0,0,15.9,0,0,0,0.31,0.31,0.15,-0.31,-0.31,Matches
127,Lewis Dobbin,,eng ENG,FWMF,Everton,19-091,2003,0.4,0,0,0,,0,0,,,,0,0,0,0,0,,0,0,Matches
128,Matt Doherty,,ie IRL,DF,Tottenham,30-078,1992,9.5,0.21,1.58,0.63,40,1.58,0.63,0.13,0.33,13.7,0,0,0,0.26,0.26,0.16,-0.05,-0.05,Matches
129,Gabriel Dos Santos,,br BRA,DF,Arsenal,24-106,1997,24.4,0.12,0.86,0.29,33.3,0.86,0.29,0.14,0.43,11.4,0,0,0,0.08,0.08,0.09,0.05,0.05,Matches
130,Abdoulaye Doucoure,,ml MLI,MF,Everton,29-093,1993,20.7,0.1,1.21,0.29,24,1.21,0.29,0.08,0.33,16.9,0,0,0,0.09,0.09,0.08,0,0,Matches
131,Kieran Dowell,,eng ENG,MFFW,Norwich City,24-176,1997,4,0,0.75,0,0,0.76,0,0,,26,0.5,0,0,0.05,0.05,0.05,-0.05,-0.05,Matches
132,Cody Drameh,,eng ENG,DF,Leeds United,20-117,2001,1.4,0,0,0,,0,0,,,,0,0,0,0,0,,0,0,Matches
133,Martin Dubravka,,sk SVK,GK,Newcastle Utd,33-079,1989,18,0,0,0,,0,0,,,,0,0,0,0,0,,0,0,Matches
134,Shane Duffy,,ie IRL,DF,Brighton,30-093,1992,16,0.06,1.31,0.31,23.8,1.32,0.31,0.05,0.2,9.4,0,0,0,0.08,0.08,0.06,-0.02,-0.02,Matches
135,Paul Dummett,,wls WAL,DF,Newcastle Utd,30-190,1991,2.2,0,0,0,,0,0,,,,0,0,0,0,0,,0,0,Matches
136,Lewis Dunk,,eng ENG,DF,Brighton,30-134,1991,20.6,0.05,0.73,0.24,33.3,0.73,0.24,0.07,0.2,9.7,0,0,0,0.05,0.05,0.07,0,0,Matches
137,Ederson,,br BRA,GK,Manchester City,28-230,1993,29,0,0,0,,0,0,,,,0,0,0,0,0,,0,0,Matches
138,Odsonne Edouard,,fr FRA,FW,Crystal Palace,24-078,1998,14.1,0.43,2.41,0.99,41.2,2.41,0.99,0.15,0.36,13,0,0.07,0.07,0.46,0.4,0.17,-0.04,-0.05,Matches
139,Anthony Elanga,,se SWE,FW,Manchester Utd,19-342,2002,7.1,0.28,1.97,0.56,28.6,1.97,0.56,0.14,0.5,14.5,0,0,0,0.34,0.34,0.17,-0.06,-0.06,Matches
140,Harvey Elliott,,eng ENG,MF,Liverpool,19-000,2003,3.1,0,2.26,0.32,14.3,2.23,0.32,0,0,16.3,0,0,0,0.23,0.23,0.11,-0.23,-0.23,Matches
141,Mohamed Elneny,,eg EGY,MF,Arsenal,29-267,1992,2,0,0.5,0,0,0.51,0,0,,23,0,0,0,0,0,0.02,0,0,Matches
142,Mohamed Elyounoussi,,no NOR,MF,Southampton,27-243,1994,17.8,0.22,2.25,0.9,40,2.25,0.9,0.1,0.25,13.7,0,0,0,0.31,0.31,0.15,-0.09,-0.09,Matches
143,Emerson,,br BRA,DF,Tottenham,23-080,1999,17.7,0.06,0.51,0.11,22.2,0.51,0.11,0.11,0.5,13.5,0,0,0,0.06,0.06,0.11,0,0,Matches
144,Christian Eriksen,,dk DEN,MF,Brentford,30-049,1992,3.4,0.29,1.47,0.59,40,1.46,0.58,0.2,0.5,20.7,0.29,0,0,0.24,0.24,0.16,0.06,0.06,Matches
145,Oghenekaro Etebo,,ng NGA,MF,Watford,26-146,1995,4.3,0,0.7,0,0,0.69,0,0,,30.9,0,0,0,0,0,0.02,0,0,Matches
146,Jonny Evans,,nir NIR,DF,Leicester City,34-091,1988,9.4,0.11,0.32,0.21,66.7,0.32,0.21,0.33,0.5,5.7,0,0,0,0.07,0.07,0.25,0.03,0.03,Matches
147,Eberechi Eze,,eng ENG,MFFW,Crystal Palace,23-279,1998,1.6,0,1.25,0,0,1.27,0,0,,26.6,0,0,0,0,0,0.02,0,0,Matches
148,Lukasz Fabianski,,pl POL,GK,West Ham,36-351,1985,30,0,0,0,,0,0,,,,0,0,0,0,0,,0,0,Matches
149,Fabinho,,br BRA,MF,Liverpool,28-163,1993,21.2,0.24,0.75,0.33,43.8,0.75,0.33,0.19,0.43,18,0,0.09,0.09,0.16,0.08,0.12,0.08,0.06,Matches
150,Kiko Femenia,,es ESP,DF,Watford,31-061,1991,18.8,0,0.11,0,0,0.11,0,0,,21.2,0,0,0,0,0,0.02,0,0,Matches
151,Evan Ferguson,,ie IRL,MF,Brighton,17-167,2004,0.3,0,0,0,,0,0,,,,0,0,0,0,0,,0,0,Matches
152,Nathan Ferguson,,eng ENG,DF,Crystal Palace,21-180,2000,0.1,0,0,0,,0,0,,,,0,0,0,0,0,,0,0,Matches
153,Bruno Fernandes,,pt POR,MF,Manchester Utd,27-208,1994,26.6,0.34,2.56,0.86,33.8,2.55,0.86,0.13,0.39,20.7,0.19,0,0.04,0.29,0.26,0.1,0.05,0.08,Matches
154,Alvaro Fernandez,,es ESP,GK,Brentford,23-356,1998,12,0,0,0,,0,0,,,,0,0,0,0,0,,0,0,Matches
155,Federico Fernandez,,ar ARG,DF,Newcastle Utd,33-042,1989,5.8,0,1.03,0.17,16.7,1.03,0.17,0,0,9.2,0,0,0,0.07,0.07,0.07,-0.07,-0.07,Matches
156,Fernandinho,,br BRA,MF,Manchester City,36-335,1985,6.8,0.15,1.62,0.15,9.1,1.62,0.15,0.09,1,15.8,0,0,0,0.21,0.21,0.12,-0.06,-0.06,Matches
157,Roberto Firmino,,br BRA,FW,Liverpool,30-184,1991,9.8,0.51,2.45,1.02,41.7,2.45,1.02,0.21,0.5,14,0,0,0,0.49,0.49,0.2,0.02,0.02,Matches
158,Junior Firpo,,es ESP,DF,Leeds United,25-225,1996,14.8,0,0.54,0.07,12.5,0.54,0.07,0,0,12.8,0,0,0,0.05,0.05,0.09,-0.05,-0.05,Matches
159,Ashley Fletcher,,eng ENG,FW,Watford,26-184,1995,0.3,0,6.67,3.33,50,6,3,0,0,19.9,0,0,0,1.33,1.33,0.19,-1.33,-1.33,Matches
160,Phil Foden,,eng ENG,FW,Manchester City,21-311,2000,18.6,0.38,2.74,1.08,39.2,2.75,1.08,0.14,0.35,13.9,0,0,0,0.42,0.42,0.16,-0.05,-0.05,Matches
161,Wesley Fofana,,fr FRA,DF,Leicester City,21-108,2000,1,0,1,1,100,1,1,0,0,12,0,0,0,0,0,0.04,0,0,Matches
162,Pablo Fornals,,es ESP,FWMF,West Ham,26-041,1996,25,0.24,1.52,0.44,28.9,1.52,0.44,0.16,0.55,18.1,0,0,0,0.17,0.17,0.11,0.07,0.07,Matches
163,Adam Forshaw,,eng ENG,MF,Leeds United,30-178,1991,17,0,0.82,0.24,28.6,0.82,0.24,0,0,25.5,0.06,0,0,0.02,0.02,0.03,-0.02,-0.02,Matches
164,Marcus Forss,,fi FIN,FWMF,Brentford,22-290,1999,2.3,0,2.17,0,0,2.15,0,0,,14,0,0,0,0.09,0.09,0.05,-0.09,-0.09,Matches
165,Fraser Forster,,eng ENG,GK,Southampton,34-018,1988,13,0,0,0,,0,0,,,,0,0,0,0,0,,0,0,Matches
166,Ben Foster,,eng ENG,GK,Watford,39-001,1983,19,0,0,0,,0,0,,,,0,0,0,0,0,,0,0,Matches
167,Tariqe Fosu,,gh GHA,DF,Brentford,26-150,1995,0.2,0,5,0,0,5.29,0,0,,18.4,0,0,0,0,0,0.03,0,0,Matches
168,Ryan Fraser,,sct SCO,FWMF,Newcastle Utd,28-039,1994,16,0.13,1.44,0.38,26.1,1.44,0.38,0.09,0.33,17.2,0,0,0,0.15,0.15,0.1,-0.03,-0.03,Matches
169,Fred,,br BRA,MF,Manchester Utd,29-030,1993,20.6,0.19,0.73,0.44,60,0.73,0.44,0.27,0.44,20.2,0,0,0,0.07,0.07,0.1,0.13,0.13,Matches
170,Ryan Fredericks,,eng ENG,DF,West Ham,29-176,1992,2.4,0,0,0,,0,0,,,,0,0,0,0,0,,0,0,Matches
171,Leo Fuhr Hjelde,,no NOR,DF,Leeds United,18-221,2003,1.7,0,0,0,,0,0,,,,0,0,0,0,0,,0,0,Matches
172,Conor Gallagher,,eng ENG,MF,Crystal Palace,22-057,2000,24.4,0.33,1.72,0.82,47.6,1.72,0.82,0.19,0.4,15.9,0.16,0,0,0.2,0.2,0.12,0.12,0.12,Matches
173,Dwight Gayle,,eng ENG,FW,Newcastle Utd,31-169,1990,0.4,0,2.5,0,0,2.81,0,0,,9,0,0,0,0,0,0.05,0,0,Matches
174,Jean-Philippe Gbamin,,ci CIV,MF,Everton,26-191,1995,0.7,0,0,0,,0,0,,,,0,0,0,0,0,,0,0,Matches
175,David de Gea,,es ESP,GK,Manchester Utd,31-148,1990,30,0,0,0,,0,0,,,,0,0,0,0,0,,0,0,Matches
176,Joe Gelhardt,,eng ENG,FWMF,Leeds United,19-335,2002,5.5,0.36,2.91,1.27,43.8,2.89,1.26,0.13,0.29,15.5,0,0,0,0.4,0.4,0.14,-0.04,-0.04,Matches
177,Anwar El Ghazi,,nl NED,FW,Everton,26-336,1995,0.1,0,0,0,,0,0,,,,0,0,0,0,0,,0,0,Matches
178,Anwar El Ghazi,,nl NED,FWMF,Aston Villa,26-336,1995,4.3,0.23,1.63,0.47,28.6,1.63,0.47,0,0,21.3,0,0.23,0.23,0.26,0.07,0.04,-0.02,-0.07,Matches
179,Saman Ghoddos,,ir IRN,MFDF,Brentford,28-210,1993,4.8,0.21,1.46,0.42,28.6,1.45,0.41,0.14,0.5,19.3,0.21,0,0,0.13,0.13,0.09,0.08,0.08,Matches
180,Dimitris Giannoulis,,gr GRE,DF,Norwich City,26-169,1995,7.1,0,0.28,0.14,50,0.28,0.14,0,0,19.9,0,0,0,0.01,0.01,0.03,-0.01,-0.01,Matches
181,Morgan Gibbs-White,,eng ENG,FWMF,Wolves,22-067,2000,0.1,0,20,0,0,20,0,0,,16.2,0,0,0,1,1,0.06,-1,-1,Matches
182,Ben Gibson,,eng ENG,DF,Norwich City,29-079,1993,24.7,0,0.32,0.16,50,0.32,0.16,0,0,10,0,0,0,0.05,0.05,0.15,-0.05,-0.05,Matches
183,Billy Gilmour,,sct SCO,MF,Norwich City,20-297,2001,16.7,0,0.78,0.12,15.4,0.78,0.12,0,0,22.5,0.06,0,0,0.04,0.04,0.06,-0.04,-0.04,Matches
184,Ben Godfrey,,eng ENG,DF,Everton,24-079,1998,19.5,0,0.87,0.31,35.3,0.87,0.31,0,0,17,0,0,0,0.06,0.06,0.07,-0.06,-0.06,Matches
185,Andre Gomes,,pt POR,MF,Everton,28-248,1993,5.6,0,2.14,0.36,16.7,2.15,0.36,0,0,21,0,0,0,0.11,0.11,0.05,-0.11,-0.11,Matches
186,Toti Gomes,,pt POR,DF,Wolves,23-078,1999,2,0,0,0,,0,0,,,,0,0,0,0,0,,0,0,Matches
187,Joe Gomez,,eng ENG,DF,Liverpool,24-316,1997,2.2,0,0,0,,0,0,,,,0,0,0,0,0,,0,0,Matches
188,Charlie Goode,,eng ENG,DF,Brentford,26-244,1995,5,0,0.4,0,0,0.4,0,0,,10.5,0,0,0,0.02,0.02,0.07,-0.02,-0.02,Matches
189,Anthony Gordon,,eng ENG,MFFW,Everton,21-039,2001,16.9,0.18,1.83,0.83,45.2,1.84,0.83,0.1,0.21,18.5,0.24,0,0,0.14,0.14,0.08,0.04,0.04,Matches
190,Kaide Gordon,,eng ENG,FW,Liverpool,17-181,2004,0.1,0,10,10,100,10,10,0,0,19,0,0,0,4,4,0.45,-4,-4,Matches
191,Dan Gosling,,eng ENG,MF,Watford,32-062,1990,0.2,0,0,0,,0,0,,,,0,0,0,0,0,,0,0,Matches
192,Demarai Gray,,eng ENG,MFFW,Everton,25-280,1996,19.8,0.25,2.42,0.66,27.1,2.42,0.66,0.1,0.38,19.9,0.15,0,0,0.16,0.16,0.07,0.09,0.09,Matches
193,Jack Grealish,,eng ENG,FW,Manchester City,26-206,1995,17.1,0.12,2.05,0.82,40,2.05,0.82,0.06,0.14,14.3,0,0,0,0.24,0.24,0.12,-0.12,-0.12,Matches
194,Mason Greenwood,,eng ENG,FWMF,Manchester Utd,20-185,2001,14.1,0.35,3.4,1.28,37.5,3.4,1.27,0.1,0.28,18.7,0,0,0,0.31,0.31,0.09,0.04,0.04,Matches
195,Sam Greenwood,,eng ENG,FWMF,Leeds United,20-068,2002,0.9,0,1.11,0,0,1.11,0,0,,24,1.11,0,0,0.11,0.11,0.07,-0.11,-0.11,Matches
196,Pascal Gross,,de GER,MFDF,Brighton,30-293,1991,16.3,0,0.98,0.18,18.8,0.98,0.18,0,0,17.7,0.06,0,0.06,0.13,0.08,0.08,-0.13,-0.08,Matches
197,Vicente Guaita,,es ESP,GK,Crystal Palace,35-084,1987,23.5,0,0,0,,0,0,,,,0,0,0,0,0,,0,0,Matches
198,Marc Guehi,,eng ENG,DF,Crystal Palace,21-265,2000,28,0.07,0.43,0.14,33.3,0.43,0.14,0.17,0.5,10.9,0,0,0,0.06,0.06,0.13,0.01,0.01,Matches
199,Bruno Guimaraes,,br BRA,MF,Newcastle Utd,24-139,1997,3.6,0.28,2.78,0.56,20,2.8,0.56,0.1,0.5,18.3,0,0,0,0.25,0.25,0.09,0.03,0.03,Matches
200,?lkay Gundogan,,de GER,MF,Manchester City,31-162,1990,16,0.38,2.63,0.94,35.7,2.62,0.94,0.14,0.4,13.3,0.13,0,0,0.42,0.42,0.16,-0.05,-0.05,Matches
201,Angus Gunn,,eng ENG,GK,Norwich City,26-072,1996,7,0,0,0,,0,0,,,,0,0,0,0,0,,0,0,Matches
202,Grant Hanley,,sct SCO,DF,Norwich City,30-135,1991,24.2,0.04,0.58,0.12,21.4,0.58,0.12,0.07,0.33,8.4,0,0,0,0.05,0.05,0.09,-0.01,-0.01,Matches
203,Jack Harrison,,eng ENG,FWMF,Leeds United,25-135,1996,22.9,0.26,1.48,0.61,41.2,1.48,0.61,0.18,0.43,16.1,0,0,0,0.16,0.16,0.11,0.1,0.1,Matches
204,Kortney Hause,,eng ENG,DF,Aston Villa,26-262,1995,4.4,0.23,0.45,0.45,100,0.45,0.45,0.5,0.5,10.1,0,0,0,0.02,0.02,0.04,0.2,0.2,Matches
205,Kai Havertz,,de GER,FWMF,Chelsea,22-297,1999,15.5,0.39,2.65,1.1,41.5,2.65,1.1,0.15,0.35,12.9,0,0,0,0.43,0.43,0.16,-0.05,-0.05,Matches
206,Isaac Hayden,,eng ENG,MFDF,Newcastle Utd,27-013,1995,11.1,0.09,0.54,0.09,16.7,0.54,0.09,0.17,1,12.8,0,0,0,0.04,0.04,0.07,0.05,0.05,Matches
207,Hwang Hee-chan,,kr KOR,FWMF,Wolves,26-068,1996,15.3,0.33,1.24,0.52,42.1,1.24,0.52,0.26,0.63,13.8,0,0,0,0.21,0.21,0.17,0.12,0.12,Matches
208,Jordan Henderson,,eng ENG,MF,Liverpool,31-291,1990,23.3,0.09,1.07,0.26,24,1.08,0.26,0.08,0.33,23.1,0,0,0,0.06,0.06,0.06,0.03,0.03,Matches
209,Jeff Hendrick,,ie IRL,MF,Newcastle Utd,30-063,1992,0.8,1.25,1.25,1.25,100,1.25,1.25,1,1,27,0,0,0,0,0,0.03,1.25,1.25,Matches
210,Wayne Hennessey,,wls WAL,GK,Burnley,35-070,1987,2,0,0,0,,0,0,,,,0,0,0,0,0,,0,0,Matches
211,Rico Henry,,eng ENG,DF,Brentford,24-270,1997,24.2,0.08,0.41,0.08,20,0.41,0.08,0.2,1,15.7,0,0,0,0.06,0.06,0.15,0.02,0.02,Matches
212,Son Heung-min,,kr KOR,FWMF,Tottenham,29-270,1992,25.9,0.54,2.51,1.24,49.2,2.51,1.23,0.22,0.44,16.1,0.08,0,0,0.44,0.44,0.18,0.1,0.1,Matches
213,Ki-Jana Hoever,,nl NED,DF,Wolves,20-076,2002,3.4,0,0.29,0,0,0.29,0,0,,22.2,0,0,0,0,0,0.02,0,0,Matches
214,Rob Holding,,eng ENG,DF,Arsenal,26-196,1995,4.8,0,0.63,0,0,0.62,0,0,,6.7,0,0,0,0.04,0.04,0.07,-0.04,-0.04,Matches
215,Mason Holgate,,eng ENG,DF,Everton,25-164,1996,15.8,0.06,0.32,0.06,20,0.32,0.06,0.2,1,11.7,0,0,0,0.04,0.04,0.11,0.03,0.03,Matches
216,Callum Hudson-Odoi,,eng ENG,FWMF,Chelsea,21-148,2000,10.7,0.09,1.59,0.65,41.2,1.59,0.65,0.06,0.14,13.2,0,0,0,0.2,0.2,0.12,-0.1,-0.1,Matches
217,Will Hughes,,eng ENG,MF,Crystal Palace,26-352,1995,9.1,0,0.55,0,0,0.55,0,0,,21.7,0,0,0,0.01,0.01,0.03,-0.01,-0.01,Matches
218,Pierre Hojbjerg,,dk DEN,MF,Tottenham,26-242,1995,27.5,0.07,0.91,0.36,40,0.91,0.36,0.08,0.2,21.2,0.04,0,0,0.07,0.07,0.07,0,0,Matches
219,Adam Idah,,ie IRL,FWMF,Norwich City,21-024,2001,6.9,0.14,2.03,0.58,28.6,2.02,0.58,0.07,0.25,12.4,0,0,0,0.29,0.29,0.14,-0.14,-0.14,Matches
220,Kelechi Iheanacho,,ng NGA,FW,Leicester City,25-183,1996,10.2,0.29,2.25,0.78,34.8,2.25,0.78,0.13,0.38,16.4,0,0,0,0.29,0.29,0.13,0,0,Matches
221,Danny Ings,,eng ENG,FW,Aston Villa,29-255,1992,16.9,0.3,1.78,0.65,36.7,1.77,0.65,0.13,0.36,13.8,0,0.06,0.06,0.27,0.23,0.13,0.02,0.01,Matches
222,Tim Iroegbunam,,eng ENG,MF,Aston Villa,18-278,2003,0.1,0,0,0,,0,0,,,,0,0,0,0,0,,0,0,Matches
223,Alex Iwobi,,ng NGA,MFFW,Everton,25-336,1996,12.6,0.16,1.51,0.48,31.6,1.51,0.48,0.11,0.33,15.5,0,0,0,0.12,0.12,0.08,0.04,0.04,Matches
224,Daniel James,,wls WAL,FW,Manchester Utd,24-145,1997,1.4,0,2.86,0.71,25,2.86,0.71,0,0,17.3,0,0,0,0.14,0.14,0.06,-0.14,-0.14,Matches
225,Daniel James,,wls WAL,FWMF,Leeds United,24-145,1997,23.1,0.17,2.21,0.65,29.4,2.2,0.65,0.08,0.27,15.6,0,0,0,0.22,0.22,0.1,-0.05,-0.05,Matches
226,Reece James,,eng ENG,DF,Chelsea,22-117,1999,13.5,0.37,1.7,0.59,34.8,1.7,0.59,0.22,0.63,19.1,0.3,0,0,0.15,0.15,0.09,0.22,0.22,Matches
227,Vitaly Janelt,,de GER,MF,Brentford,23-329,1998,20.7,0.19,1.26,0.53,42.3,1.26,0.53,0.15,0.36,17.6,0,0,0,0.12,0.12,0.1,0.07,0.07,Matches
228,Pontus Jansson,,se SWE,DF,Brentford,31-050,1991,30.9,0.03,0.55,0.23,41.2,0.55,0.23,0.06,0.14,8,0,0,0,0.06,0.06,0.11,-0.03,-0.03,Matches
229,Mathias Jensen,,dk DEN,MF,Brentford,26-093,1996,13.7,0,0.88,0.36,41.7,0.88,0.37,0,0,25.6,0,0,0,0.1,0.1,0.12,-0.1,-0.1,Matches
230,Gabriel Jesus,,br BRA,FW,Manchester City,25-001,1997,15.2,0.13,2.96,0.86,28.9,2.97,0.86,0.04,0.15,13.1,0,0,0,0.39,0.39,0.13,-0.26,-0.26,Matches
231,Raul Jimenez,,mx MEX,FW,Wolves,30-334,1991,23.9,0.25,2.18,0.54,25,2.17,0.54,0.1,0.38,15.6,0.04,0.04,0.04,0.26,0.23,0.11,0,-0.03,Matches
232,Joelinton,,br BRA,MFFW,Newcastle Utd,25-233,1996,21.6,0.09,1.57,0.46,29.4,1.58,0.46,0.06,0.2,16.6,0,0,0,0.13,0.13,0.08,-0.03,-0.03,Matches
233,Ben Johnson,,eng ENG,DF,West Ham,22-070,2000,13.4,0.07,0.22,0.07,33.3,0.22,0.07,0.33,1,24.4,0,0,0,0.01,0.01,0.02,0.07,0.07,Matches
234,Curtis Jones,,eng ENG,MF,Liverpool,21-064,2001,7.8,0.13,1.79,0.77,42.9,1.8,0.77,0.07,0.17,22.2,0,0,0,0.09,0.09,0.05,0.04,0.04,Matches
235,Phil Jones,,eng ENG,DF,Manchester Utd,30-042,1992,1,0,0,0,,0,0,,,,0,0,0,0,0,,0,0,Matches
236,Jorginho,,it ITA,MF,Chelsea,30-105,1991,20.8,0.29,0.38,0.1,25,0.39,0.1,0,0,28.8,0,0.29,0.29,0.24,0.02,0.05,0.05,-0.02,Matches
237,Diogo Jota,,pt POR,FW,Liverpool,25-121,1996,20.4,0.69,3.53,1.32,37.5,3.52,1.32,0.19,0.52,11.3,0,0,0,0.68,0.68,0.19,0.01,0.01,Matches
238,James Justin,,eng ENG,DF,Leicester City,24-040,1998,5.1,0,0.59,0.2,33.3,0.59,0.2,0,0,11.4,0,0,0,0.1,0.1,0.18,-0.1,-0.1,Matches
239,Mathias Jorgensen,,dk DEN,DF,Brentford,31-346,1990,4.8,0.21,0.42,0.21,50,0.42,0.21,0.5,1,6.9,0,0,0,0.02,0.02,0.05,0.19,0.19,Matches
240,Ozan Kabak,,tr TUR,DF,Norwich City,22-010,2000,10.2,0,0.39,0.2,50,0.39,0.2,0,0,15,0,0,0,0.02,0.02,0.05,-0.02,-0.02,Matches
241,Christian Kabasele,,be BEL,DF,Watford,31-039,1991,6.3,0,0.48,0,0,0.48,0,0,,13.5,0,0,0,0.05,0.05,0.1,-0.05,-0.05,Matches
242,Samuel Kalu,,ng NGA,FWMF,Watford,24-221,1997,0.5,0,2,2,100,1.91,1.91,0,0,28.3,0,0,0,0,0,0.02,0,0,Matches
243,Hassane Kamara,,ci CIV,DF,Watford,27-197,1994,11.9,0,0.25,0,0,0.25,0,0,,27.6,0,0,0,0.01,0.01,0.02,-0.01,-0.01,Matches
244,Harry Kane,,eng ENG,FW,Tottenham,28-250,1993,27.9,0.43,3.51,1.4,39.8,3.51,1.4,0.1,0.26,17.2,0.29,0.07,0.07,0.54,0.48,0.14,-0.11,-0.13,Matches
245,N'Golo Kante,,fr FRA,MF,Chelsea,31-006,1991,14,0.14,0.79,0.43,54.5,0.79,0.43,0.18,0.33,18.3,0,0,0,0.09,0.09,0.11,0.06,0.06,Matches
246,Edo Kayembe,,cd COD,MF,Watford,23-244,1998,4.6,0,0.43,0,0,0.43,0,0,,25.3,0,0,0,0.02,0.02,0.03,-0.02,-0.02,Matches
247,Moise Kean,,it ITA,FW,Everton,22-035,2000,0,0,0,0,,0,0,,,,0,0,0,0,0,,0,0,Matches
248,Michael Keane,,eng ENG,DF,Everton,29-083,1993,25.2,0.08,0.6,0.16,26.7,0.59,0.16,0.13,0.5,12.5,0,0,0,0.04,0.04,0.06,0.04,0.04,Matches
249,Naby Keita,,gn GUI,MF,Liverpool,27-053,1995,9.2,0.22,2.07,0.65,31.6,2.06,0.65,0.11,0.33,22.1,0,0,0,0.13,0.13,0.06,0.09,0.09,Matches
250,Caoimhin Kelleher,,ie IRL,GK,Liverpool,23-132,1998,2,0,0,0,,0,0,,,,0,0,0,0,0,,0,0,Matches
251,Jonjoe Kenny,,eng ENG,DF,Everton,25-020,1997,8.8,0,0.45,0,0,0.45,0,0,,22.2,0,0,0,0.03,0.03,0.07,-0.03,-0.03,Matches
252,Max Kilman,,eng ENG,DF,Wolves,24-316,1997,28.9,0.03,0.45,0.14,30.8,0.45,0.14,0.08,0.25,8.8,0,0,0,0.03,0.03,0.08,0,0,Matches
253,Joshua King,,no NOR,FW,Watford,30-079,1992,22,0.23,2.09,0.77,37,2.09,0.77,0.09,0.24,14.7,0,0.05,0.05,0.35,0.31,0.15,-0.12,-0.13,Matches
254,Kristoffer Klaesson,,no NOR,GK,Leeds United,21-128,2000,0.4,0,0,0,,0,0,,,,0,0,0,0,0,,0,0,Matches
255,Mateusz Klich,,pl POL,MF,Leeds United,31-295,1990,19.1,0.05,1.94,0.79,40.5,1.94,0.79,0.03,0.07,20.3,0,0,0,0.13,0.13,0.07,-0.08,-0.08,Matches
256,Robin Koch,,de GER,MFDF,Leeds United,25-261,1996,11.2,0,0.8,0.09,11.1,0.8,0.09,0,0,16.4,0,0,0,0.04,0.04,0.05,-0.04,-0.04,Matches
257,Sead Kolasinac,,ba BIH,DF,Arsenal,28-288,1993,1,0,0,0,,0,0,,,,0,0,0,0,0,,0,0,Matches
258,Ibrahima Konate,,fr FRA,DF,Liverpool,22-314,1999,8,0,0.25,0,0,0.25,0,0,,9.5,0,0,0,0.01,0.01,0.06,-0.01,-0.01,Matches
259,Ezri Konsa,,eng ENG,DF,Aston Villa,24-163,1997,23,0.09,0.57,0.26,46.2,0.57,0.26,0.15,0.33,6.9,0,0,0,0.06,0.06,0.11,0.03,0.03,Matches
260,Cheikhou Kouyate,,sn SEN,MF,Crystal Palace,32-104,1989,18.5,0,0.32,0,0,0.32,0,0,,18.9,0,0,0,0.03,0.03,0.09,-0.03,-0.03,Matches
261,Mateo Kova?i?,,hr CRO,MF,Chelsea,27-333,1994,14.5,0.14,1.31,0.28,21.1,1.31,0.28,0.11,0.5,20.6,0.07,0,0,0.09,0.09,0.07,0.05,0.05,Matches
262,Emil Krafth,,se SWE,DF,Newcastle Utd,27-245,1994,11.5,0,0.43,0.09,20,0.44,0.09,0,0,17.6,0,0,0,0.02,0.02,0.05,-0.02,-0.02,Matches
263,Alex Kral,,cz CZE,MF,West Ham,23-320,1998,0,0,0,0,,0,0,,,,0,0,0,0,0,,0,0,Matches
264,Tim Krul,,nl NED,GK,Norwich City,34-001,1988,23,0,0,0,,0,0,,,,0,0,0,0,0,,0,0,Matches
265,Juraj Kucka,,sk SVK,MF,Watford,35-037,1987,18.6,0.05,1.83,0.54,29.4,1.83,0.54,0.03,0.1,20.8,0.16,0,0,0.12,0.12,0.07,-0.06,-0.06,Matches
266,Dejan Kulusevski,,se SWE,MFFW,Tottenham,21-344,2000,8.4,0.24,2.26,0.6,26.3,2.26,0.6,0.11,0.4,17.6,0,0,0,0.29,0.29,0.13,-0.05,-0.05,Matches
267,Alexandre Lacazette,,fr FRA,FWMF,Arsenal,30-311,1991,17,0.24,2.24,0.71,31.6,2.24,0.71,0.05,0.17,14.7,0.06,0.12,0.18,0.45,0.32,0.14,-0.21,-0.2,Matches
268,Adam Lallana,,eng ENG,MF,Brighton,33-329,1988,16.8,0,1.19,0.24,20,1.19,0.24,0,0,18.8,0,0,0,0.07,0.07,0.06,-0.07,-0.07,Matches
269,Tariq Lamptey,,eng ENG,DFFW,Brighton,21-186,2000,15.2,0,1.05,0.2,18.8,1.05,0.2,0,0,19.1,0,0,0,0.05,0.05,0.04,-0.05,-0.05,Matches
270,Manuel Lanzini,,ar ARG,MF,West Ham,29-048,1993,14.7,0.27,0.75,0.27,36.4,0.75,0.27,0.18,0.5,21.6,0.07,0.14,0.14,0.17,0.07,0.09,0.1,0.07,Matches
271,Aymeric Laporte,,es ESP,DF,Manchester City,27-312,1994,24.1,0.12,1.24,0.21,16.7,1.24,0.21,0.1,0.6,10.5,0,0,0,0.15,0.15,0.12,-0.02,-0.02,Matches
272,Jamaal Lascelles,,eng ENG,DF,Newcastle Utd,28-144,1993,19.1,0.05,0.68,0.1,15.4,0.68,0.1,0.08,0.5,8.7,0,0,0,0.04,0.04,0.05,0.02,0.02,Matches
273,Pierre Lees-Melou,,fr FRA,MF,Norwich City,28-314,1993,18.5,0,1.3,0.38,29.2,1.3,0.38,0,0,23.3,0,0,0,0.06,0.06,0.05,-0.06,-0.06,Matches
274,Aaron Lennon,,eng ENG,MF,Burnley,34-353,1987,12.9,0.16,0.54,0.16,28.6,0.54,0.15,0.29,1,22.7,0,0,0,0.05,0.05,0.09,0.11,0.11,Matches
275,Bernd Leno,,de GER,GK,Arsenal,30-031,1992,4,0,0,0,,0,0,,,,0,0,0,0,0,,0,0,Matches
276,Jamal Lewis,,nir NIR,DF,Newcastle Utd,24-069,1998,2.9,0,0,0,,0,0,,,,0,0,0,0,0,,0,0,Matches
277,Victor Lindelof,,se SWE,DF,Manchester Utd,27-261,1994,18.2,0,0.16,0.05,33.3,0.17,0.06,0,0,7.9,0,0,0,0.01,0.01,0.07,-0.01,-0.01,Matches
278,Jesse Lingard,,eng ENG,FW,Manchester Utd,29-110,1992,2.3,0.87,2.17,1.74,80,2.14,1.71,0.4,0.5,17.9,0,0,0,0.13,0.13,0.07,0.74,0.74,Matches
279,Valentino Livramento,,eng ENG,DF,Southampton,19-143,2002,23.2,0.04,0.47,0.13,27.3,0.47,0.13,0.09,0.33,14.7,0,0,0,0.05,0.05,0.1,0,0,Matches
280,Diego Llorente,,es ESP,DF,Leeds United,28-231,1993,20,0.1,0.35,0.1,28.6,0.35,0.1,0.29,1,7.9,0,0,0,0.04,0.04,0.13,0.06,0.06,Matches
281,Hugo Lloris,,fr FRA,GK,Tottenham,35-099,1986,30,0,0,0,,0,0,,,,0,0,0,0,0,,0,0,Matches
282,Giovani Lo Celso,,ar ARG,MFFW,Tottenham,25-360,1996,2.6,0,3.46,0,0,3.4,0,0,,18.5,0.38,0,0,0.27,0.27,0.08,-0.27,-0.27,Matches
283,Jurgen Locadia,,nl NED,FW,Brighton,28-148,1993,0.3,0,3.33,0,0,3.91,0,0,,20,0,0,0,0.33,0.33,0.11,-0.33,-0.33,Matches
284,Ruben Loftus-Cheek,,eng ENG,MF,Chelsea,26-071,1996,9.7,0,1.55,0.41,26.7,1.55,0.41,0,0,17.3,0,0,0,0.1,0.1,0.07,-0.1,-0.1,Matches
285,Kevin Long,,ie IRL,DF,Burnley,31-229,1990,1,0,1,0,0,1,0,0,,10.4,0,0,0,0,0,0.02,0,0,Matches
286,Shane Long,,ie IRL,FWMF,Southampton,35-072,1987,1.6,0.63,2.5,1.25,50,2.55,1.28,0.25,0.5,8.4,0,0,0,0.37,0.37,0.15,0.25,0.25,Matches
287,Sean Longstaff,,eng ENG,MF,Newcastle Utd,24-156,1997,12.2,0.08,1.07,0.16,15.4,1.06,0.16,0.08,0.5,24.3,0.08,0,0,0.09,0.09,0.08,-0.01,-0.01,Matches
288,Ademola Lookman,,ng NGA,FWMF,Leicester City,24-166,1997,12.7,0.31,1.57,0.71,45,1.58,0.71,0.2,0.44,13.9,0,0,0,0.3,0.3,0.19,0.02,0.02,Matches
289,Jonas Lossl,,dk DEN,GK,Brentford,33-062,1989,2,0,0,0,,0,0,,,,0,0,0,0,0,,0,0,Matches
290,Imran Louza,,ma MAR,MF,Watford,22-338,1999,11.9,0,0.84,0.25,30,0.84,0.25,0,0,27.5,0.34,0,0,0.03,0.03,0.04,-0.03,-0.03,Matches
291,Matthew Lowton,,eng ENG,DF,Burnley,32-299,1989,16.8,0.06,0.48,0.12,25,0.48,0.12,0.13,0.5,20.3,0,0,0,0.03,0.03,0.07,0.03,0.03,Matches
292,Douglas Luiz,,br BRA,MF,Aston Villa,23-330,1998,23.1,0.04,0.82,0.26,31.6,0.82,0.26,0.05,0.17,25.4,0.3,0,0,0.06,0.06,0.07,-0.01,-0.01,Matches
293,Romelu Lukaku,,be BEL,FW,Chelsea,28-326,1993,13.8,0.36,2.1,0.72,34.5,2.11,0.73,0.17,0.5,12.3,0.07,0,0,0.33,0.33,0.16,0.04,0.04,Matches
294,Lyanco,,br BRA,DF,Southampton,25-062,1997,6.1,0,0.66,0,0,0.65,0,0,,14.8,0,0,0,0.03,0.03,0.04,-0.03,-0.03,Matches
295,Alexis Mac Allister,,ar ARG,MFFW,Brighton,23-101,1998,15.9,0.25,2.83,0.5,17.8,2.84,0.5,0.07,0.38,20.4,0.19,0.06,0.06,0.23,0.18,0.06,0.03,0.01,Matches
296,James Maddison,,eng ENG,MFFW,Leicester City,25-132,1996,20.1,0.4,2.69,1.19,44.4,2.69,1.19,0.15,0.33,19.7,0.45,0,0,0.28,0.28,0.1,0.12,0.12,Matches
297,Harry Maguire,,eng ENG,DF,Manchester Utd,29-030,1993,23.7,0.04,0.8,0.38,47.4,0.8,0.38,0.05,0.11,11.7,0,0,0,0.06,0.06,0.08,-0.02,-0.02,Matches
298,Riyad Mahrez,,dz ALG,FW,Manchester City,31-042,1991,13.5,0.74,3.41,1.26,37,3.41,1.26,0.13,0.35,17.4,0.37,0.3,0.3,0.61,0.39,0.11,0.13,0.06,Matches
299,Ainsley Maitland-Niles,,eng ENG,MF,Arsenal,24-218,1997,3,0,0.67,0,0,0.67,0,0,,26.5,0,0,0,0,0,0.02,0,0,Matches
300,Sadio Mane,,sn SEN,FW,Liverpool,29-359,1992,25,0.48,3.32,1.2,36.1,3.32,1.2,0.14,0.4,12.9,0,0,0,0.58,0.58,0.17,-0.1,-0.1,Matches
301,Javier Manquillo,,es ESP,DF,Newcastle Utd,27-334,1994,14,0.07,0.29,0.14,50,0.29,0.14,0.25,0.5,15.5,0,0,0,0.04,0.04,0.12,0.04,0.04,Matches
302,Fernando Marcal,,br BRA,DF,Wolves,33-044,1989,15.2,0,0.72,0.07,9.1,0.73,0.07,0,0,22.3,0,0,0,0.03,0.03,0.05,-0.03,-0.03,Matches
303,Solly March,,eng ENG,DFFW,Brighton,27-258,1994,14.7,0,1.29,0.61,47.4,1.29,0.61,0,0,17.5,0.14,0,0,0.08,0.08,0.06,-0.08,-0.08,Matches
304,Pablo Mari,,es ESP,DF,Arsenal,28-216,1993,2,0,0.5,0,0,0.5,0,0,,4.1,0,0,0,0.15,0.15,0.31,-0.15,-0.15,Matches
305,Anthony Martial,,fr FRA,FW,Manchester Utd,26-120,1995,2.4,0.42,2.08,0.83,40,2.12,0.85,0.2,0.5,12.3,0,0,0,0.17,0.17,0.09,0.25,0.25,Matches
306,Martinelli,,br BRA,FWMF,Arsenal,20-290,2001,13.8,0.36,2.54,0.72,28.6,2.53,0.72,0.14,0.5,14.5,0,0,0,0.31,0.31,0.12,0.05,0.05,Matches
307,Emiliano Martinez,,ar ARG,GK,Aston Villa,29-214,1992,29,0,0,0,,0,0,,,,0,0,0,0,0,,0,0,Matches
308,Adam Masina,,ma MAR,DF,Watford,28-092,1994,9.6,0,0.42,0,0,0.42,0,0,,14.2,0,0,0,0.02,0.02,0.05,-0.02,-0.02,Matches
309,Arthur Masuaku,,cd COD,DFFW,West Ham,28-148,1993,6.2,0.16,0.48,0.16,33.3,0.48,0.16,0.33,1,28.3,0,0,0,0.02,0.02,0.03,0.15,0.15,Matches
310,Jean-Philippe Mateta,,fr FRA,FW,Crystal Palace,24-280,1997,7.2,0.42,2.36,1.39,58.8,2.35,1.38,0.18,0.3,10.7,0,0,0,0.35,0.35,0.15,0.07,0.07,Matches
311,Nemanja Mati?,,rs SRB,MF,Manchester Utd,33-246,1988,10.4,0,0.48,0.1,20,0.48,0.1,0,0,24.5,0,0,0,0.01,0.01,0.02,-0.01,-0.01,Matches
312,Joel Matip,,cm CMR,DF,Liverpool,30-239,1991,24,0.04,1.08,0.17,15.4,1.08,0.17,0.04,0.25,8.8,0,0,0,0.08,0.08,0.08,-0.04,-0.04,Matches
313,Neal Maupay,,fr FRA,FW,Brighton,25-233,1996,23.6,0.34,2.37,0.55,23.2,2.37,0.55,0.13,0.54,16,0,0.04,0.08,0.31,0.25,0.11,0.03,0.05,Matches
314,Bryan Mbeumo,,fr FRA,FWMF,Brentford,22-240,1999,25.7,0.12,2.06,0.47,22.6,2.06,0.47,0.04,0.17,16.7,0.12,0.04,0.04,0.29,0.26,0.12,-0.17,-0.18,Matches
315,James McArthur,,sct SCO,MF,Crystal Palace,34-179,1987,12.9,0,0.54,0.16,28.6,0.54,0.15,0,0,21.9,0,0,0,0.02,0.02,0.04,-0.02,-0.02,Matches
316,James Mcatee,,eng ENG,MFFW,Manchester City,19-168,2002,0.2,0,5,0,0,4.5,0,0,,13,0,0,0,0,0,0.04,0,0,Matches
317,Kasey McAteer,,eng ENG,FW,Leicester City,20-133,2001,0,0,0,0,,0,0,,,,0,0,0,0,0,,0,0,Matches
318,Liam McCarron,,sct SCO,FW,Leeds United,21-028,2001,0.1,0,0,0,,0,0,,,,0,0,0,0,0,,0,0,Matches
319,Alex McCarthy,,eng ENG,GK,Southampton,32-122,1989,15,0,0,0,,0,0,,,,0,0,0,0,0,,0,0,Matches
320,John McGinn,,sct SCO,MF,Aston Villa,27-168,1994,26.3,0.11,1.29,0.3,23.5,1.29,0.3,0.09,0.38,23.3,0,0,0,0.05,0.05,0.04,0.06,0.06,Matches
321,Stuart McKinstry,,sct SCO,MF,Leeds United,19-198,2002,0,0,0,0,,0,0,,,,0,0,0,0,0,,0,0,Matches
322,Kenny McLean,,sct SCO,MF,Norwich City,30-086,1992,27.3,0.04,1.21,0.22,18.2,1.21,0.22,0.03,0.17,18.7,0,0,0,0.07,0.07,0.06,-0.03,-0.03,Matches
323,Dwight McNeil,,eng ENG,MF,Burnley,22-133,1999,26.5,0,1.28,0.38,29.4,1.28,0.38,0,0,22.4,0.08,0,0,0.06,0.06,0.05,-0.06,-0.06,Matches
324,Scott McTominay,,sct SCO,MF,Manchester Utd,25-117,1996,21.5,0.05,1.02,0.23,22.7,1.02,0.23,0.05,0.2,21.4,0,0,0,0.05,0.05,0.04,0,0,Matches
325,Ben Mee,,eng ENG,DF,Burnley,32-193,1989,20.4,0.15,0.88,0.2,22.2,0.88,0.2,0.17,0.75,8,0,0,0,0.09,0.09,0.11,0.06,0.06,Matches
326,Benjamin Mendy,,fr FRA,DF,Manchester City,27-261,1994,0.9,0,0,0,,0,0,,,,0,0,0,0,0,,0,0,Matches
327,Edouard Mendy,,sn SEN,GK,Chelsea,30-034,1992,25,0,0,0,,0,0,,,,0,0,0,0,0,,0,0,Matches
328,Nampalys Mendy,,sn SEN,MF,Leicester City,29-285,1992,2.8,0,0,0,,0,0,,,,0,0,0,0,0,,0,0,Matches
329,Illan Meslier,,fr FRA,GK,Leeds United,22-033,2000,30.6,0,0,0,,0,0,,,,0,0,0,0,0,,0,0,Matches
330,Luka Milivojevi?,,rs SRB,MF,Crystal Palace,30-362,1991,7.2,0,1.11,0,0,1.1,0,0,,26.6,0.56,0,0,0.03,0.03,0.03,-0.03,-0.03,Matches
331,James Milner,,eng ENG,MFDF,Liverpool,36-090,1986,7.1,0,0.99,0.14,14.3,0.99,0.14,0,0,22.1,0,0,0,0.03,0.03,0.03,-0.03,-0.03,Matches
332,Yerry Mina,,co COL,DF,Everton,27-193,1994,7.2,0,0.69,0,0,0.69,0,0,,8.7,0,0,0,0.04,0.04,0.06,-0.04,-0.04,Matches
333,Takumi Minamino,,jp JPN,FWMF,Liverpool,27-078,1995,1.1,1.82,2.73,1.82,66.7,2.81,1.87,0.67,1,10,0,0,0,1.36,1.36,0.5,0.45,0.45,Matches
334,Tyrone Mings,,eng ENG,DF,Aston Villa,29-022,1993,27.4,0.04,0.73,0.18,25,0.73,0.18,0.05,0.2,12.8,0,0,0,0.05,0.05,0.06,-0.01,-0.01,Matches
335,Tyrick Mitchell,,eng ENG,DF,Crystal Palace,22-215,1999,28.9,0,0.14,0.03,25,0.14,0.03,0,0,15.1,0,0,0,0.01,0.01,0.07,-0.01,-0.01,Matches
336,Jakub Moder,,pl POL,MFFW,Brighton,22-362,1999,18.9,0,1.48,0.32,21.4,1.48,0.32,0,0,16.5,0.11,0,0,0.13,0.13,0.09,-0.13,-0.13,Matches
337,Wesley Moraes,,br BRA,FW,Aston Villa,25-129,1996,0,0,0,0,,0,0,,,,0,0,0,0,0,,0,0,Matches
338,Tyler Morton,,eng ENG,MF,Liverpool,19-155,2002,0.7,0,0,0,,0,0,,,,0,0,0,0,0,,0,0,Matches
339,Mason Mount,,eng ENG,MFFW,Chelsea,23-084,1999,19.5,0.41,2.56,1.13,44,2.56,1.13,0.14,0.32,17.4,0.31,0.05,0.05,0.35,0.31,0.12,0.06,0.05,Matches
340,Lucas Moura,,br BRA,FWMF,Tottenham,29-234,1992,17.3,0.12,1.97,0.64,32.4,1.97,0.64,0.06,0.18,15.5,0,0,0,0.19,0.19,0.1,-0.08,-0.08,Matches
341,Joao Moutinho,,pt POR,MF,Wolves,35-208,1986,26.1,0.08,0.61,0.27,43.8,0.61,0.27,0.13,0.29,23.4,0.11,0,0,0.03,0.03,0.06,0.04,0.04,Matches
342,Bali Mumba,,eng ENG,DF,Norwich City,20-178,2001,0.5,0,0,0,,0,0,,,,0,0,0,0,0,,0,0,Matches
343,Jacob Murphy,,eng ENG,DFFW,Newcastle Utd,27-039,1995,13.9,0.07,1.8,0.36,20,1.8,0.36,0.04,0.2,20.2,0.07,0,0,0.15,0.15,0.08,-0.08,-0.08,Matches
344,Enock Mwepu,,zm ZAM,MF,Brighton,24-093,1998,7.2,0.14,1.39,0.42,30,1.38,0.41,0.1,0.33,16.8,0,0,0,0.19,0.19,0.14,-0.06,-0.06,Matches
345,Vitaliy Mykolenko,,ua UKR,DF,Everton,22-310,1999,3,0,0.33,0,0,0.33,0,0,,28.2,0,0,0,0,0,0.02,0,0,Matches
346,Marvelous Nakamba,,zw ZIM,MF,Aston Villa,28-075,1994,8.4,0,0,0,,0,0,,,,0,0,0,0,0,,0,0,Matches
347,Wilfred Ndidi,,ng NGA,MFDF,Leicester City,25-109,1996,18,0,0.83,0.22,26.7,0.83,0.22,0,0,18,0,0,0,0.06,0.06,0.07,-0.06,-0.06,Matches
348,Tanguy Ndombele,,fr FRA,MF,Tottenham,25-097,1996,5.4,0.19,1.67,0.56,33.3,1.67,0.56,0.11,0.33,17.3,0,0,0,0.09,0.09,0.05,0.09,0.09,Matches
349,Reiss Nelson,,eng ENG,FW,Arsenal,22-115,1999,0.2,0,5,0,0,4.5,0,0,,18,0,0,0,0,0,0.04,0,0,Matches
350,Pedro Neto,,pt POR,MFFW,Wolves,22-026,2000,1.7,0,2.94,0.59,20,3.02,0.6,0,0,19,0,0,0,0.24,0.24,0.08,-0.24,-0.24,Matches
351,Ruben Neves,,pt POR,MF,Wolves,25-022,1997,25.2,0.16,1.51,0.6,39.5,1.51,0.59,0.11,0.27,26.1,0.16,0,0,0.04,0.04,0.03,0.12,0.12,Matches
352,Jeremy Ngakia,,eng ENG,DF,Watford,21-209,2000,7,0,0.57,0,0,0.57,0,0,,27.5,0,0,0,0.01,0.01,0.02,-0.01,-0.01,Matches
353,Saul Niguez,,es ESP,DFMF,Chelsea,27-134,1994,3.8,0,0.53,0.26,50,0.52,0.26,0,0,14,0,0,0,0.03,0.03,0.07,-0.03,-0.03,Matches
354,Eddie Nketiah,,eng ENG,FWMF,Arsenal,22-309,1999,1.4,0,1.43,0,0,1.44,0,0,,11.6,0,0,0,0.29,0.29,0.2,-0.29,-0.29,Matches
355,Nicolas Nkoulou,,cm CMR,DF,Watford,32-008,1990,1.9,0,0,0,,0,0,,,,0,0,0,0,0,,0,0,Matches
356,Mark Noble,,eng ENG,MF,West Ham,34-331,1987,1.6,0.63,0,0,,0,0,,,,0,0.63,1.25,0.94,0,,-0.31,0,Matches
357,Mathias Normann,,no NOR,MF,Norwich City,25-311,1996,12.9,0.08,1.47,0.39,26.3,1.48,0.39,0.05,0.2,27.3,0.39,0,0,0.06,0.06,0.04,0.02,0.02,Matches
358,Christian Norgaard,,dk DEN,MF,Brentford,28-025,1994,29.2,0.07,0.86,0.24,28,0.86,0.24,0.08,0.29,13.6,0,0,0,0.1,0.1,0.11,-0.03,-0.03,Matches
359,Angelo Ogbonna,,it ITA,DF,West Ham,33-316,1988,10.2,0.1,0.29,0.1,33.3,0.29,0.1,0.33,1,11.1,0,0,0,0.03,0.03,0.09,0.07,0.07,Matches
360,Michael Olise,,fr FRA,FWMF,Crystal Palace,20-113,2001,10.8,0.19,1.57,0.83,52.9,1.58,0.83,0.12,0.22,17.2,0.19,0,0,0.12,0.12,0.08,0.06,0.06,Matches
361,Andrew Omobamidele,,ie IRL,DF,Norwich City,19-285,2002,4.2,0.24,0.48,0.24,50,0.47,0.24,0.5,1,6.5,0,0,0,0.07,0.07,0.17,0.17,0.17,Matches
362,Tyler Onyango,,eng ENG,MFFW,Everton,19-031,2003,0.3,0,3.33,0,0,3.21,0,0,,11,0,0,0,0,0,0.03,0,0,Matches
363,Frank Onyeka,,ng NGA,MF,Brentford,24-093,1998,11.6,0,1.38,0.43,31.3,1.38,0.43,0,0,17.5,0,0,0,0.09,0.09,0.07,-0.09,-0.09,Matches
364,Divock Origi,,be BEL,FW,Liverpool,26-351,1995,0.8,2.5,10,5,50,9.47,4.74,0.25,0.5,16,0,0,0,1,1,0.11,1.5,1.5,Matches
365,Alex Oxlade-Chamberlain,,eng ENG,MFFW,Liverpool,28-232,1993,8.7,0.23,2.41,0.34,14.3,2.41,0.34,0.1,0.67,20.3,0,0,0,0.14,0.14,0.06,0.09,0.09,Matches
366,Cole Palmer,,eng ENG,FWMF,Manchester City,19-333,2002,1.4,0,2.86,0.71,25,2.93,0.73,0,0,20.1,0,0,0,0.21,0.21,0.08,-0.21,-0.21,Matches
367,Emerson Palmieri,,it ITA,DF,Chelsea,27-244,1994,0.1,0,0,0,,0,0,,,,0,0,0,0,0,,0,0,Matches
368,Thomas Partey,,gh GHA,MF,Arsenal,28-295,1993,21.7,0.09,2.03,0.41,20.5,2.03,0.41,0.05,0.22,21.1,0.09,0,0,0.12,0.12,0.06,-0.02,-0.02,Matches
369,Joao Pedro,,br BRA,FWMF,Watford,20-190,2001,12.2,0.16,2.87,0.82,28.6,2.87,0.82,0.06,0.2,15.9,0.08,0,0,0.2,0.2,0.07,-0.04,-0.04,Matches
370,Nicolas Pepe,,ci CIV,FWMF,Arsenal,26-310,1995,6.7,0.15,2.84,0.9,31.6,2.83,0.89,0.05,0.17,15.4,0.45,0,0,0.39,0.39,0.14,-0.24,-0.24,Matches
371,Ricardo Pereira,,pt POR,DF,Leicester City,28-180,1993,9.8,0.1,0.92,0.2,22.2,0.92,0.2,0.11,0.5,15.6,0,0,0,0.07,0.07,0.07,0.03,0.03,Matches
372,Ayoze Perez,,es ESP,FWMF,Leicester City,28-255,1993,2.4,0,2.5,1.67,66.7,2.45,1.64,0,0,14.3,0,0,0,0.42,0.42,0.17,-0.42,-0.42,Matches
373,Sonny Perkins,,eng ENG,FW,West Ham,18-053,2004,0,0,0,0,,0,0,,,,0,0,0,0,0,,0,0,Matches
374,Romain Perraud,,fr FRA,DF,Southampton,24-194,1997,13.4,0,0.9,0.22,25,0.89,0.22,0,0,19.5,0,0,0,0.05,0.05,0.06,-0.05,-0.05,Matches
375,Kalvin Phillips,,eng ENG,MF,Leeds United,26-123,1995,11.4,0,1.05,0.18,16.7,1.05,0.18,0,0,24,0.09,0,0,0.04,0.04,0.04,-0.04,-0.04,Matches
376,Jaden Philogene Bidace,,eng ENG,FW,Aston Villa,19-321,2002,0.1,0,0,0,,0,0,,,,0,0,0,0,0,,0,0,Matches
377,Jordan Pickford,,eng ENG,GK,Everton,28-028,1994,26,0,0,0,,0,0,,,,0,0,0,0,0,,0,0,Matches
378,Erik Pieters,,nl NED,DF,Burnley,33-240,1988,7.9,0,0.89,0,0,0.89,0,0,,23.8,0,0,0,0.03,0.03,0.03,-0.03,-0.03,Matches
379,Ethan Pinnock,,jm JAM,DF,Brentford,28-310,1993,28.7,0.03,0.63,0.28,44.4,0.63,0.28,0.06,0.13,9,0,0,0,0.05,0.05,0.08,-0.02,-0.02,Matches
380,Daniel Podence,,pt POR,FWMF,Wolves,26-165,1995,16.3,0.12,2.15,0.92,42.9,2.15,0.92,0.06,0.13,21.7,0.06,0,0,0.12,0.12,0.06,0.01,0.01,Matches
381,Paul Pogba,,fr FRA,MFFW,Manchester Utd,29-020,1993,13.5,0.07,2.3,0.52,22.6,2.3,0.52,0.03,0.14,17,0,0,0,0.18,0.18,0.08,-0.1,-0.1,Matches
382,Nick Pope,,eng ENG,GK,Burnley,29-350,1992,26,0,0,0,,0,0,,,,0,0,0,0,0,,0,0,Matches
383,Teemu Pukki,,fi FIN,FW,Norwich City,32-006,1990,28.2,0.28,1.52,0.57,37.2,1.53,0.57,0.12,0.31,14.5,0,0.11,0.11,0.27,0.18,0.12,0.02,-0.01,Matches
384,Christian Pulisic,,us USA,MFFW,Chelsea,23-198,1998,10.5,0.38,1.52,0.76,50,1.52,0.76,0.25,0.5,10.4,0,0,0,0.34,0.34,0.22,0.04,0.04,Matches
385,Przemyslaw Placheta,,pl POL,FWMF,Norwich City,24-012,1998,4.9,0,1.43,1.22,85.7,1.42,1.22,0,0,16.4,0,0,0,0.1,0.1,0.07,-0.1,-0.1,Matches
386,Jesuran Rak Sakyi,,eng ENG,MF,Crystal Palace,19-181,2002,0.2,0,0,0,,0,0,,,,0,0,0,0,0,,0,0,Matches
387,Aaron Ramsdale,,eng ENG,GK,Arsenal,23-325,1998,24,0,0,0,,0,0,,,,0,0,0,0,0,,0,0,Matches
388,Jacob Ramsey,,eng ENG,MF,Aston Villa,20-311,2001,22.4,0.27,1.29,0.4,31,1.29,0.4,0.21,0.67,18.2,0,0,0,0.14,0.14,0.11,0.13,0.13,Matches
389,Marcus Rashford,,eng ENG,FWMF,Manchester Utd,24-155,1997,10.8,0.37,1.76,0.93,52.6,1.76,0.92,0.21,0.4,17.5,0.09,0,0,0.21,0.21,0.12,0.16,0.16,Matches
390,Milot Rashica,,xk KVX,FWMF,Norwich City,25-280,1996,18.9,0.05,1.8,0.58,32.4,1.8,0.58,0.03,0.09,21.3,0.37,0,0,0.12,0.12,0.07,-0.07,-0.07,Matches
391,David Raya,,es ESP,GK,Brentford,26-201,1995,17,0,0,0,,0,0,,,,0,0,0,0,0,,0,0,Matches
392,Nathan Redmond,,eng ENG,MFFW,Southampton,28-029,1994,15.1,0,1.32,0.4,30,1.33,0.4,0,0,19.7,0.07,0,0,0.12,0.12,0.09,-0.12,-0.12,Matches
393,Sergio Reguilon,,es ESP,DF,Tottenham,25-109,1996,19.5,0.1,1.03,0.41,40,1.03,0.41,0.1,0.25,14.7,0,0,0,0.15,0.15,0.15,-0.05,-0.05,Matches
394,Declan Rice,,eng ENG,MF,West Ham,23-080,1999,29,0.03,0.66,0.17,26.3,0.66,0.17,0.05,0.2,23.3,0.03,0,0,0.03,0.03,0.04,0.01,0.01,Matches
395,Taylor Richards,,eng ENG,MFFW,Brighton,21-121,2000,0.3,0,3.33,0,0,3.6,0,0,,24,0,0,0,0,0,0.04,0,0,Matches
396,Richarlison,,br BRA,FWMF,Everton,24-329,1997,19.2,0.21,2.14,0.42,19.5,2.14,0.42,0.1,0.5,16.1,0.05,0,0,0.24,0.24,0.11,-0.03,-0.03,Matches
397,Jairo Riedewald,,nl NED,MF,Crystal Palace,25-207,1996,1.3,0,0,0,,0,0,,,,0,0,0,0,0,,0,0,Matches
398,Matt Ritchie,,sct SCO,DF,Newcastle Utd,32-206,1989,14.6,0,0.68,0.21,30,0.68,0.2,0,0,22,0.07,0,0,0.03,0.03,0.04,-0.03,-0.03,Matches
399,Connor Roberts,,wls WAL,DF,Burnley,26-193,1995,11.2,0,0.27,0.09,33.3,0.27,0.09,0,0,23.6,0,0,0,0.01,0.01,0.02,-0.01,-0.01,Matches
400,Tyler Roberts,,wls WAL,MFFW,Leeds United,23-082,1999,11,0.09,2.73,1.09,40,2.74,1.09,0.03,0.08,18.5,0,0,0,0.22,0.22,0.08,-0.13,-0.13,Matches
401,Andrew Robertson,,sct SCO,DF,Liverpool,28-024,1994,22.5,0.04,0.58,0.22,38.5,0.58,0.22,0.08,0.2,18.4,0,0,0,0.07,0.07,0.11,-0.02,-0.02,Matches
402,Joe Rodon,,wls WAL,DF,Tottenham,24-164,1997,0.9,0,0,0,,0,0,,,,0,0,0,0,0,,0,0,Matches
403,Rodri,,es ESP,MF,Manchester City,25-286,1996,24.4,0.12,1.23,0.37,30,1.23,0.37,0.1,0.33,18.8,0,0,0,0.07,0.07,0.06,0.05,0.05,Matches
404,Rodrigo,,es ESP,MFFW,Leeds United,31-029,1991,19.1,0.26,2.15,0.73,34.1,2.15,0.73,0.1,0.29,19,0,0.05,0.05,0.2,0.16,0.08,0.06,0.05,Matches
405,Jay Rodriguez,,eng ENG,FW,Burnley,32-249,1989,10.7,0.09,2.62,0.65,25,2.61,0.65,0.04,0.14,16.2,0,0,0,0.24,0.24,0.09,-0.15,-0.15,Matches
406,Mads Roerslev,,dk DEN,DF,Brentford,22-284,1999,11.5,0.09,0.43,0.17,40,0.43,0.17,0.2,0.5,17.5,0,0,0,0.03,0.03,0.06,0.06,0.06,Matches
407,Cristian Romero,,ar ARG,DF,Tottenham,23-342,1998,15.5,0.06,0.32,0.13,40,0.32,0.13,0.2,0.5,14,0,0,0,0.04,0.04,0.11,0.03,0.03,Matches
408,Oriol Romeu,,es ESP,MF,Southampton,30-192,1991,26.4,0.04,0.8,0.11,14.3,0.8,0.11,0.05,0.33,23.3,0,0,0,0.03,0.03,0.04,0,0,Matches
409,Cristiano Ronaldo,,pt POR,FW,Manchester Utd,37-058,1985,21.3,0.56,4.04,1.41,34.9,4.04,1.41,0.12,0.33,14.4,0.23,0.09,0.09,0.62,0.55,0.14,-0.06,-0.08,Matches
410,Salomon Rondon,,ve VEN,FW,Everton,32-200,1989,7.9,0.13,2.28,0.76,33.3,2.27,0.76,0.06,0.17,11.3,0,0,0,0.25,0.25,0.11,-0.13,-0.13,Matches
411,Danny Rose,,eng ENG,DF,Watford,31-276,1990,7.7,0,0.52,0.13,25,0.52,0.13,0,0,19.7,0,0,0,0.03,0.03,0.04,-0.03,-0.03,Matches
412,Jon Rowe,,eng ENG,FWMF,Norwich City,18-339,2003,1.5,0,1.33,0.67,50,1.34,0.67,0,0,17.8,0,0,0,0.13,0.13,0.12,-0.13,-0.13,Matches
413,Antonio Rudiger,,de GER,DF,Chelsea,29-032,1993,27,0.11,1.41,0.41,28.9,1.41,0.41,0.08,0.27,19.4,0,0,0,0.07,0.07,0.05,0.04,0.04,Matches
414,Lukas Rupp,,de GER,MF,Norwich City,31-086,1991,6.5,0,1.85,0.31,16.7,1.84,0.31,0,0,19.4,0,0,0,0.11,0.11,0.06,-0.11,-0.11,Matches
415,Jose Sa,,pt POR,GK,Wolves,29-077,1993,31,0,0,0,,0,0,,,,0,0,0,0,0,,0,0,Matches
416,Allan Saint-Maximin,,fr FRA,FWMF,Newcastle Utd,25-023,1997,23.7,0.21,2.11,0.84,40,2.11,0.84,0.1,0.25,18.6,0,0,0,0.17,0.17,0.08,0.04,0.04,Matches
417,Romain Saiss,,ma MAR,DF,Wolves,32-009,1990,27.4,0.07,0.55,0.22,40,0.55,0.22,0.13,0.33,12.6,0.04,0,0,0.08,0.08,0.16,-0.01,-0.01,Matches
418,Bukayo Saka,,eng ENG,FWMF,Arsenal,20-211,2001,23.7,0.38,2.87,0.97,33.8,2.87,0.97,0.13,0.39,16.1,0,0,0,0.27,0.27,0.09,0.11,0.11,Matches
419,Mohamed Salah,,eg EGY,FW,Liverpool,29-293,1992,25.9,0.77,4.36,1.66,38.1,4.37,1.66,0.13,0.35,15.7,0.04,0.19,0.23,0.73,0.55,0.13,0.04,0.03,Matches
420,Mohammed Salisu,,gh GHA,DF,Southampton,22-352,1999,27,0,0.81,0.3,36.4,0.81,0.3,0,0,11.2,0,0,0,0.06,0.06,0.08,-0.06,-0.06,Matches
421,Albert Sambi Lokonga,,be BEL,MF,Arsenal,22-164,1999,10.1,0,1.58,0.59,37.5,1.58,0.59,0,0,25.8,0,0,0,0.05,0.05,0.03,-0.05,-0.05,Matches
422,Davinson Sanchez,,co COL,DF,Tottenham,25-296,1996,14.8,0.14,0.81,0.2,25,0.81,0.2,0.17,0.67,6.1,0,0,0,0.14,0.14,0.17,0,0,Matches
423,Robert Sanchez,,es ESP,GK,Brighton,24-137,1997,29,0,0,0,,0,0,,,,0,0,0,0,0,,0,0,Matches
424,Jadon Sancho,,eng ENG,FWMF,Manchester Utd,22-010,2000,17.6,0.17,1.25,0.45,36.4,1.25,0.45,0.14,0.38,14.4,0,0,0,0.17,0.17,0.14,0,0,Matches
425,Morgan Sanson,,fr FRA,MF,Aston Villa,27-229,1994,4,0,0.25,0,0,0.25,0,0,,33.8,0,0,0,0,0,0.01,0,0,Matches
426,Samir Santos,,br BRA,DF,Watford,27-120,1994,12,0,0.42,0.17,40,0.42,0.17,0,0,10,0,0,0,0.02,0.02,0.04,-0.02,-0.02,Matches
427,Josh Sargent,,us USA,FWMF,Norwich City,22-043,2000,17.3,0.12,1.5,0.12,7.7,1.5,0.12,0.08,1,15.3,0,0,0,0.16,0.16,0.11,-0.04,-0.04,Matches
428,Jeremy Sarmiento,,ec ECU,FWDF,Brighton,19-292,2002,0.3,0,0,0,,0,0,,,,0,0,0,0,0,,0,0,Matches
429,Ismaila Sarr,,sn SEN,MFFW,Watford,24-038,1998,15.9,0.31,2.14,0.88,41.2,2.13,0.88,0.15,0.36,18.5,0,0,0.06,0.23,0.18,0.08,0.09,0.14,Matches
430,Malang Sarr,,fr FRA,DF,Chelsea,23-071,1999,4.7,0,0.21,0,0,0.21,0,0,,21.5,0,0,0,0,0,0.05,0,0,Matches
431,Dane Scarlett,,eng ENG,MF,Tottenham,18-011,2004,0,0,0,0,,0,0,,,,0,0,0,0,0,,0,0,Matches
432,Fabian Schar,,ch SUI,DF,Newcastle Utd,30-105,1991,19.8,0.1,0.91,0.3,33.3,0.91,0.3,0.11,0.33,16.4,0.1,0,0,0.06,0.06,0.07,0.04,0.04,Matches
433,Jeffrey Schlupp,,gh GHA,MFFW,Crystal Palace,29-102,1992,14.4,0.21,1.74,0.35,20,1.74,0.35,0.12,0.6,13.9,0,0,0,0.13,0.13,0.08,0.08,0.08,Matches
434,Kasper Schmeichel,,dk DEN,GK,Leicester City,35-150,1986,28,0,0,0,,0,0,,,,0,0,0,0,0,,0,0,Matches
435,Ken Sema,,se SWE,MFFW,Watford,28-186,1993,6.1,0,0.33,0.16,50,0.33,0.16,0,0,20.3,0,0,0,0.02,0.02,0.04,-0.02,-0.02,Matches
436,Nelson Semedo,,pt POR,DF,Wolves,28-139,1993,22.1,0,0.77,0.14,17.6,0.77,0.14,0,0,20.1,0,0,0,0.06,0.06,0.08,-0.06,-0.06,Matches
437,Ryan Sessegnon,,eng ENG,DFMF,Tottenham,21-321,2000,6,0,0.5,0.17,33.3,0.5,0.17,0,0,15.2,0,0,0,0.03,0.03,0.06,-0.03,-0.03,Matches
438,Jamie Shackleton,,eng ENG,DFMF,Leeds United,22-178,1999,7.6,0,0.53,0.13,25,0.52,0.13,0,0,18.8,0,0,0,0.03,0.03,0.05,-0.03,-0.03,Matches
439,Luke Shaw,,eng ENG,DF,Manchester Utd,26-266,1995,17.8,0,0.34,0.06,16.7,0.34,0.06,0,0,23.6,0,0,0,0.01,0.01,0.03,-0.01,-0.01,Matches
440,Jonjo Shelvey,,eng ENG,MF,Newcastle Utd,30-036,1992,18,0.11,1.44,0.67,46.2,1.44,0.67,0.08,0.17,25.9,0.22,0,0,0.04,0.04,0.03,0.07,0.07,Matches
441,Francisco Sierralta,,cl CHI,DF,Watford,24-333,1997,4.7,0,0.21,0.21,100,0.21,0.21,0,0,9,0,0,0,0,0,0.05,0,0,Matches
442,Bernardo Silva,,pt POR,MFFW,Manchester City,27-237,1994,26.9,0.26,1.52,0.59,39,1.53,0.6,0.17,0.44,11.9,0,0,0,0.24,0.24,0.16,0.02,0.02,Matches
443,Fabio Silva,,pt POR,FW,Wolves,19-259,2002,3.9,0,3.33,1.03,30.8,3.31,1.02,0,0,13.5,0,0,0,0.44,0.44,0.13,-0.44,-0.44,Matches
444,Thiago Silva,,br BRA,DF,Chelsea,37-194,1984,22.3,0.13,0.58,0.22,38.5,0.58,0.22,0.23,0.6,10.1,0,0,0,0.03,0.03,0.05,0.1,0.1,Matches
445,Ellis Simms,,eng ENG,FW,Everton,21-089,2001,0.7,0,0,0,,0,0,,,,0,0,0,0,0,,0,0,Matches
446,Moussa Sissoko,,fr FRA,MF,Watford,32-231,1989,27.8,0.07,0.68,0.22,31.6,0.68,0.22,0.11,0.33,18.3,0,0,0,0.08,0.08,0.12,-0.01,-0.01,Matches
447,Oliver Skipp,,eng ENG,MF,Tottenham,21-200,2000,15,0,0.27,0.07,25,0.27,0.07,0,0,24.1,0,0,0,0.01,0.01,0.05,-0.01,-0.01,Matches
448,William Smallbone,,ie IRL,MFFW,Southampton,22-042,2000,1.3,0,0.77,0,0,0.79,0,0,,17.5,0,0,0,0.08,0.08,0.08,-0.08,-0.08,Matches
449,Emile Smith Rowe,,eng ENG,MFFW,Arsenal,21-250,2000,16.7,0.54,2.04,1.2,58.8,2.03,1.2,0.26,0.45,16,0,0,0,0.28,0.28,0.14,0.26,0.26,Matches
450,Cedric Soares,,pt POR,DF,Arsenal,30-216,1991,9.2,0,0.54,0,0,0.54,0,0,,19.8,0,0,0,0.02,0.02,0.04,-0.02,-0.02,Matches
451,Tomas Soucek,,cz CZE,MF,West Ham,27-036,1995,28.9,0.14,1.38,0.31,22.5,1.39,0.31,0.1,0.44,12.3,0,0,0,0.15,0.13,0.09,-0.01,0.01,Matches
452,Boubakary Soumare,,fr FRA,MF,Leicester City,23-036,1999,11.5,0,0.52,0.17,33.3,0.52,0.17,0,0,17.4,0,0,0,0.03,0.03,0.07,-0.03,-0.03,Matches
453,Caglar Soyuncu,,tr TUR,DF,Leicester City,25-316,1996,23.7,0.04,0.34,0.04,12.5,0.34,0.04,0.13,1,12,0,0,0,0.06,0.06,0.17,-0.02,-0.02,Matches
454,Jason Steele,,eng ENG,GK,Brighton,31-229,1990,1,0,0,0,,0,0,,,,0,0,0,0,0,,0,0,Matches
455,Jed Steer,,eng ENG,GK,Aston Villa,29-193,1992,1,0,0,0,,0,0,,,,0,0,0,0,0,,0,0,Matches
456,Zack Steffen,,us USA,GK,Manchester City,27-002,1995,1,0,0,0,,0,0,,,,0,0,0,0,0,,0,0,Matches
457,Dale Stephens,,eng ENG,MF,Burnley,32-296,1989,1.4,0,0.71,0,0,0.73,0,0,,21,0,0,0,0,0,0.03,0,0,Matches
458,Jack Stephens,,eng ENG,DF,Southampton,28-067,1994,7,0,0,0,,0,0,,,,0,0,0,0,0,,0,0,Matches
459,Raheem Sterling,,eng ENG,FW,Manchester City,27-117,1994,18.4,0.54,2.39,1.14,47.7,2.39,1.14,0.18,0.38,14.5,0,0.11,0.16,0.57,0.43,0.18,-0.02,0.01,Matches
460,Finley Stevens,,wls WAL,DF,Brentford,18-359,2003,0.2,0,0,0,,0,0,,,,0,0,0,0,0,,0,0,Matches
461,John Stones,,eng ENG,DF,Manchester City,27-311,1994,9.6,0.1,0.63,0.42,66.7,0.63,0.42,0.17,0.25,14.4,0,0,0,0.09,0.09,0.16,0.01,0.01,Matches
462,Pascal Struijk,,nl NED,DFMF,Leeds United,22-236,1999,19.8,0,0.51,0.1,20,0.5,0.1,0,0,8.2,0,0,0,0.06,0.06,0.11,-0.06,-0.06,Matches
463,Crysencio Summerville,,nl NED,MFFW,Leeds United,20-156,2001,1.4,0,1.43,0,0,1.48,0,0,,11.9,0,0,0,0.21,0.21,0.13,-0.21,-0.21,Matches
464,Jakob Sorensen,,dk DEN,DFMF,Norwich City,24-032,1998,4.1,0,0.98,0.24,25,0.97,0.24,0,0,10.5,0,0,0,0.1,0.1,0.09,-0.1,-0.1,Matches
465,Japhet Tanganga,,eng ENG,DF,Tottenham,23-004,1999,8.2,0,0.85,0.24,28.6,0.86,0.24,0,0,13.1,0,0,0,0.05,0.05,0.05,-0.05,-0.05,Matches
466,Matt Targett,,eng ENG,DF,Newcastle Utd,26-198,1995,8,0,0.5,0.25,50,0.5,0.25,0,0,16,0,0,0,0.03,0.03,0.06,-0.03,-0.03,Matches
467,Matt Targett,,eng ENG,DF,Aston Villa,26-198,1995,15.9,0.06,0.44,0.13,28.6,0.44,0.13,0.14,0.5,13.4,0,0,0,0.03,0.03,0.07,0.03,0.03,Matches
468,James Tarkowski,,eng ENG,DF,Burnley,29-136,1992,26,0.04,0.65,0.19,29.4,0.65,0.19,0.06,0.2,8.5,0,0,0,0.06,0.06,0.09,-0.02,-0.02,Matches
469,Nuno Tavares,,pt POR,DF,Arsenal,22-068,2000,7,0,2,0.14,7.1,2.01,0.14,0,0,20.3,0,0,0,0.09,0.09,0.04,-0.09,-0.09,Matches
470,Charlie Taylor,,eng ENG,DF,Burnley,28-198,1993,20.3,0,0.25,0,0,0.25,0,0,,22.5,0,0,0,0,0,0.03,0,0,Matches
471,Nathan Tella,,eng ENG,MFFW,Southampton,22-273,1999,6.6,0,1.52,0.61,40,1.53,0.61,0,0,20.2,0,0,0,0.08,0.08,0.05,-0.08,-0.08,Matches
472,Alex Telles,,br BRA,DF,Manchester Utd,29-110,1992,11.6,0,0.69,0.17,25,0.69,0.17,0,0,21.8,0.34,0,0,0.03,0.03,0.05,-0.03,-0.03,Matches
473,Luke Thomas,,eng ENG,DF,Leicester City,20-298,2001,17.2,0,0.23,0,0,0.23,0,0,,18.6,0,0,0,0.01,0.01,0.05,-0.01,-0.01,Matches
474,Dominic Thompson,,eng ENG,DF,Brentford,21-252,2000,1.6,0,0.63,0,0,0.62,0,0,,18,0,0,0,0,0,0.02,0,0,Matches
475,Youri Tielemans,,be BEL,MF,Leicester City,24-332,1997,21.1,0.28,2.13,0.62,28.9,2.13,0.62,0.09,0.31,23.9,0,0.09,0.09,0.2,0.13,0.07,0.08,0.06,Matches
476,Kieran Tierney,,sct SCO,DF,Arsenal,24-303,1997,21.3,0.05,0.7,0.23,33.3,0.7,0.23,0.07,0.2,21.2,0,0,0,0.03,0.03,0.05,0.01,0.01,Matches
477,Takehiro Tomiyasu,,jp JPN,DF,Arsenal,23-150,1998,15.4,0,0.58,0.13,22.2,0.59,0.13,0,0,18.8,0,0,0,0.02,0.02,0.04,-0.02,-0.02,Matches
478,James Tomkins,,eng ENG,DF,Crystal Palace,33-006,1989,6.1,0.16,0.66,0.33,50,0.66,0.33,0.25,0.5,12,0,0,0,0.1,0.1,0.14,0.07,0.07,Matches
479,Ivan Toney,,eng ENG,FW,Brentford,26-019,1996,25.3,0.43,2.37,0.79,33.3,2.37,0.79,0.1,0.3,15.3,0,0.2,0.2,0.38,0.23,0.1,0.05,0,Matches
480,Ferran Torres,,es ESP,FW,Manchester City,22-034,2000,3.4,0.59,3.82,1.18,30.8,3.86,1.19,0.15,0.5,14.1,0,0,0,0.74,0.74,0.19,-0.15,-0.15,Matches
481,Cenk Tosun,,tr TUR,FW,Everton,30-301,1991,0.1,0,0,0,,0,0,,,,0,0,0,0,0,,0,0,Matches
482,Andros Townsend,,eng ENG,MF,Everton,30-262,1991,16.2,0.19,1.23,0.56,45,1.24,0.56,0.1,0.22,21.2,0.25,0.06,0.06,0.14,0.09,0.07,0.04,0.03,Matches
483,Adama Traore,,es ESP,FW,Wolves,26-069,1996,11.9,0.08,1.93,0.5,26.1,1.94,0.51,0.04,0.17,18.9,0,0,0,0.2,0.2,0.11,-0.12,-0.12,Matches
484,Bertrand Traore,,bf BFA,FWMF,Aston Villa,26-210,1995,2,0,3,0,0,3.07,0,0,,16.9,0,0,0,0.1,0.1,0.04,-0.1,-0.1,Matches
485,Trezeguet,,eg EGY,FW,Aston Villa,27-185,1994,0.1,0,10,0,0,8.18,0,0,,21,0,0,0,1,1,0.06,-1,-1,Matches
486,Francisco Trincao,,pt POR,FWMF,Wolves,22-096,1999,13.5,0.07,2.07,0.89,42.9,2.08,0.89,0.04,0.08,17.8,0.07,0,0,0.22,0.22,0.11,-0.15,-0.15,Matches
487,Kieran Trippier,,eng ENG,DF,Newcastle Utd,31-197,1990,3.5,0.57,0.57,0.57,100,0.57,0.57,1,1,23.2,0.57,0,0,0.03,0.03,0.06,0.54,0.54,Matches
488,William Troost-Ekong,,ng NGA,DF,Watford,28-215,1993,15.3,0,0.13,0,0,0.13,0,0,,21.8,0,0,0,0.01,0.01,0.05,-0.01,-0.01,Matches
489,Leandro Trossard,,be BEL,FWMF,Brighton,27-121,1994,25.4,0.16,2.48,0.83,33.3,2.48,0.83,0.05,0.14,18.7,0.2,0.04,0.04,0.2,0.17,0.07,-0.04,-0.05,Matches
490,Kostas Tsimikas,,gr GRE,DF,Liverpool,25-327,1996,7.4,0,0.95,0.27,28.6,0.94,0.27,0,0,16.8,0,0,0,0.07,0.07,0.07,-0.07,-0.07,Matches
491,Axel Tuanzebe,,eng ENG,DF,Aston Villa,24-141,1997,5.6,0,0.36,0.18,50,0.35,0.18,0,0,7,0,0,0,0.04,0.04,0.09,-0.04,-0.04,Matches
492,Ozan Tufan,,tr TUR,MF,Watford,27-012,1995,3.7,0,0.81,0,0,0.81,0,0,,17.9,0,0,0,0.14,0.14,0.17,-0.14,-0.14,Matches
493,Christos Tzolis,,gr GRE,FWMF,Norwich City,20-064,2002,3.5,0,1.71,0.57,33.3,1.7,0.57,0,0,18.9,0,0,0,0.14,0.14,0.08,-0.14,-0.14,Matches
494,Yan Valery,,fr FRA,DF,Southampton,23-041,1999,1.5,0,1.33,0,0,1.33,0,0,,28.3,0,0,0,0,0,0.02,0,0,Matches
495,Raphael Varane,,fr FRA,DF,Manchester Utd,28-344,1993,16.3,0,0.49,0,0,0.49,0,0,,8.4,0,0,0,0.04,0.04,0.09,-0.04,-0.04,Matches
496,Jamie Vardy,,eng ENG,FW,Leicester City,35-083,1987,15.6,0.64,2.44,1.03,42.1,2.44,1.03,0.26,0.63,11.8,0,0,0,0.42,0.42,0.17,0.22,0.22,Matches
497,Joel Veltman,,nl NED,DF,Brighton,30-079,1992,23.9,0,0.33,0.04,12.5,0.33,0.04,0,0,18.8,0,0,0,0.02,0.02,0.06,-0.02,-0.02,Matches
498,Jannik Vestergaard,,dk DEN,DF,Leicester City,29-244,1992,6.3,0,0.16,0,0,0.16,0,0,,4.1,0,0,0,0.02,0.02,0.06,-0.02,-0.02,Matches
499,Nikola Vlasic,,hr CRO,FWMF,West Ham,24-182,1997,5.1,0.2,0.98,0.39,40,0.99,0.39,0.2,0.5,15.4,0,0,0,0.2,0.2,0.19,0,0,Matches
500,Matej Vydra,,cz CZE,FW,Burnley,29-338,1992,5,0.2,2.4,0.8,33.3,2.41,0.8,0.08,0.25,14.8,0,0,0,0.4,0.4,0.17,-0.2,-0.2,Matches
501,Theo Walcott,,eng ENG,MFFW,Southampton,33-019,1989,4.2,0,1.43,0,0,1.42,0,0,,15.9,0,0,0,0.17,0.17,0.12,-0.17,-0.17,Matches
502,Kyle Walker,,eng ENG,DF,Manchester City,31-311,1990,18.5,0,0.43,0.11,25,0.43,0.11,0,0,23.5,0.05,0,0,0.02,0.02,0.03,-0.02,-0.02,Matches
503,Kyle Walker-Peters,,eng ENG,DF,Southampton,24-356,1997,21.3,0.05,1.03,0.38,36.4,1.03,0.37,0.05,0.13,19.2,0,0,0,0.04,0.04,0.04,0.01,0.01,Matches
504,Aaron Wan-Bissaka,,eng ENG,DF,Manchester Utd,24-129,1997,17.9,0,0.22,0.06,25,0.22,0.06,0,0,14.9,0,0,0,0.01,0.01,0.04,-0.01,-0.01,Matches
505,Joel Ward,,eng ENG,DF,Crystal Palace,32-157,1989,23,0,0.35,0.04,12.5,0.35,0.04,0,0,20.1,0,0,0,0.01,0.01,0.04,-0.01,-0.01,Matches
506,James Ward-Prowse,,eng ENG,MF,Southampton,27-154,1994,27.7,0.25,1.34,0.54,40.5,1.33,0.54,0.11,0.27,26.9,0.58,0.11,0.11,0.14,0.06,0.04,0.11,0.09,Matches
507,Ollie Watkins,,eng ENG,FW,Aston Villa,26-095,1995,25.1,0.32,2.19,0.88,40,2.2,0.88,0.13,0.32,13.6,0,0.04,0.04,0.38,0.35,0.16,-0.06,-0.07,Matches
508,Adam Webster,,eng ENG,DF,Brighton,27-090,1995,13,0.15,0.54,0.15,28.6,0.54,0.15,0.29,1,9.4,0,0,0,0.08,0.08,0.18,0.08,0.08,Matches
509,Wout Weghorst,,nl NED,FW,Burnley,29-240,1992,9.2,0.11,1.41,0.43,30.8,1.41,0.43,0.08,0.25,15.3,0,0,0,0.16,0.16,0.12,-0.05,-0.05,Matches
510,Danny Welbeck,,eng ENG,FWMF,Brighton,31-129,1990,9.1,0.33,2.31,0.99,42.9,2.31,0.99,0.14,0.33,12,0,0,0,0.25,0.25,0.11,0.08,0.08,Matches
511,Timo Werner,,de GER,FWMF,Chelsea,26-029,1996,8.9,0.11,2.7,0.67,25,2.7,0.67,0.04,0.17,13,0,0,0,0.43,0.43,0.16,-0.31,-0.31,Matches
512,Ashley Westwood,,eng ENG,MF,Burnley,32-003,1990,23.1,0,0.39,0.04,11.1,0.39,0.04,0,0,20.4,0,0,0,0.02,0.02,0.06,-0.02,-0.02,Matches
513,Ben White,,eng ENG,DF,Arsenal,24-178,1997,26,0,0.46,0.12,25,0.46,0.12,0,0,14.1,0,0,0,0.04,0.04,0.08,-0.04,-0.04,Matches
514,Brandon Williams,,eng ENG,DF,Norwich City,21-213,2000,21.5,0,0.05,0,0,0.05,0,0,,18,0,0,0,0,0,0.06,0,0,Matches
515,Neco Williams,,wls WAL,DF,Liverpool,20-356,2001,0.1,0,0,0,,0,0,,,,0,0,0,0,0,,0,0,Matches
516,Joe Willock,,eng ENG,MF,Newcastle Utd,22-227,1999,20.5,0.1,1.51,0.39,25.8,1.51,0.39,0.06,0.25,16.3,0,0,0,0.16,0.16,0.11,-0.06,-0.06,Matches
517,Callum Wilson,,eng ENG,FW,Newcastle Utd,30-036,1992,13.2,0.45,1.89,0.68,36,1.9,0.68,0.2,0.56,11.5,0,0.08,0.08,0.33,0.27,0.15,0.12,0.11,Matches
518,Harry Winks,,eng ENG,MF,Tottenham,26-061,1996,9.6,0,0.31,0.1,33.3,0.31,0.1,0,0,24.2,0,0,0,0.01,0.01,0.04,-0.01,-0.01,Matches
519,Yoane Wissa,,cd COD,FWMF,Brentford,25-213,1996,9.7,0.52,1.75,0.82,47.1,1.76,0.83,0.29,0.63,15.8,0,0,0,0.21,0.21,0.12,0.31,0.31,Matches
520,Chris Wood,,nz NZL,FW,Newcastle Utd,30-118,1991,10.8,0.09,1.67,0.46,27.8,1.67,0.46,0.06,0.2,10.6,0,0,0,0.18,0.18,0.1,-0.08,-0.08,Matches
521,Chris Wood,,nz NZL,FW,Burnley,30-118,1991,15.2,0.2,2.04,0.66,32.3,2.04,0.66,0.1,0.3,11.8,0,0,0,0.3,0.3,0.14,-0.1,-0.1,Matches
522,Freddie Woodman,,eng ENG,GK,Newcastle Utd,25-031,1997,4,0,0,0,,0,0,,,,0,0,0,0,0,,0,0,Matches
523,Granit Xhaka,,ch SUI,MF,Arsenal,29-189,1992,16.2,0,0.93,0,0,0.93,0,0,,21.3,0.06,0,0,0.05,0.05,0.05,-0.05,-0.05,Matches
524,Andriy Yarmolenko,,ua UKR,FWMF,West Ham,32-163,1989,2,0.5,4,1.5,37.5,4.04,1.52,0.13,0.33,16.7,0,0,0,0.25,0.25,0.06,0.25,0.25,Matches
525,Ashley Young,,eng ENG,DFFW,Aston Villa,36-269,1985,12.5,0,0.72,0.16,22.2,0.72,0.16,0,0,20.3,0.08,0,0,0.03,0.03,0.04,-0.03,-0.03,Matches
526,Wilfried Zaha,,ci CIV,FW,Crystal Palace,29-145,1992,22.5,0.4,1.82,0.62,34.1,1.83,0.62,0.15,0.43,19,0,0.13,0.18,0.26,0.12,0.07,0.14,0.14,Matches
527,Christoph Zimmermann,,de GER,DF,Norwich City,29-082,1993,0.5,0,2,2,100,2,2,0,0,22,0,0,0,0,0,0.04,0,0,Matches
528,Oleksandr Zinchenko,,ua UKR,DF,Manchester City,25-110,1996,6.6,0,0.76,0.15,20,0.75,0.15,0,0,23.4,0,0,0,0.02,0.02,0.03,-0.02,-0.02,Matches
529,Hakim Ziyech,,ma MAR,FWMF,Chelsea,29-016,1993,11.7,0.34,3.42,1.28,37.5,3.41,1.28,0.1,0.27,19.4,0.17,0,0,0.26,0.26,0.08,0.09,0.09,Matches
530,Kurt Zouma,,fr FRA,DF,West Ham,27-159,1994,18.8,0.05,0.32,0.11,33.3,0.32,0.11,0.17,0.5,5.5,0,0,0,0.04,0.04,0.14,0.01,0.01,Matches
531,Martin Odegaard,,no NOR,MF,Arsenal,23-108,1998,21,0.24,1.43,0.62,43.3,1.43,0.62,0.17,0.38,19.3,0.38,0,0,0.16,0.16,0.11,0.08,0.08,Matches
