,,,,,,,,,,Standard,Standard,Standard,Standard,Standard,Standard,Standard,Standard,Standard,Performance,Performance,Expected,Expected,Expected,Expected,Expected,
Rk,Name,Player,Nation,Pos,Squad,Age,Born,90s,Gls,Sh,SoT,SoT%,Sh/90,SoT/90,G/Sh,G/SoT,Dist,FK,PK,PKatt,xG,npxG,npxG/Sh,G-xG,np:G-xG,Matches
1,Max Aarons\774cf58b,Max Aarons\774cf58b,eng ENG,DF,Norwich City,22-078,2000,26.6,0,11,2,18.2,0.41,0.08,0,0,20.3,0,0,0,0.7,0.7,0.06,-0.7,-0.7,Matches
2,Che Adams\f2bf1b0f,Che Adams\f2bf1b0f,sct SCO,FW,Southampton,25-253,1996,18.3,7,40,20,50,2.19,1.09,0.18,0.35,13.2,0,0,0,5.5,5.5,0.14,1.5,1.5,Matches
3,Rayan Ait Nouri\9b398aea,Rayan Aït Nouri\9b398aea,fr FRA,DF,Wolves,20-290,2001,15.3,0,8,2,25,0.52,0.13,0,0,15.5,0,0,0,0.4,0.4,0.05,-0.4,-0.4,Matches
4,Kristoffer Ajer\a8c0acb7,Kristoffer Ajer\a8c0acb7,no NOR,DF,Brentford,23-340,1998,15.6,0,3,0,0,0.19,0,0,,10,0,0,0,0.2,0.2,0.06,-0.2,-0.2,Matches
5,Nathan Ake\eaeca114,Nathan Aké\eaeca114,nl NED,DF,Manchester City,27-033,1995,7.5,1,3,1,33.3,0.4,0.13,0.33,1,5.3,0,0,0,0.7,0.7,0.25,0.3,0.3,Matches
6,Marc Albrighton\b827d5b3,Marc Albrighton\b827d5b3,eng ENG,FWDF,Leicester City,32-125,1989,11.1,1,4,1,25,0.36,0.09,0.25,1,16.7,0,0,0,0.5,0.5,0.13,0.5,0.5,Matches
7,Thiago Alcantara\77e84962,Thiago Alcántara\77e84962,es ESP,MF,Liverpool,30-346,1991,11.2,1,18,5,27.8,1.61,0.45,0.06,0.2,16.5,0,0,0,1.5,1.5,0.09,-0.5,-0.5,Matches
8,Trent Alexander-Arnold\cd1acf9d,Trent Alexander-Arnold\cd1acf9d,eng ENG,DF,Liverpool,23-167,1998,25.7,2,41,12,29.3,1.6,0.47,0.05,0.17,22,3,0,0,2.3,2.3,0.06,-0.3,-0.3,Matches
9,Alisson\7a2e46a8,Alisson\7a2e46a8,br BRA,GK,Liverpool,29-172,1992,27,0,0,0,,0,0,,,,0,0,0,0,0,,0,0,Matches
10,Allan\cc700722,Allan\cc700722,br BRA,MF,Everton,31-074,1991,21.5,0,6,3,50,0.28,0.14,0,0,25.1,0,0,0,0.2,0.2,0.03,-0.2,-0.2,Matches
11,Dele Alli\cea4ee8f,Dele Alli\cea4ee8f,eng ENG,MF,Everton,25-346,1996,1.9,0,3,0,0,1.54,0,0,,19.3,0,0,0,0.1,0.1,0.03,-0.1,-0.1,Matches
12,Dele Alli\cea4ee8f,Dele Alli\cea4ee8f,eng ENG,MFFW,Tottenham,25-346,1996,7.3,1,4,2,50,0.55,0.27,0,0,18.2,0,1,1,1.5,0.7,0.18,-0.5,-0.7,Matches
13,Miguel Almiron\862a1c15,Miguel Almirón\862a1c15,py PAR,MFFW,Newcastle Utd,28-041,1994,12.6,0,19,5,26.3,1.5,0.4,0,0,20,0,0,0,1,1,0.05,-1,-1,Matches
14,Marcos Alonso\f4290206,Marcos Alonso\f4290206,es ESP,DF,Chelsea,31-085,1990,16.1,1,25,5,20,1.55,0.31,0.04,0.2,21.7,8,0,0,1.8,1.8,0.07,-0.8,-0.8,Matches
15,Steven Alzate\ad1f61f3,Steven Alzate\ad1f61f3,co COL,MF,Brighton,23-196,1998,4.5,0,1,1,100,0.22,0.22,0,0,18.4,0,0,0,0.1,0.1,0.07,-0.1,-0.1,Matches
16,Daniel Amartey\1a4ef233,Daniel Amartey\1a4ef233,gh GHA,DF,Leicester City,27-092,1994,16.7,0,1,1,100,0.06,0.06,0,0,33.2,0,0,0,0,0,0.01,0,0,Matches
17,Joachim Andersen\e34fc66d,Joachim Andersen\e34fc66d,dk DEN,DF,Crystal Palace,25-296,1996,23.4,0,5,2,40,0.21,0.09,0,0,13.4,0,0,0,0.4,0.4,0.08,-0.4,-0.4,Matches
18,Michail Antonio\ac05f970,Michail Antonio\ac05f970,jm JAM,FW,West Ham,31-360,1990,27.6,8,69,21,30.4,2.5,0.76,0.12,0.38,14.3,0,0,1,8.7,8.4,0.12,-0.7,-0.4,Matches
19,Cameron Archer\05e8ca6d,Cameron Archer\05e8ca6d,eng ENG,MFFW,Aston Villa,20-245,2001,0.3,0,1,0,0,3.33,0,0,,13,0,0,0,0,0,0.02,0,0,Matches
20,Alphonse Areola\2f965a72,Alphonse Areola\2f965a72,fr FRA,GK,West Ham,29-024,1993,1,0,0,0,,0,0,,,,0,0,0,0,0,,0,0,Matches
21,Adam Armstrong\68c720b5,Adam Armstrong\68c720b5,eng ENG,FWMF,Southampton,25-041,1997,13.5,2,44,14,31.8,3.26,1.04,0.05,0.14,17.2,0,0,0,4.1,4.1,0.09,-2.1,-2.1,Matches
22,Stuart Armstrong\97333cf5,Stuart Armstrong\97333cf5,sct SCO,MF,Southampton,29-358,1992,10.7,2,30,7,23.3,2.79,0.65,0.07,0.29,19.3,0,0,0,2.4,2.4,0.08,-0.4,-0.4,Matches
23,Kepa Arrizabalaga\28d596a0,Kepa Arrizabalaga\28d596a0,es ESP,GK,Chelsea,27-171,1994,4,0,0,0,,0,0,,,,0,0,0,0,0,,0,0,Matches
24,Harrison Ashby\b391383a,Harrison Ashby\b391383a,sct SCO,DF,West Ham,20-129,2001,0.1,0,0,0,,0,0,,,,0,0,0,0,0,,0,0,Matches
25,Pierre-Emerick Aubameyang\d5dd5f1f,Pierre-Emerick Aubameyang\d5dd5f1f,ga GAB,FW,Arsenal,32-278,1989,11.5,4,33,16,48.5,2.86,1.39,0.12,0.25,14.2,0,0,2,5.8,4.1,0.13,-1.8,-0.1,Matches
26,Jordan Ayew\da052c14,Jordan Ayew\da052c14,gh GHA,FW,Crystal Palace,30-193,1991,17.3,1,28,5,17.9,1.62,0.29,0.04,0.2,17.3,1,0,0,2.5,2.5,0.09,-1.5,-1.5,Matches
27,Luke Ayling\420d7c7d,Luke Ayling\420d7c7d,eng ENG,DF,Leeds United,30-210,1991,21,2,16,3,18.8,0.76,0.14,0.13,0.67,12.3,0,0,0,1.4,1.4,0.09,0.6,0.6,Matches
28,Cesar Azpilicueta\53cad200,César Azpilicueta\53cad200,es ESP,DF,Chelsea,32-207,1989,15.9,0,8,2,25,0.5,0.13,0,0,13.7,0,0,0,0.7,0.7,0.09,-0.7,-0.7,Matches
29,Daniel Bachmann\1c0eea98,Daniel Bachmann\1c0eea98,at AUT,GK,Watford,27-257,1994,11,0,0,0,,0,0,,,,0,0,0,0,0,,0,0,Matches
30,Leon Bailey\3a233281,Leon Bailey\3a233281,jm JAM,FWMF,Aston Villa,24-226,1997,5.8,1,15,6,40,2.59,1.04,0.07,0.17,18.4,4,0,0,1.2,1.2,0.08,-0.2,-0.2,Matches
31,Eric Bailly\a1232f4e,Eric Bailly\a1232f4e,ci CIV,DF,Manchester Utd,27-345,1994,2.4,0,0,0,,0,0,,,,0,0,0,0,0,,0,0,Matches
32,Folarin Balogun\31822f8c,Folarin Balogun\31822f8c,eng ENG,FW,Arsenal,20-263,2001,0.8,0,3,0,0,3.86,0,0,,14,0,0,0,0.3,0.3,0.09,-0.3,-0.3,Matches
33,Patrick Bamford\93feac6e,Patrick Bamford\93feac6e,eng ENG,FW,Leeds United,28-199,1993,6.2,2,20,5,25,3.22,0.81,0.1,0.4,13.6,0,0,0,4,4,0.2,-2,-2,Matches
34,Shandon Baptiste\2886c9b5,Shandon Baptiste\2886c9b5,gd GRN,MF,Brentford,23-349,1998,9.8,1,12,4,33.3,1.23,0.41,0.08,0.25,18.9,0,0,0,0.8,0.8,0.06,0.2,0.2,Matches
35,Ross Barkley\3a24769f,Ross Barkley\3a24769f,eng ENG,MF,Chelsea,28-108,1993,1.7,0,6,1,16.7,3.51,0.58,0,0,22.1,0,0,0,0.8,0.8,0.14,-0.8,-0.8,Matches
36,Ashley Barnes\2691c772,Ashley Barnes\2691c772,eng ENG,FW,Burnley,32-144,1989,4.7,0,8,3,37.5,1.69,0.64,0,0,12.9,0,0,0,0.7,0.7,0.08,-0.7,-0.7,Matches
37,Harvey Barnes\3ea50f67,Harvey Barnes\3ea50f67,eng ENG,FWMF,Leicester City,24-104,1997,17.4,3,47,19,40.4,2.7,1.09,0.06,0.16,15.6,0,0,0,4.7,4.7,0.1,-1.7,-1.7,Matches
38,Lewis Bate\cd4256d3,Lewis Bate\cd4256d3,eng ENG,MF,Leeds United,19-145,2002,0.5,0,0,0,,0,0,,,,0,0,0,0,0,,0,0,Matches
39,Mads Bech Sorensen\30db8574,Mads Bech Sørensen\30db8574,dk DEN,DF,Brentford,23-075,1999,4.2,0,1,0,0,0.24,0,0,,8.9,0,0,0,0,0,0.05,0,0,Matches
40,Jan Bednarek\4115ce4e,Jan Bednarek\4115ce4e,pl POL,DF,Southampton,25-345,1996,22.2,3,16,6,37.5,0.72,0.27,0.19,0.5,7.1,0,0,0,2.2,2.2,0.13,0.8,0.8,Matches
41,Donny van de Beek\50dc94ce,Donny van de Beek\50dc94ce,nl NED,MF,Manchester Utd,24-339,1997,0.8,1,2,1,50,2.4,1.2,0.5,1,9.3,0,0,0,0.7,0.7,0.36,0.3,0.3,Matches
42,Donny van de Beek\50dc94ce,Donny van de Beek\50dc94ce,nl NED,MF,Everton,24-339,1997,4.8,0,4,0,0,0.84,0,0,,22.8,0,0,0,0.1,0.1,0.03,-0.1,-0.1,Matches
43,Asmir Begovi?\7b4de647,Asmir Begovi?\7b4de647,ba BIH,GK,Everton,34-276,1987,2,0,0,0,,0,0,,,,0,0,0,0,0,,0,0,Matches
44,Said Benrahma\5a04fd92,Saïd Benrahma\5a04fd92,dz ALG,FWMF,West Ham,26-225,1995,19.9,6,54,18,33.3,2.71,0.9,0.11,0.33,18.9,3,0,0,4.1,4.1,0.08,1.9,1.9,Matches
45,Rodrigo Bentancur\3b8674e6,Rodrigo Bentancur\3b8674e6,uy URU,MF,Tottenham,24-291,1997,6.8,0,4,0,0,0.59,0,0,,15.4,0,0,0,0.2,0.2,0.05,-0.2,-0.2,Matches
46,Christian Benteke\ab070c55,Christian Benteke\ab070c55,be BEL,FW,Crystal Palace,31-110,1990,12.4,4,39,13,33.3,3.15,1.05,0.1,0.31,11.4,0,0,0,5.4,5.4,0.14,-1.4,-1.4,Matches
47,Johann Berg Gudmundsson\f72293fc,Jóhann Berg Guðmundsson\f72293fc,is ISL,MF,Burnley,31-147,1990,12.2,0,19,4,21.1,1.55,0.33,0,0,19.7,2,0,0,1.7,1.7,0.09,-1.7,-1.7,Matches
48,Steven Bergwijn\a29b1131,Steven Bergwijn\a29b1131,nl NED,FWMF,Tottenham,24-166,1997,5.5,2,16,9,56.3,2.9,1.63,0.13,0.22,16,0,0,0,2.3,2.3,0.14,-0.3,-0.3,Matches
49,Ryan Bertrand\01226327,Ryan Bertrand\01226327,eng ENG,DF,Leicester City,32-230,1989,3.7,0,0,0,,0,0,,,,0,0,0,0,0,,0,0,Matches
50,Mads Bidstrup\407db0d5,Mads Bidstrup\407db0d5,dk DEN,MF,Brentford,21-026,2001,0.5,0,0,0,,0,0,,,,0,0,0,0,0,,0,0,Matches
51,Yves Bissouma\6c203af0,Yves Bissouma\6c203af0,ml MLI,MF,Brighton,25-205,1996,18.1,0,18,3,16.7,0.99,0.17,0,0,23.6,1,0,0,0.8,0.8,0.05,-0.8,-0.8,Matches
52,Willy Boly\a4ac4b8f,Willy Boly\a4ac4b8f,ci CIV,DF,Wolves,31-048,1991,2,0,0,0,,0,0,,,,0,0,0,0,0,,0,0,Matches
53,Jarrod Bowen\79c84d1c,Jarrod Bowen\79c84d1c,eng ENG,FW,West Ham,25-093,1996,26.2,8,67,27,40.3,2.56,1.03,0.12,0.3,15.4,0,0,0,8.9,8.9,0.13,-0.9,-0.9,Matches
54,Jarrad Branthwaite\c1949191,Jarrad Branthwaite\c1949191,eng ENG,DF,Everton,19-269,2002,2.1,1,2,2,100,0.94,0.94,0.5,0.5,14,0,0,0,0.4,0.4,0.21,0.6,0.6,Matches
55,Armando Broja\97220da2,Armando Broja\97220da2,al ALB,FW,Southampton,20-194,2001,16.8,6,40,18,45,2.38,1.07,0.15,0.33,12.2,0,0,0,6.3,6.3,0.16,-0.3,-0.3,Matches
56,Josh Brownhill\47369df8,Josh Brownhill\47369df8,eng ENG,MF,Burnley,26-094,1995,22.4,1,20,6,30,0.89,0.27,0.05,0.17,23,3,0,0,1,1,0.05,0,0,Matches
57,Bryan\7b5ab7f2,Bryan\7b5ab7f2,es ESP,FWMF,Tottenham,21-040,2001,1,0,1,1,100,0.96,0.96,0,0,16.2,0,0,0,0,0,0.03,0,0,Matches
58,Emi Buendia\66b76d44,Emi Buendía\66b76d44,ar ARG,FWMF,Aston Villa,25-088,1996,17.1,2,32,11,34.4,1.87,0.64,0.06,0.18,17.9,0,0,0,2.2,2.2,0.07,-0.2,-0.2,Matches
59,Dan Burn\b2d31e83,Dan Burn\b2d31e83,eng ENG,DF,Brighton,29-318,1992,11.4,1,7,3,42.9,0.62,0.26,0.14,0.33,7.4,0,0,0,1.3,1.3,0.18,-0.3,-0.3,Matches
60,Dan Burn\b2d31e83,Dan Burn\b2d31e83,eng ENG,DF,Newcastle Utd,29-318,1992,7,0,5,0,0,0.71,0,0,,7.8,0,0,0,0.3,0.3,0.06,-0.3,-0.3,Matches
61,Jack Butland\cc70a1d5,Jack Butland\cc70a1d5,eng ENG,GK,Crystal Palace,29-013,1993,5.5,0,0,0,,0,0,,,,0,0,0,0,0,,0,0,Matches
62,Sam Byram\1bf811d4,Sam Byram\1bf811d4,eng ENG,DFMF,Norwich City,28-188,1993,3,0,3,1,33.3,0.99,0.33,0,0,9.1,0,0,0,0.5,0.5,0.17,-0.5,-0.5,Matches
63,Willy Caballero\a179d516,Willy Caballero\a179d516,ar ARG,GK,Southampton,40-176,1981,2,0,0,0,,0,0,,,,0,0,0,0,0,,0,0,Matches
64,Dominic Calvert-Lewin\59e6e5bf,Dominic Calvert-Lewin\59e6e5bf,eng ENG,FW,Everton,25-007,1997,8.5,3,23,8,34.8,2.72,0.94,0.04,0.13,13.3,0,2,3,5.7,3.5,0.15,-2.7,-2.5,Matches
65,Joao Cancelo\bd6351cd,João Cancelo\bd6351cd,pt POR,DF,Manchester City,27-300,1994,26.9,1,60,20,33.3,2.23,0.74,0.02,0.05,22.1,1,0,0,2.9,2.9,0.05,-1.9,-1.9,Matches
66,Sergi Canos\1137759d,Sergi Canós\1137759d,es ESP,DF,Brentford,25-049,1997,22.8,2,31,10,32.3,1.36,0.44,0.06,0.2,16.2,1,0,0,2.9,2.9,0.09,-0.9,-0.9,Matches
67,Todd Cantwell\f63d8a4b,Todd Cantwell\f63d8a4b,eng ENG,FWMF,Norwich City,24-024,1998,4.9,0,4,0,0,0.82,0,0,,28.8,0,0,0,0.2,0.2,0.04,-0.2,-0.2,Matches
68,Matty Cash\2389cdc2,Matty Cash\2389cdc2,pl POL,DF,Aston Villa,24-228,1997,28.5,3,24,6,25,0.84,0.21,0.13,0.5,18.5,0,0,0,1.7,1.7,0.07,1.3,1.3,Matches
69,Timothy Castagne\197640fd,Timothy Castagne\197640fd,be BEL,DF,Leicester City,26-108,1995,14.8,1,2,1,50,0.13,0.07,0.5,1,19.5,0,0,0,0.1,0.1,0.05,0.9,0.9,Matches
70,Jonny Castro\e28868f3,Jonny Castro\e28868f3,es ESP,DF,Wolves,28-020,1994,4,1,4,2,50,1.01,0.51,0.25,0.5,18.3,0,0,0,0.5,0.5,0.11,0.5,0.5,Matches
71,Craig Cathcart\89e4b358,Craig Cathcart\89e4b358,nir NIR,DF,Watford,33-045,1989,24.3,0,2,0,0,0.08,0,0,,9,0,0,0,0.1,0.1,0.04,-0.1,-0.1,Matches
72,Edinson Cavani\527f063d,Edinson Cavani\527f063d,uy URU,FW,Manchester Utd,35-037,1987,6.8,2,16,4,25,2.34,0.59,0.13,0.5,11.6,0,0,0,3.1,3.1,0.19,-1.1,-1.1,Matches
73,Kayky Chagas\17734ea0,Kayky Chagas\17734ea0,br BRA,FW,Manchester City,18-285,2003,0.1,0,0,0,,0,0,,,,0,0,0,0,0,,0,0,Matches
74,Trevoh Chalobah\5515376c,Trevoh Chalobah\5515376c,eng ENG,DF,Chelsea,22-261,1999,13.1,3,5,4,80,0.38,0.31,0.6,0.75,14.5,0,0,0,0.8,0.8,0.17,2.2,2.2,Matches
75,Calum Chambers\dc6f5bdd,Calum Chambers\dc6f5bdd,eng ENG,DF,Arsenal,27-062,1995,1.9,0,2,0,0,1.06,0,0,,20.3,0,0,0,0.1,0.1,0.04,-0.1,-0.1,Matches
76,Calum Chambers\dc6f5bdd,Calum Chambers\dc6f5bdd,eng ENG,DF,Aston Villa,27-062,1995,5,1,2,1,50,0.4,0.2,0.5,1,15.5,0,0,0,0.1,0.1,0.05,0.9,0.9,Matches
77,Daniel Chesters\240c8ab6,Daniel Chesters\240c8ab6,eng ENG,MF,West Ham,19-353,2002,0,0,0,0,,0,0,,,,0,0,0,0,0,,0,0,Matches
78,Ben Chilwell\d2424d1b,Ben Chilwell\d2424d1b,eng ENG,DF,Chelsea,25-092,1996,6,3,13,6,46.2,2.17,1,0.23,0.5,17.9,0,0,0,1.2,1.2,0.09,1.8,1.8,Matches
79,Chiquinho\dc6c2f02,Chiquinho\dc6c2f02,pt POR,MFDF,Wolves,22-046,2000,0.6,0,2,1,50,3.53,1.76,0,0,6.5,0,0,0,0.3,0.3,0.13,-0.3,-0.3,Matches
80,Hamza Choudhury\7d2d3329,Hamza Choudhury\7d2d3329,eng ENG,DFMF,Leicester City,24-173,1997,3.2,0,1,0,0,0.32,0,0,,12.8,0,0,0,0,0,0.02,0,0,Matches
81,Andreas Christensen\1cb49278,Andreas Christensen\1cb49278,dk DEN,DF,Chelsea,25-347,1996,14.1,0,5,0,0,0.35,0,0,,19.6,0,0,0,0.4,0.4,0.08,-0.4,-0.4,Matches
82,Carney Chukwuemeka\b2f9c73e,Carney Chukwuemeka\b2f9c73e,eng ENG,MFFW,Aston Villa,18-075,2004,2.2,0,3,1,33.3,1.39,0.46,0,0,16.7,0,0,0,0.5,0.5,0.16,-0.5,-0.5,Matches
83,Ciaran Clark\2b91cf8e,Ciaran Clark\2b91cf8e,ie IRL,DF,Newcastle Utd,32-178,1989,11.3,0,7,1,14.3,0.62,0.09,0,0,7,0,0,0,0.8,0.8,0.11,-0.8,-0.8,Matches
84,Tom Cleverley\6cdd8245,Tom Cleverley\6cdd8245,eng ENG,MF,Watford,32-223,1989,15.2,0,12,7,58.3,0.79,0.46,0,0,23.2,0,0,0,0.8,0.8,0.06,-0.8,-0.8,Matches
85,Nathaniel Clyne\0442183b,Nathaniel Clyne\0442183b,eng ENG,DF,Crystal Palace,30-352,1991,6,0,1,1,100,0.17,0.17,0,0,28.6,0,0,0,0,0,0.02,0,0,Matches
86,Conor Coady\2928dca2,Conor Coady\2928dca2,eng ENG,DF,Wolves,29-026,1993,29.8,3,11,3,27.3,0.37,0.1,0.27,1,12,0,0,0,1.8,1.8,0.16,1.2,1.2,Matches
87,Seamus Coleman\0420d84f,Séamus Coleman\0420d84f,ie IRL,DF,Everton,33-163,1988,21.6,1,8,1,12.5,0.37,0.05,0.13,1,17.2,0,0,0,1,1,0.12,0,0,Matches
88,Nathan Collins\a8c19eb8,Nathan Collins\a8c19eb8,ie IRL,DF,Burnley,20-327,2001,8.6,0,3,1,33.3,0.35,0.12,0,0,6.3,0,0,0,0.4,0.4,0.13,-0.4,-0.4,Matches
89,Aaron Connolly\27c01749,Aaron Connolly\27c01749,ie IRL,FW,Brighton,22-054,2000,1.7,0,2,0,0,1.15,0,0,,14.9,0,0,0,0.5,0.5,0.23,-0.5,-0.5,Matches
90,Liam Cooper\dc64b8b3,Liam Cooper\dc64b8b3,sct SCO,DF,Leeds United,30-205,1991,14.2,0,4,0,0,0.28,0,0,,11,0,0,0,0.2,0.2,0.06,-0.2,-0.2,Matches
91,Jack Cork\74e12f1e,Jack Cork\74e12f1e,eng ENG,MF,Burnley,32-271,1989,9.8,0,3,0,0,0.31,0,0,,22.8,0,0,0,0.1,0.1,0.03,-0.1,-0.1,Matches
92,Maxwel Cornet\beb391dd,Maxwel Cornet\beb391dd,ci CIV,FWMF,Burnley,25-177,1996,12.2,6,28,14,50,2.3,1.15,0.21,0.43,17.1,4,0,0,3,3,0.11,3,3,Matches
93,Helder Costa\f13d02a6,Hélder Costa\f13d02a6,ao ANG,MF,Leeds United,28-070,1994,0.2,0,1,0,0,4.09,0,0,,22.4,0,0,0,0,0,0.03,0,0,Matches
94,Vladimir Coufal\fdf3cb77,Vladimír Coufal\fdf3cb77,cz CZE,DF,West Ham,29-213,1992,18.7,0,11,4,36.4,0.59,0.21,0,0,17,0,0,0,0.6,0.6,0.06,-0.6,-0.6,Matches
95,Philippe Coutinho\0ef89a37,Philippe Coutinho\0ef89a37,br BRA,MFFW,Aston Villa,29-284,1992,8.6,4,25,11,44,2.91,1.28,0.16,0.36,17.8,3,0,0,3.3,3.3,0.13,0.7,0.7,Matches
96,Aaron Cresswell\4f974391,Aaron Cresswell\4f974391,eng ENG,DF,West Ham,32-098,1989,22.3,1,12,2,16.7,0.54,0.09,0.08,0.5,21,6,0,0,0.7,0.7,0.06,0.3,0.3,Matches
97,Charlie Cresswell\4654e5f5,Charlie Cresswell\4654e5f5,eng ENG,DF,Leeds United,19-106,2002,1.6,0,1,0,0,0.64,0,0,,10,0,0,0,0.1,0.1,0.08,-0.1,-0.1,Matches
98,Cucho\71b47ab9,Cucho\71b47ab9,co COL,FWMF,Watford,22-337,1999,11.3,5,32,9,28.1,2.84,0.8,0.16,0.56,19,5,0,0,2.5,2.5,0.08,2.5,2.5,Matches
99,Marc Cucurella\1daec722,Marc Cucurella\1daec722,es ESP,DF,Brighton,23-244,1998,25.3,0,13,2,15.4,0.51,0.08,0,0,22.3,0,0,0,0.4,0.4,0.03,-0.4,-0.4,Matches
100,Luke Cundle\cc3b8e78,Luke Cundle\cc3b8e78,eng ENG,MF,Wolves,19-331,2002,0.9,0,0,0,,0,0,,,,0,0,0,0,0,,0,0,Matches
101,Patson Daka\ca45605e,Patson Daka\ca45605e,zm ZAM,FW,Leicester City,23-165,1998,8.5,4,19,11,57.9,2.23,1.29,0.21,0.36,15.1,0,0,0,3.3,3.3,0.17,0.7,0.7,Matches
102,Stuart Dallas\67ca8566,Stuart Dallas\67ca8566,nir NIR,DFMF,Leeds United,30-338,1991,28.9,1,28,7,25,0.97,0.24,0.04,0.14,21.1,0,0,0,1.9,1.9,0.07,-0.9,-0.9,Matches
103,Diogo Dalot\d9565625,Diogo Dalot\d9565625,pt POR,DF,Manchester Utd,23-005,1999,12.1,0,8,3,37.5,0.66,0.25,0,0,21.7,0,0,0,0.4,0.4,0.05,-0.4,-0.4,Matches
104,Karl Darlow\cde3309f,Karl Darlow\cde3309f,eng ENG,GK,Newcastle Utd,31-166,1990,8,0,0,0,,0,0,,,,0,0,0,0,0,,0,0,Matches
105,Josh Dasilva\60344e4f,Josh Dasilva\60344e4f,eng ENG,MFFW,Brentford,23-151,1998,1.5,0,0,0,,0,0,,,,0,0,0,0,0,,0,0,Matches
106,Ben Davies\44781702,Ben Davies\44781702,wls WAL,DF,Tottenham,28-333,1993,19.3,0,12,4,33.3,0.62,0.21,0,0,16.3,0,0,0,1.3,1.3,0.11,-1.3,-1.3,Matches
107,Tom Davies\9228b07c,Tom Davies\9228b07c,eng ENG,MF,Everton,23-266,1998,1.8,1,6,2,33.3,3.42,1.14,0.17,0.5,16.4,0,0,0,0.9,0.9,0.15,0.1,0.1,Matches
108,Keinan Davis\9deaf2c8,Keinan Davis\9deaf2c8,eng ENG,FW,Aston Villa,24-038,1998,0.1,0,0,0,,0,0,,,,0,0,0,0,0,,0,0,Matches
109,Craig Dawson\3e9e06cb,Craig Dawson\3e9e06cb,eng ENG,DF,West Ham,31-321,1990,23.9,2,22,5,22.7,0.92,0.21,0.09,0.4,7.9,0,0,0,2.5,2.5,0.11,-0.5,-0.5,Matches
110,Kevin De Bruyne\e46012d4,Kevin De Bruyne\e46012d4,be BEL,MF,Manchester City,30-268,1991,17.1,9,55,23,41.8,3.22,1.35,0.16,0.39,18.7,3,0,0,4.5,4.5,0.08,4.5,4.5,Matches
111,Troy Deeney\82e34b69,Troy Deeney\82e34b69,eng ENG,FW,Watford,33-267,1988,0.3,0,2,0,0,7.2,0,0,,9,0,0,0,0.4,0.4,0.2,-0.4,-0.4,Matches
112,Liam Delap\dd897ee7,Liam Delap\dd897ee7,eng ENG,FW,Manchester City,19-043,2003,0.1,0,0,0,,0,0,,,,0,0,0,0,0,,0,0,Matches
113,Fabian Delph\111c3236,Fabian Delph\111c3236,eng ENG,MF,Everton,32-122,1989,2.8,0,1,0,0,0.36,0,0,,28,0,0,0,0,0,0.02,0,0,Matches
114,Leander Dendoncker\5a7301ae,Leander Dendoncker\5a7301ae,be BEL,MFFW,Wolves,26-342,1995,15.7,1,17,7,41.2,1.08,0.45,0.06,0.14,15.5,0,0,0,1.6,1.6,0.09,-0.6,-0.6,Matches
115,Emmanuel Dennis\2c44a35d,Emmanuel Dennis\2c44a35d,ng NGA,FWMF,Watford,24-128,1997,24.2,9,54,24,44.4,2.24,0.99,0.17,0.38,14.6,4,0,0,6.8,6.8,0.13,2.2,2.2,Matches
116,Kiernan Dewsbury Hall\5c74c0f5,Kiernan Dewsbury Hall\5c74c0f5,eng ENG,MF,Leicester City,23-198,1998,13.7,0,14,1,7.1,1.02,0.07,0,0,21,1,0,0,1,1,0.07,-1,-1,Matches
117,Ibrahima Diallo\11ff3d56,Ibrahima Diallo\11ff3d56,fr FRA,MF,Southampton,23-015,1999,8.4,0,7,3,42.9,0.83,0.36,0,0,19.9,0,0,0,0.4,0.4,0.06,-0.4,-0.4,Matches
118,Raphael Dias Belloli\3423f250,Raphael Dias Belloli\3423f250,br BRA,MFFW,Leeds United,25-099,1996,25,9,70,17,24.3,2.8,0.68,0.09,0.35,20.4,9,3,3,9.2,6.9,0.1,-0.2,-0.9,Matches
119,Ruben Dias\31c69ef1,Rúben Dias\31c69ef1,pt POR,DF,Manchester City,24-313,1997,23.7,2,15,3,20,0.63,0.13,0.13,0.67,11.6,0,0,0,1.5,1.5,0.1,0.5,0.5,Matches
120,Luis Diaz\4a1a9578,Luis Díaz\4a1a9578,co COL,FW,Liverpool,25-069,1997,5.5,2,19,7,36.8,3.45,1.27,0.11,0.29,17.3,0,0,0,2.3,2.3,0.12,-0.3,-0.3,Matches
121,Eric Dier\ac861941,Eric Dier\ac861941,eng ENG,DF,Tottenham,28-067,1994,25.1,0,9,3,33.3,0.36,0.12,0,0,13.3,3,0,0,0.9,0.9,0.1,-0.9,-0.9,Matches
122,Lucas Digne\1b84dbe1,Lucas Digne\1b84dbe1,fr FRA,DF,Aston Villa,28-246,1993,7.1,0,6,1,16.7,0.85,0.14,0,0,14.1,1,0,0,0.5,0.5,0.08,-0.5,-0.5,Matches
123,Lucas Digne\1b84dbe1,Lucas Digne\1b84dbe1,fr FRA,DF,Everton,28-246,1993,13,0,9,1,11.1,0.69,0.08,0,0,21.1,3,0,0,0.4,0.4,0.05,-0.4,-0.4,Matches
124,Virgil van Dijk\e06683ca,Virgil van Dijk\e06683ca,nl NED,DF,Liverpool,30-258,1991,27,3,27,11,40.7,1,0.41,0.11,0.27,11.4,1,0,0,2,2,0.08,1,1,Matches
125,Issa Diop\a712ca2b,Issa Diop\a712ca2b,fr FRA,DF,West Ham,25-073,1997,9,0,1,1,100,0.11,0.11,0,0,7.2,0,0,0,0.1,0.1,0.05,-0.1,-0.1,Matches
126,Moussa Djenepo\254147d4,Moussa Djenepo\254147d4,ml MLI,MF,Southampton,23-281,1998,4.9,0,10,1,10,2.05,0.21,0,0,15.9,0,0,0,1.5,1.5,0.15,-1.5,-1.5,Matches
127,Lewis Dobbin\e814e1cf,Lewis Dobbin\e814e1cf,eng ENG,FWMF,Everton,19-079,2003,0.4,0,0,0,,0,0,,,,0,0,0,0,0,,0,0,Matches
128,Matt Doherty\d557d734,Matt Doherty\d557d734,ie IRL,DF,Tottenham,30-066,1992,8.5,1,14,5,35.7,1.65,0.59,0.07,0.2,14.3,0,0,0,2,2,0.14,-1,-1,Matches
129,Gabriel Dos Santos\67ac5bb8,Gabriel Dos Santos\67ac5bb8,br BRA,DF,Arsenal,24-094,1997,24.4,3,21,7,33.3,0.86,0.29,0.14,0.43,11.4,0,0,0,1.9,1.9,0.09,1.1,1.1,Matches
130,Abdoulaye Doucoure\02b29014,Abdoulaye Doucouré\02b29014,fr FRA,MF,Everton,29-081,1993,19.7,2,25,6,24,1.27,0.3,0.08,0.33,16.9,0,0,0,1.9,1.9,0.08,0.1,0.1,Matches
131,Kieran Dowell\2f6ec02a,Kieran Dowell\2f6ec02a,eng ENG,FWMF,Norwich City,24-164,1997,4,0,3,0,0,0.76,0,0,,26,2,0,0,0.2,0.2,0.05,-0.2,-0.2,Matches
132,Cody Drameh\e0d1510a,Cody Drameh\e0d1510a,eng ENG,DF,Leeds United,20-105,2001,1.4,0,0,0,,0,0,,,,0,0,0,0,0,,0,0,Matches
133,Martin Dubravka\3a949a25,Martin Dúbravka\3a949a25,sk SVK,GK,Newcastle Utd,33-067,1989,17,0,0,0,,0,0,,,,0,0,0,0,0,,0,0,Matches
134,Shane Duffy\7314bba4,Shane Duffy\7314bba4,ie IRL,DF,Brighton,30-081,1992,16,1,21,5,23.8,1.32,0.31,0.05,0.2,9.3,0,0,0,1.3,1.3,0.06,-0.3,-0.3,Matches
135,Paul Dummett\3fe6bd8c,Paul Dummett\3fe6bd8c,wls WAL,DF,Newcastle Utd,30-178,1991,2.2,0,0,0,,0,0,,,,0,0,0,0,0,,0,0,Matches
136,Lewis Dunk\282f75f3,Lewis Dunk\282f75f3,eng ENG,DF,Brighton,30-122,1991,19.6,1,12,5,41.7,0.61,0.26,0.08,0.2,9.7,0,0,0,0.8,0.8,0.06,0.2,0.2,Matches
137,Ederson\3bb7b8b4,Ederson\3bb7b8b4,br BRA,GK,Manchester City,28-218,1993,28,0,0,0,,0,0,,,,0,0,0,0,0,,0,0,Matches
138,Odsonne Edouard\0562b7f1,Odsonne Édouard\0562b7f1,fr FRA,FW,Crystal Palace,24-066,1998,14.1,6,34,14,41.2,2.41,0.99,0.15,0.36,13,0,1,1,6.5,5.7,0.17,-0.5,-0.7,Matches
139,Anthony Elanga\2fba6108,Anthony Elanga\2fba6108,se SWE,FW,Manchester Utd,19-330,2002,6.1,2,13,4,30.8,2.13,0.65,0.15,0.5,14.5,0,0,0,2.2,2.2,0.17,-0.2,-0.2,Matches
140,Harvey Elliott\c8387671,Harvey Elliott\c8387671,eng ENG,MF,Liverpool,18-353,2003,3.1,0,7,1,14.3,2.23,0.32,0,0,16.3,0,0,0,0.7,0.7,0.11,-0.7,-0.7,Matches
141,Mohamed Elneny\47a34c4f,Mohamed Elneny\47a34c4f,eg EGY,MF,Arsenal,29-255,1992,2,0,1,0,0,0.51,0,0,,23,0,0,0,0,0,0.02,0,0,Matches
142,Mohamed Elyounoussi\68dc0dac,Mohamed Elyounoussi\68dc0dac,no NOR,MF,Southampton,27-231,1994,16.8,4,38,15,39.5,2.27,0.89,0.11,0.27,13.9,0,0,0,4.7,4.7,0.13,-0.7,-0.7,Matches
143,Emerson\df8b52a5,Emerson\df8b52a5,br BRA,DF,Tottenham,23-068,1999,16.8,0,8,1,12.5,0.48,0.06,0,0,14.4,0,0,0,0.6,0.6,0.07,-0.6,-0.6,Matches
144,Christian Eriksen\980522ec,Christian Eriksen\980522ec,dk DEN,MF,Brentford,30-037,1992,2.4,0,3,1,33.3,1.23,0.41,0,0,21.8,0,0,0,0.2,0.2,0.05,-0.2,-0.2,Matches
145,Oghenekaro Etebo\b579e83d,Oghenekaro Etebo\b579e83d,ng NGA,MF,Watford,26-134,1995,4.3,0,3,0,0,0.69,0,0,,30.9,0,0,0,0,0,0.02,0,0,Matches
146,Jonny Evans\f8fcd2a5,Jonny Evans\f8fcd2a5,nir NIR,DF,Leicester City,34-079,1988,8.7,1,3,2,66.7,0.35,0.23,0.33,0.5,5.7,0,0,0,0.7,0.7,0.25,0.3,0.3,Matches
147,Eberechi Eze\ae4fc6a4,Eberechi Eze\ae4fc6a4,eng ENG,MFFW,Crystal Palace,23-267,1998,1.6,0,2,0,0,1.27,0,0,,26.6,0,0,0,0,0,0.02,0,0,Matches
148,Lukasz Fabianski\9328b835,?ukasz Fabia?ski\9328b835,pl POL,GK,West Ham,36-339,1985,29,0,0,0,,0,0,,,,0,0,0,0,0,,0,0,Matches
149,Fabinho\7f3b388c,Fabinho\7f3b388c,br BRA,MF,Liverpool,28-151,1993,20.9,4,16,7,43.8,0.77,0.33,0.19,0.43,17.3,0,1,1,2.5,1.8,0.12,1.5,1.2,Matches
150,Kiko Femenia\e5d01ecf,Kiko Femenía\e5d01ecf,es ESP,DF,Watford,31-049,1991,17.8,0,2,0,0,0.11,0,0,,21.2,0,0,0,0,0,0.02,0,0,Matches
151,Evan Ferguson\4596da74,Evan Ferguson\4596da74,ie IRL,MF,Brighton,17-155,2004,0.3,0,0,0,,0,0,,,,0,0,0,0,0,,0,0,Matches
152,Nathan Ferguson\2f8d27bc,Nathan Ferguson\2f8d27bc,eng ENG,DF,Crystal Palace,21-168,2000,0.1,0,0,0,,0,0,,,,0,0,0,0,0,,0,0,Matches
153,Bruno Fernandes\507c7bdf,Bruno Fernandes\507c7bdf,pt POR,MF,Manchester Utd,27-196,1994,25.6,9,64,21,32.8,2.5,0.82,0.14,0.43,21,5,0,1,7.2,6.5,0.1,1.8,2.5,Matches
154,Alvaro Fernandez\f127d782,Álvaro Fernández\f127d782,es ESP,GK,Brentford,23-344,1998,12,0,0,0,,0,0,,,,0,0,0,0,0,,0,0,Matches
155,Federico Fernandez\f25b010f,Federico Fernández\f25b010f,ar ARG,DF,Newcastle Utd,33-030,1989,5.8,0,6,1,16.7,1.03,0.17,0,0,9.2,0,0,0,0.4,0.4,0.07,-0.4,-0.4,Matches
156,Fernandinho\101da2b5,Fernandinho\101da2b5,br BRA,MF,Manchester City,36-323,1985,6.8,1,11,1,9.1,1.62,0.15,0.09,1,15.8,0,0,0,1.4,1.4,0.12,-0.4,-0.4,Matches
157,Roberto Firmino\4c370d81,Roberto Firmino\4c370d81,br BRA,FW,Liverpool,30-172,1991,8.8,5,21,10,47.6,2.39,1.14,0.24,0.5,13.3,0,0,0,4.6,4.6,0.22,0.4,0.4,Matches
158,Junior Firpo\24f59bb2,Junior Firpo\24f59bb2,es ESP,DF,Leeds United,25-213,1996,14.8,0,8,1,12.5,0.54,0.07,0,0,12.8,0,0,0,0.7,0.7,0.09,-0.7,-0.7,Matches
159,Ashley Fletcher\eeb6551f,Ashley Fletcher\eeb6551f,eng ENG,FW,Watford,26-172,1995,0.3,0,2,1,50,6,3,0,0,19.9,0,0,0,0.4,0.4,0.19,-0.4,-0.4,Matches
160,Phil Foden\ed1e53f3,Phil Foden\ed1e53f3,eng ENG,FW,Manchester City,21-299,2000,17.9,7,49,19,38.8,2.74,1.06,0.14,0.37,14.1,0,0,0,7.8,7.8,0.16,-0.8,-0.8,Matches
161,Pablo Fornals\82927de4,Pablo Fornals\82927de4,es ESP,FWMF,West Ham,26-029,1996,24,6,36,11,30.6,1.5,0.46,0.17,0.55,18.2,0,0,0,4.1,4.1,0.12,1.9,1.9,Matches
162,Adam Forshaw\9f1938ab,Adam Forshaw\9f1938ab,eng ENG,MF,Leeds United,30-166,1991,16,0,12,4,33.3,0.75,0.25,0,0,26.2,1,0,0,0.3,0.3,0.03,-0.3,-0.3,Matches
163,Marcus Forss\82c215a0,Marcus Forss\82c215a0,fi FIN,FWMF,Brentford,22-278,1999,2.3,0,5,0,0,2.15,0,0,,14,0,0,0,0.2,0.2,0.05,-0.2,-0.2,Matches
164,Fraser Forster\c3e39f12,Fraser Forster\c3e39f12,eng ENG,GK,Southampton,34-006,1988,12,0,0,0,,0,0,,,,0,0,0,0,0,,0,0,Matches
165,Ben Foster\d0b3ceb9,Ben Foster\d0b3ceb9,eng ENG,GK,Watford,38-354,1983,18,0,0,0,,0,0,,,,0,0,0,0,0,,0,0,Matches
166,Tariqe Fosu\3dcef539,Tariqe Fosu\3dcef539,gh GHA,DF,Brentford,26-138,1995,0.2,0,1,0,0,5.29,0,0,,18.4,0,0,0,0,0,0.03,0,0,Matches
167,Ryan Fraser\d56543a0,Ryan Fraser\d56543a0,sct SCO,FWMF,Newcastle Utd,28-027,1994,15,2,23,6,26.1,1.53,0.4,0.09,0.33,17.2,0,0,0,2.4,2.4,0.1,-0.4,-0.4,Matches
168,Fred\b853e0ad,Fred\b853e0ad,br BRA,MF,Manchester Utd,29-018,1993,19.6,3,14,8,57.1,0.71,0.41,0.21,0.38,21.1,0,0,0,1,1,0.07,2,2,Matches
169,Ryan Fredericks\c067631c,Ryan Fredericks\c067631c,eng ENG,DF,West Ham,29-164,1992,1.4,0,0,0,,0,0,,,,0,0,0,0,0,,0,0,Matches
170,Leo Fuhr Hjelde\d102b8a2,Leo Fuhr Hjelde\d102b8a2,no NOR,DF,Leeds United,18-209,2003,1.7,0,0,0,,0,0,,,,0,0,0,0,0,,0,0,Matches
171,Conor Gallagher\c2731c10,Conor Gallagher\c2731c10,eng ENG,MF,Crystal Palace,22-045,2000,24.4,8,42,20,47.6,1.72,0.82,0.19,0.4,15.9,4,0,0,5,5,0.12,3,3,Matches
172,Dwight Gayle\e58a03c6,Dwight Gayle\e58a03c6,eng ENG,FW,Newcastle Utd,31-157,1990,0.4,0,1,0,0,2.81,0,0,,9,0,0,0,0,0,0.05,0,0,Matches
173,Jean-Philippe Gbamin\6bd603db,Jean-Philippe Gbamin\6bd603db,ci CIV,MF,Everton,26-179,1995,0.7,0,0,0,,0,0,,,,0,0,0,0,0,,0,0,Matches
174,David de Gea\7ba6d84e,David de Gea\7ba6d84e,es ESP,GK,Manchester Utd,31-136,1990,29,0,0,0,,0,0,,,,0,0,0,0,0,,0,0,Matches
175,Joe Gelhardt\01962d0d,Joe Gelhardt\01962d0d,eng ENG,FWMF,Leeds United,19-323,2002,5.2,2,16,7,43.8,3.08,1.35,0.13,0.29,15.5,0,0,0,2.2,2.2,0.14,-0.2,-0.2,Matches
176,Anwar El Ghazi\ffa90327,Anwar El Ghazi\ffa90327,nl NED,FW,Everton,26-324,1995,0.1,0,0,0,,0,0,,,,0,0,0,0,0,,0,0,Matches
177,Anwar El Ghazi\ffa90327,Anwar El Ghazi\ffa90327,nl NED,FWMF,Aston Villa,26-324,1995,4.3,1,7,2,28.6,1.63,0.47,0,0,21.3,0,1,1,1.1,0.3,0.04,-0.1,-0.3,Matches
178,Saman Ghoddos\f7b1d4e0,Saman Ghoddos\f7b1d4e0,ir IRN,MFDF,Brentford,28-198,1993,4.8,1,7,2,28.6,1.45,0.41,0.14,0.5,19.3,1,0,0,0.6,0.6,0.09,0.4,0.4,Matches
179,Dimitris Giannoulis\112c495e,Dimitris Giannoulis\112c495e,gr GRE,DF,Norwich City,26-157,1995,6.1,0,2,1,50,0.33,0.16,0,0,19.9,0,0,0,0.1,0.1,0.03,-0.1,-0.1,Matches
180,Morgan Gibbs-White\32f60ed8,Morgan Gibbs-White\32f60ed8,eng ENG,FWMF,Wolves,22-055,2000,0.1,0,2,0,0,20,0,0,,16.2,0,0,0,0.1,0.1,0.06,-0.1,-0.1,Matches
181,Ben Gibson\bcfb0142,Ben Gibson\bcfb0142,eng ENG,DF,Norwich City,29-067,1993,23.7,0,8,4,50,0.34,0.17,0,0,10,0,0,0,1.2,1.2,0.15,-1.2,-1.2,Matches
182,Billy Gilmour\df10e27c,Billy Gilmour\df10e27c,sct SCO,MF,Norwich City,20-285,2001,15.7,0,12,2,16.7,0.76,0.13,0,0,22.8,1,0,0,0.7,0.7,0.05,-0.7,-0.7,Matches
183,Ben Godfrey\9f7c837d,Ben Godfrey\9f7c837d,eng ENG,DF,Everton,24-067,1998,18.5,0,17,6,35.3,0.92,0.32,0,0,17,0,0,0,1.1,1.1,0.07,-1.1,-1.1,Matches
184,Andre Gomes\1961b2aa,André Gomes\1961b2aa,pt POR,MF,Everton,28-236,1993,5.6,0,12,2,16.7,2.15,0.36,0,0,21,0,0,0,0.6,0.6,0.05,-0.6,-0.6,Matches
185,Toti Gomes\f0caab96,Toti Gomes\f0caab96,pt POR,DF,Wolves,23-066,1999,2,0,0,0,,0,0,,,,0,0,0,0,0,,0,0,Matches
186,Joe Gomez\7a11550b,Joe Gomez\7a11550b,eng ENG,DF,Liverpool,24-304,1997,1.2,0,0,0,,0,0,,,,0,0,0,0,0,,0,0,Matches
187,Charlie Goode\7aee4dd3,Charlie Goode\7aee4dd3,eng ENG,DF,Brentford,26-232,1995,5,0,2,0,0,0.4,0,0,,10.5,0,0,0,0.1,0.1,0.07,-0.1,-0.1,Matches
188,Anthony Gordon\2bd83368,Anthony Gordon\2bd83368,eng ENG,MFFW,Everton,21-027,2001,16.7,3,31,14,45.2,1.85,0.84,0.1,0.21,18.5,4,0,0,2.4,2.4,0.08,0.6,0.6,Matches
189,Kaide Gordon\19a9cb70,Kaide Gordon\19a9cb70,eng ENG,FW,Liverpool,17-169,2004,0.1,0,1,1,100,10,10,0,0,19,0,0,0,0.4,0.4,0.45,-0.4,-0.4,Matches
190,Dan Gosling\7fec31a0,Dan Gosling\7fec31a0,eng ENG,MF,Watford,32-050,1990,0.2,0,0,0,,0,0,,,,0,0,0,0,0,,0,0,Matches
191,Demarai Gray\4468ec10,Demarai Gray\4468ec10,eng ENG,MFFW,Everton,25-268,1996,18.8,5,46,13,28.3,2.45,0.69,0.11,0.38,19.6,3,0,0,3.2,3.2,0.07,1.8,1.8,Matches
192,Jack Grealish\b0b4fd3e,Jack Grealish\b0b4fd3e,eng ENG,FW,Manchester City,26-194,1995,16.1,2,34,14,41.2,2.12,0.87,0.06,0.14,14.3,0,0,0,4.1,4.1,0.12,-2.1,-2.1,Matches
193,Mason Greenwood\58eee997,Mason Greenwood\58eee997,eng ENG,FWMF,Manchester Utd,20-173,2001,14.1,5,48,18,37.5,3.4,1.27,0.1,0.28,18.7,0,0,0,4.4,4.4,0.09,0.6,0.6,Matches
194,Sam Greenwood\f3354c07,Sam Greenwood\f3354c07,eng ENG,FWMF,Leeds United,20-056,2002,0.9,0,1,0,0,1.11,0,0,,24,1,0,0,0.1,0.1,0.07,-0.1,-0.1,Matches
195,Pascal Gross\8aec0537,Pascal Groß\8aec0537,de GER,MFDF,Brighton,30-281,1991,15.3,0,16,3,18.8,1.05,0.2,0,0,17.7,1,0,1,2.1,1.3,0.08,-2.1,-1.3,Matches
196,Vicente Guaita\ab13a5aa,Vicente Guaita\ab13a5aa,es ESP,GK,Crystal Palace,35-072,1987,23.5,0,0,0,,0,0,,,,0,0,0,0,0,,0,0,Matches
197,Marc Guehi\d0706b27,Marc Guéhi\d0706b27,eng ENG,DF,Crystal Palace,21-253,2000,28,2,12,4,33.3,0.43,0.14,0.17,0.5,10.9,0,0,0,1.6,1.6,0.13,0.4,0.4,Matches
198,Bruno Guimaraes\82518f62,Bruno Guimarães\82518f62,br BRA,MF,Newcastle Utd,24-127,1997,3.2,1,10,2,20,3.1,0.62,0.1,0.5,18.1,0,0,0,0.9,0.9,0.09,0.1,0.1,Matches
199,Ilkay Gundogan\819b3158,?lkay Gündo?an\819b3158,de GER,MF,Manchester City,31-150,1990,15,5,39,13,33.3,2.6,0.87,0.13,0.38,13.1,2,0,0,6.6,6.6,0.17,-1.6,-1.6,Matches
200,Angus Gunn\e082af5b,Angus Gunn\e082af5b,eng ENG,GK,Norwich City,26-060,1996,7,0,0,0,,0,0,,,,0,0,0,0,0,,0,0,Matches
201,Grant Hanley\e9254eec,Grant Hanley\e9254eec,sct SCO,DF,Norwich City,30-123,1991,23.2,1,14,3,21.4,0.6,0.13,0.07,0.33,8.4,0,0,0,1.2,1.2,0.09,-0.2,-0.2,Matches
202,Jack Harrison\aa849a12,Jack Harrison\aa849a12,eng ENG,FWMF,Leeds United,25-123,1996,21.9,5,32,13,40.6,1.46,0.59,0.16,0.38,16.2,0,0,0,3.2,3.2,0.1,1.8,1.8,Matches
203,Kortney Hause\bf8fad51,Kortney Hause\bf8fad51,eng ENG,DF,Aston Villa,26-250,1995,4.4,1,2,2,100,0.45,0.45,0.5,0.5,10.1,0,0,0,0.1,0.1,0.04,0.9,0.9,Matches
204,Kai Havertz\fed7cb61,Kai Havertz\fed7cb61,de GER,FWMF,Chelsea,22-285,1999,14.5,6,37,16,43.2,2.55,1.1,0.16,0.38,13.3,0,0,0,5.5,5.5,0.15,0.5,0.5,Matches
205,Isaac Hayden\c951a6df,Isaac Hayden\c951a6df,eng ENG,MFDF,Newcastle Utd,27-001,1995,11.1,1,6,1,16.7,0.54,0.09,0.17,1,12.8,0,0,0,0.4,0.4,0.07,0.6,0.6,Matches
206,Hwang Hee-chan\169fd162,Hwang Hee-chan\169fd162,kr KOR,FWMF,Wolves,26-056,1996,15,5,18,8,44.4,1.2,0.53,0.28,0.63,14,0,0,0,3,3,0.17,2,2,Matches
207,Jordan Henderson\935e6b8f,Jordan Henderson\935e6b8f,eng ENG,MF,Liverpool,31-279,1990,22.3,2,25,6,24,1.12,0.27,0.08,0.33,23.1,0,0,0,1.4,1.4,0.06,0.6,0.6,Matches
208,Jeff Hendrick\989d5705,Jeff Hendrick\989d5705,ie IRL,MF,Newcastle Utd,30-051,1992,0.8,1,1,1,100,1.25,1.25,1,1,27,0,0,0,0,0,0.03,1,1,Matches
209,Wayne Hennessey\76eca7e2,Wayne Hennessey\76eca7e2,wls WAL,GK,Burnley,35-058,1987,2,0,0,0,,0,0,,,,0,0,0,0,0,,0,0,Matches
210,Rico Henry\8a3c1dc7,Rico Henry\8a3c1dc7,eng ENG,DF,Brentford,24-258,1997,23.2,2,10,2,20,0.43,0.09,0.2,1,15.7,0,0,0,1.5,1.5,0.15,0.5,0.5,Matches
211,Son Heung-min\92e7e919,Son Heung-min\92e7e919,kr KOR,FWMF,Tottenham,29-258,1992,24.9,13,61,30,49.2,2.45,1.2,0.21,0.43,16.1,2,0,0,10.4,10.4,0.17,2.6,2.6,Matches
212,Ki-Jana Hoever\9a71e978,Ki-Jana Hoever\9a71e978,nl NED,DF,Wolves,20-064,2002,3.4,0,1,0,0,0.29,0,0,,22.2,0,0,0,0,0,0.02,0,0,Matches
213,Rob Holding\d79a8c87,Rob Holding\d79a8c87,eng ENG,DF,Arsenal,26-184,1995,4.8,0,3,0,0,0.62,0,0,,6.7,0,0,0,0.2,0.2,0.07,-0.2,-0.2,Matches
214,Mason Holgate\d0042ab9,Mason Holgate\d0042ab9,eng ENG,DF,Everton,25-152,1996,14.8,0,2,0,0,0.14,0,0,,7.5,0,0,0,0.4,0.4,0.22,-0.4,-0.4,Matches
215,Callum Hudson-Odoi\15f3ec41,Callum Hudson-Odoi\15f3ec41,eng ENG,FWMF,Chelsea,21-136,2000,10.7,1,17,7,41.2,1.59,0.65,0.06,0.14,13.2,0,0,0,2.1,2.1,0.12,-1.1,-1.1,Matches
216,Will Hughes\a0666d3e,Will Hughes\a0666d3e,eng ENG,MF,Crystal Palace,26-340,1995,9.1,0,5,0,0,0.55,0,0,,21.7,0,0,0,0.1,0.1,0.03,-0.1,-0.1,Matches
217,Pierre Hojbjerg\8b04d6c1,Pierre Højbjerg\8b04d6c1,dk DEN,MF,Tottenham,26-230,1995,26.5,2,24,10,41.7,0.91,0.38,0.08,0.2,21.9,1,0,0,1.7,1.7,0.07,0.3,0.3,Matches
218,Adam Idah\291e3ec3,Adam Idah\291e3ec3,ie IRL,FWMF,Norwich City,21-012,2001,6.9,1,14,4,28.6,2.02,0.58,0.07,0.25,12.4,0,0,0,2,2,0.14,-1,-1,Matches
219,Kelechi Iheanacho\c92e1a31,Kelechi Iheanacho\c92e1a31,ng NGA,FW,Leicester City,25-171,1996,9.2,2,20,7,35,2.17,0.76,0.1,0.29,17.1,0,0,0,2.5,2.5,0.13,-0.5,-0.5,Matches
220,Danny Ings\07802f7f,Danny Ings\07802f7f,eng ENG,FW,Aston Villa,29-243,1992,16.9,5,30,11,36.7,1.77,0.65,0.13,0.36,13.8,0,1,1,4.6,3.9,0.13,0.4,0.1,Matches
221,Tim Iroegbunam\84c5ceea,Tim Iroegbunam\84c5ceea,,MF,Aston Villa,,,0.1,0,0,0,,0,0,,,,0,0,0,0,0,,0,0,Matches
222,Alex Iwobi\6ca5ec4b,Alex Iwobi\6ca5ec4b,ng NGA,MFFW,Everton,25-324,1996,11.6,2,19,6,31.6,1.64,0.52,0.11,0.33,15.5,0,0,0,1.5,1.5,0.08,0.5,0.5,Matches
223,Daniel James\c931d9f9,Daniel James\c931d9f9,wls WAL,FWMF,Leeds United,24-133,1997,22.5,4,49,14,28.6,2.18,0.62,0.08,0.29,15.6,0,0,0,5,5,0.1,-1,-1,Matches
224,Daniel James\c931d9f9,Daniel James\c931d9f9,wls WAL,FW,Manchester Utd,24-133,1997,1.4,0,4,1,25,2.86,0.71,0,0,17.3,0,0,0,0.2,0.2,0.06,-0.2,-0.2,Matches
225,Reece James\1265a93a,Reece James\1265a93a,eng ENG,DF,Chelsea,22-105,1999,13.1,5,23,8,34.8,1.75,0.61,0.22,0.63,19.1,4,0,0,2,2,0.09,3,3,Matches
226,Vitaly Janelt\8449d35e,Vitaly Janelt\8449d35e,de GER,MF,Brentford,23-317,1998,19.8,2,22,9,40.9,1.11,0.45,0.09,0.22,17.9,0,0,0,2,2,0.09,0,0,Matches
227,Pontus Jansson\172e52d8,Pontus Jansson\172e52d8,se SWE,DF,Brentford,31-038,1991,29.9,1,17,7,41.2,0.57,0.23,0.06,0.14,8,0,0,0,1.9,1.9,0.11,-0.9,-0.9,Matches
228,Mathias Jensen\0f134faf,Mathias Jensen\0f134faf,dk DEN,MF,Brentford,26-081,1996,13.6,0,12,5,41.7,0.88,0.37,0,0,25.6,0,0,0,1.4,1.4,0.12,-1.4,-1.4,Matches
229,Gabriel Jesus\b66315ae,Gabriel Jesus\b66315ae,br BRA,FW,Manchester City,24-354,1997,14.9,2,41,13,31.7,2.76,0.87,0.05,0.15,13.1,0,0,0,5.3,5.3,0.13,-3.3,-3.3,Matches
230,Raul Jimenez\b561db50,Raúl Jiménez\b561db50,mx MEX,FW,Wolves,30-322,1991,23.9,6,52,13,25,2.17,0.54,0.1,0.38,15.6,1,1,1,6.1,5.6,0.11,-0.1,-0.6,Matches
231,Joelinton\c17bfb65,Joelinton\c17bfb65,br BRA,MFFW,Newcastle Utd,25-221,1996,20.9,2,34,10,29.4,1.62,0.48,0.06,0.2,16.5,0,0,0,2.7,2.7,0.08,-0.7,-0.7,Matches
232,Ben Johnson\9319781b,Ben Johnson\9319781b,eng ENG,DF,West Ham,22-058,2000,13.4,1,3,1,33.3,0.22,0.07,0.33,1,24.4,0,0,0,0.1,0.1,0.02,0.9,0.9,Matches
233,Curtis Jones\4fb9c88f,Curtis Jones\4fb9c88f,eng ENG,MF,Liverpool,21-052,2001,7.1,1,12,6,50,1.69,0.85,0.08,0.17,21.3,0,0,0,0.7,0.7,0.05,0.3,0.3,Matches
234,Phil Jones\def899bd,Phil Jones\def899bd,eng ENG,DF,Manchester Utd,30-030,1992,1,0,0,0,,0,0,,,,0,0,0,0,0,,0,0,Matches
235,Jorginho\45db685d,Jorginho\45db685d,it ITA,MF,Chelsea,30-093,1991,20.8,6,8,2,25,0.39,0.1,0,0,28.8,0,6,6,5,0.4,0.05,1,-0.4,Matches
236,Diogo Jota\178ae8f8,Diogo Jota\178ae8f8,pt POR,FW,Liverpool,25-109,1996,19.4,13,66,25,37.9,3.39,1.29,0.2,0.52,11,0,0,0,13,13,0.2,0,0,Matches
237,James Justin\fb614c44,James Justin\fb614c44,eng ENG,DF,Leicester City,24-028,1998,4.1,0,3,1,33.3,0.73,0.24,0,0,11.4,0,0,0,0.5,0.5,0.18,-0.5,-0.5,Matches
238,Mathias Jorgensen\0db5d2c8,Mathias Jørgensen\0db5d2c8,dk DEN,DF,Brentford,31-334,1990,4.8,1,2,1,50,0.42,0.21,0.5,1,6.9,0,0,0,0.1,0.1,0.05,0.9,0.9,Matches
239,Ozan Kabak\2d61d13a,Ozan Kabak\2d61d13a,tr TUR,DF,Norwich City,21-363,2000,10.2,0,4,2,50,0.39,0.2,0,0,15,0,0,0,0.2,0.2,0.05,-0.2,-0.2,Matches
240,Christian Kabasele\914ab9a1,Christian Kabasele\914ab9a1,be BEL,DF,Watford,31-027,1991,5.3,0,3,0,0,0.57,0,0,,13.5,0,0,0,0.3,0.3,0.1,-0.3,-0.3,Matches
241,Samuel Kalu\b8d22478,Samuel Kalu\b8d22478,ng NGA,FWMF,Watford,24-209,1997,0.5,0,1,1,100,1.91,1.91,0,0,28.3,0,0,0,0,0,0.02,0,0,Matches
242,Hassane Kamara\19a12bed,Hassane Kamara\19a12bed,ci CIV,DF,Watford,27-185,1994,10.9,0,3,0,0,0.27,0,0,,27.6,0,0,0,0.1,0.1,0.02,-0.1,-0.1,Matches
243,Harry Kane\21a66f6a,Harry Kane\21a66f6a,eng ENG,FW,Tottenham,28-238,1993,26.9,12,93,38,40.9,3.46,1.41,0.11,0.26,17.1,8,2,2,14.7,13.2,0.14,-2.7,-3.2,Matches
244,N'Golo Kante\b9fbae28,N'Golo Kanté\b9fbae28,fr FRA,MF,Chelsea,30-359,1991,13.3,2,10,5,50,0.75,0.38,0.2,0.4,17.5,0,0,0,1.2,1.2,0.12,0.8,0.8,Matches
245,Edo Kayembe\f99b71de,Edo Kayembe\f99b71de,cd COD,MF,Watford,23-232,1998,4.6,0,2,0,0,0.43,0,0,,25.3,0,0,0,0.1,0.1,0.03,-0.1,-0.1,Matches
246,Moise Kean\3d50bcdb,Moise Kean\3d50bcdb,it ITA,FW,Everton,22-023,2000,0,0,0,0,,0,0,,,,0,0,0,0,0,,0,0,Matches
247,Michael Keane\c5b7c315,Michael Keane\c5b7c315,eng ENG,DF,Everton,29-071,1993,24.5,2,15,4,26.7,0.61,0.16,0.13,0.5,12.5,0,0,0,0.9,0.9,0.06,1.1,1.1,Matches
248,Naby Keita\f25c8e3a,Naby Keïta\f25c8e3a,gn GUI,MF,Liverpool,27-041,1995,9.2,2,19,6,31.6,2.06,0.65,0.11,0.33,22.1,0,0,0,1.2,1.2,0.06,0.8,0.8,Matches
249,Caoimhin Kelleher\62d7ef38,Caoimhín Kelleher\62d7ef38,ie IRL,GK,Liverpool,23-120,1998,2,0,0,0,,0,0,,,,0,0,0,0,0,,0,0,Matches
250,Jonjoe Kenny\099e666f,Jonjoe Kenny\099e666f,eng ENG,DF,Everton,25-008,1997,7.8,0,4,0,0,0.51,0,0,,22.2,0,0,0,0.3,0.3,0.07,-0.3,-0.3,Matches
251,Max Kilman\d0f72bf1,Max Kilman\d0f72bf1,eng ENG,DF,Wolves,24-304,1997,27.9,1,13,4,30.8,0.47,0.14,0.08,0.25,8.8,0,0,0,1,1,0.07,0,0,Matches
252,Joshua King\43458538,Joshua King\43458538,no NOR,FW,Watford,30-067,1992,21.9,5,46,17,37,2.1,0.78,0.09,0.24,14.7,0,1,1,7.7,6.9,0.15,-2.7,-2.9,Matches
253,Kristoffer Klaesson\3f70db80,Kristoffer Klaesson\3f70db80,no NOR,GK,Leeds United,21-116,2000,0.4,0,0,0,,0,0,,,,0,0,0,0,0,,0,0,Matches
254,Mateusz Klich\282679b4,Mateusz Klich\282679b4,pl POL,MF,Leeds United,31-283,1990,18.3,1,35,15,42.9,1.91,0.82,0.03,0.07,20.2,0,0,0,2.3,2.3,0.07,-1.3,-1.3,Matches
255,Robin Koch\ea6bc03a,Robin Koch\ea6bc03a,de GER,MFDF,Leeds United,25-249,1996,11.2,0,9,1,11.1,0.8,0.09,0,0,16.4,0,0,0,0.4,0.4,0.05,-0.4,-0.4,Matches
256,Sead Kolasinac\3935e52e,Sead Kolašinac\3935e52e,ba BIH,DF,Arsenal,28-276,1993,1,0,0,0,,0,0,,,,0,0,0,0,0,,0,0,Matches
257,Ibrahima Konate\5ed9b537,Ibrahima Konaté\5ed9b537,fr FRA,DF,Liverpool,22-302,1999,8,0,2,0,0,0.25,0,0,,9.5,0,0,0,0.1,0.1,0.06,-0.1,-0.1,Matches
258,Ezri Konsa\0313a347,Ezri Konsa\0313a347,eng ENG,DF,Aston Villa,24-151,1997,22,2,13,6,46.2,0.59,0.27,0.15,0.33,6.9,0,0,0,1.4,1.4,0.11,0.6,0.6,Matches
259,Cheikhou Kouyate\8d3c902d,Cheikhou Kouyaté\8d3c902d,sn SEN,MF,Crystal Palace,32-092,1989,18.5,0,6,0,0,0.32,0,0,,18.9,0,0,0,0.5,0.5,0.09,-0.5,-0.5,Matches
260,Mateo Kovacic\79c0821a,Mateo Kova?i?\79c0821a,hr CRO,MF,Chelsea,27-321,1994,14.2,2,17,4,23.5,1.2,0.28,0.12,0.5,20,1,0,0,1.3,1.3,0.07,0.7,0.7,Matches
261,Emil Krafth\77cf6852,Emil Krafth\77cf6852,se SWE,DF,Newcastle Utd,27-233,1994,11.5,0,5,1,20,0.44,0.09,0,0,17.6,0,0,0,0.2,0.2,0.05,-0.2,-0.2,Matches
262,Alex Kral\e717705a,Alex Král\e717705a,cz CZE,MF,West Ham,23-308,1998,0,0,0,0,,0,0,,,,0,0,0,0,0,,0,0,Matches
263,Tim Krul\f23f9d20,Tim Krul\f23f9d20,nl NED,GK,Norwich City,33-354,1988,22,0,0,0,,0,0,,,,0,0,0,0,0,,0,0,Matches
264,Juraj Kucka\5aaef9ef,Juraj Kucka\5aaef9ef,sk SVK,MF,Watford,35-025,1987,17.6,1,33,9,27.3,1.87,0.51,0.03,0.11,20.9,3,0,0,2,2,0.06,-1,-1,Matches
265,Dejan Kulusevski\df3cda47,Dejan Kulusevski\df3cda47,se SWE,MFFW,Tottenham,21-332,2000,7.6,2,19,5,26.3,2.51,0.66,0.11,0.4,17.6,0,0,0,2.4,2.4,0.13,-0.4,-0.4,Matches
266,Alexandre Lacazette\9dbb75ca,Alexandre Lacazette\9dbb75ca,fr FRA,FWMF,Arsenal,30-299,1991,17,4,38,12,31.6,2.24,0.71,0.05,0.17,14.7,1,2,3,7.7,5.4,0.14,-3.7,-3.4,Matches
267,Adam Lallana\99813635,Adam Lallana\99813635,eng ENG,MF,Brighton,33-317,1988,16.8,0,20,4,20,1.19,0.24,0,0,18.8,0,0,0,1.2,1.2,0.06,-1.2,-1.2,Matches
268,Tariq Lamptey\f4e433d4,Tariq Lamptey\f4e433d4,eng ENG,DFFW,Brighton,21-174,2000,14.2,0,13,2,15.4,0.92,0.14,0,0,17.8,0,0,0,0.6,0.6,0.05,-0.6,-0.6,Matches
269,Manuel Lanzini\26f6dca8,Manuel Lanzini\26f6dca8,ar ARG,MF,West Ham,29-036,1993,14.7,4,11,4,36.4,0.75,0.27,0.18,0.5,21.6,1,2,2,2.5,1,0.09,1.5,1,Matches
270,Aymeric Laporte\119b9a8e,Aymeric Laporte\119b9a8e,es ESP,DF,Manchester City,27-300,1994,23.1,3,30,5,16.7,1.3,0.22,0.1,0.6,10.4,0,0,0,3.5,3.5,0.12,-0.5,-0.5,Matches
271,Jamaal Lascelles\450ab6fc,Jamaal Lascelles\450ab6fc,eng ENG,DF,Newcastle Utd,28-132,1993,18.8,1,13,2,15.4,0.69,0.11,0.08,0.5,8.7,0,0,0,0.7,0.7,0.05,0.3,0.3,Matches
272,Pierre Lees-Melou\f5044e54,Pierre Lees-Melou\f5044e54,fr FRA,MF,Norwich City,28-302,1993,17.8,0,24,7,29.2,1.34,0.39,0,0,23.3,0,0,0,1.1,1.1,0.05,-1.1,-1.1,Matches
273,Aaron Lennon\2ff964a0,Aaron Lennon\2ff964a0,eng ENG,MFFW,Burnley,34-341,1987,11.9,2,7,2,28.6,0.59,0.17,0.29,1,22.7,0,0,0,0.7,0.7,0.09,1.3,1.3,Matches
274,Bernd Leno\2628fd2b,Bernd Leno\2628fd2b,de GER,GK,Arsenal,30-019,1992,4,0,0,0,,0,0,,,,0,0,0,0,0,,0,0,Matches
275,Jamal Lewis\efb9215a,Jamal Lewis\efb9215a,nir NIR,DF,Newcastle Utd,24-057,1998,2.9,0,0,0,,0,0,,,,0,0,0,0,0,,0,0,Matches
276,Victor Lindelof\f5deef4c,Victor Lindelöf\f5deef4c,se SWE,DF,Manchester Utd,27-249,1994,18.2,0,3,1,33.3,0.17,0.06,0,0,7.9,0,0,0,0.2,0.2,0.07,-0.2,-0.2,Matches
277,Jesse Lingard\810e3c74,Jesse Lingard\810e3c74,eng ENG,FW,Manchester Utd,29-098,1992,2.3,2,5,4,80,2.14,1.71,0.4,0.5,17.9,0,0,0,0.3,0.3,0.07,1.7,1.7,Matches
278,Valentino Livramento\afed6722,Valentino Livramento\afed6722,eng ENG,DF,Southampton,19-131,2002,22.2,1,10,3,30,0.45,0.14,0.1,0.33,14.8,0,0,0,1.1,1.1,0.11,-0.1,-0.1,Matches
279,Diego Llorente\bba30585,Diego Llorente\bba30585,es ESP,DF,Leeds United,28-219,1993,19,2,6,2,33.3,0.32,0.11,0.33,1,8.2,0,0,0,0.8,0.8,0.14,1.2,1.2,Matches
280,Hugo Lloris\8f62b6ee,Hugo Lloris\8f62b6ee,fr FRA,GK,Tottenham,35-087,1986,29,0,0,0,,0,0,,,,0,0,0,0,0,,0,0,Matches
281,Giovani Lo Celso\d7553721,Giovani Lo Celso\d7553721,ar ARG,MFFW,Tottenham,25-348,1996,2.6,0,9,0,0,3.4,0,0,,18.5,1,0,0,0.7,0.7,0.08,-0.7,-0.7,Matches
282,Jurgen Locadia\6cc47ae1,Jürgen Locadia\6cc47ae1,nl NED,FW,Brighton,28-136,1993,0.3,0,1,0,0,3.91,0,0,,20,0,0,0,0.1,0.1,0.11,-0.1,-0.1,Matches
283,Ruben Loftus-Cheek\e97fd090,Ruben Loftus-Cheek\e97fd090,eng ENG,MF,Chelsea,26-059,1996,8.7,0,14,3,21.4,1.62,0.35,0,0,17,0,0,0,0.9,0.9,0.07,-0.9,-0.9,Matches
284,Shane Long\9f472354,Shane Long\9f472354,ie IRL,FWMF,Southampton,35-060,1987,1.6,1,3,2,66.7,1.93,1.29,0.33,0.5,7.3,0,0,0,0.5,0.5,0.18,0.5,0.5,Matches
285,Sean Longstaff\a2b105e0,Sean Longstaff\a2b105e0,eng ENG,MF,Newcastle Utd,24-144,1997,12.2,1,13,2,15.4,1.06,0.16,0.08,0.5,24.3,1,0,0,1.1,1.1,0.08,-0.1,-0.1,Matches
286,Ademola Lookman\7c104bb7,Ademola Lookman\7c104bb7,eng ENG,FWMF,Leicester City,24-154,1997,12.7,4,20,9,45,1.58,0.71,0.2,0.44,13.9,0,0,0,3.8,3.8,0.19,0.2,0.2,Matches
287,Jonas Lossl\939bc634,Jonas Lössl\939bc634,dk DEN,GK,Brentford,33-050,1989,2,0,0,0,,0,0,,,,0,0,0,0,0,,0,0,Matches
288,Imran Louza\e1df6989,Imran Louza\e1df6989,ma MAR,MF,Watford,22-326,1999,11.1,0,10,3,30,0.9,0.27,0,0,27.5,4,0,0,0.4,0.4,0.04,-0.4,-0.4,Matches
289,Matthew Lowton\9a9c05db,Matthew Lowton\9a9c05db,eng ENG,DF,Burnley,32-287,1989,16.8,1,8,2,25,0.48,0.12,0.13,0.5,20.3,0,0,0,0.5,0.5,0.07,0.5,0.5,Matches
290,Douglas Luiz\6f7d826d,Douglas Luiz\6f7d826d,br BRA,MF,Aston Villa,23-318,1998,22.9,1,19,6,31.6,0.83,0.26,0.05,0.17,25.4,7,0,0,1.3,1.3,0.07,-0.3,-0.3,Matches
291,Romelu Lukaku\5eae500a,Romelu Lukaku\5eae500a,be BEL,FW,Chelsea,28-314,1993,13.5,5,29,10,34.5,2.15,0.74,0.17,0.5,12.3,1,0,0,4.5,4.5,0.16,0.5,0.5,Matches
292,Lyanco\b5bf1770,Lyanco\b5bf1770,br BRA,DF,Southampton,25-050,1997,6.1,0,4,0,0,0.65,0,0,,14.8,0,0,0,0.2,0.2,0.04,-0.2,-0.2,Matches
293,Alexis Mac Allister\83d074ff,Alexis Mac Allister\83d074ff,ar ARG,MFFW,Brighton,23-089,1998,14.9,4,38,7,18.4,2.56,0.47,0.08,0.43,20.1,2,1,1,3.3,2.6,0.07,0.7,0.4,Matches
294,James Maddison\ee38d9c5,James Maddison\ee38d9c5,eng ENG,MFFW,Leicester City,25-120,1996,19.1,8,54,24,44.4,2.83,1.26,0.15,0.33,19.7,9,0,0,5.6,5.6,0.1,2.4,2.4,Matches
295,Harry Maguire\d8931174,Harry Maguire\d8931174,eng ENG,DF,Manchester Utd,29-018,1993,22.7,1,18,8,44.4,0.79,0.35,0.06,0.13,12,0,0,0,1.4,1.4,0.08,-0.4,-0.4,Matches
296,Riyad Mahrez\892d5bb1,Riyad Mahrez\892d5bb1,dz ALG,FW,Manchester City,31-030,1991,13.5,10,46,17,37,3.41,1.26,0.13,0.35,17.4,5,4,4,8.2,5.2,0.11,1.8,0.8,Matches
297,Ainsley Maitland-Niles\e3a5814e,Ainsley Maitland-Niles\e3a5814e,eng ENG,MF,Arsenal,24-206,1997,3,0,2,0,0,0.67,0,0,,26.5,0,0,0,0,0,0.02,0,0,Matches
298,Sadio Mane\c691bfe2,Sadio Mané\c691bfe2,sn SEN,FW,Liverpool,29-347,1992,24.7,12,82,30,36.6,3.31,1.21,0.15,0.4,12.9,0,0,0,14.4,14.4,0.18,-2.4,-2.4,Matches
299,Javier Manquillo\758dd7f0,Javier Manquillo\758dd7f0,es ESP,DF,Newcastle Utd,27-322,1994,13.3,1,4,2,50,0.3,0.15,0.25,0.5,15.5,0,0,0,0.5,0.5,0.12,0.5,0.5,Matches
300,Fernando Marcal\9ae9eaea,Fernando Marçal\9ae9eaea,br BRA,DF,Wolves,33-032,1989,14.2,0,11,1,9.1,0.78,0.07,0,0,22.3,0,0,0,0.5,0.5,0.05,-0.5,-0.5,Matches
301,Solly March\bb5fbd2b,Solly March\bb5fbd2b,eng ENG,DFFW,Brighton,27-246,1994,13.8,0,16,8,50,1.16,0.58,0,0,17.1,2,0,0,1,1,0.06,-1,-1,Matches
302,Pablo Mari\aa54ec6f,Pablo Marí\aa54ec6f,es ESP,DF,Arsenal,28-204,1993,2,0,1,0,0,0.5,0,0,,4.1,0,0,0,0.3,0.3,0.31,-0.3,-0.3,Matches
303,Anthony Martial\8b788c01,Anthony Martial\8b788c01,fr FRA,FW,Manchester Utd,26-108,1995,2.4,1,5,2,40,2.12,0.85,0.2,0.5,12.3,0,0,0,0.4,0.4,0.09,0.6,0.6,Matches
304,Martinelli\48a5a5d6,Martinelli\48a5a5d6,br BRA,FWMF,Arsenal,20-278,2001,13.8,5,35,10,28.6,2.53,0.72,0.14,0.5,14.5,0,0,0,4.3,4.3,0.12,0.7,0.7,Matches
305,Emiliano Martinez\7956236f,Emiliano Martínez\7956236f,ar ARG,GK,Aston Villa,29-202,1992,28,0,0,0,,0,0,,,,0,0,0,0,0,,0,0,Matches
306,Adam Masina\de0f152c,Adam Masina\de0f152c,ma MAR,DF,Watford,28-080,1994,9.6,0,4,0,0,0.42,0,0,,14.2,0,0,0,0.2,0.2,0.05,-0.2,-0.2,Matches
307,Arthur Masuaku\57df7a11,Arthur Masuaku\57df7a11,cd COD,DFFW,West Ham,28-136,1993,6.2,1,3,1,33.3,0.48,0.16,0.33,1,28.3,0,0,0,0.1,0.1,0.03,0.9,0.9,Matches
308,Jean-Philippe Mateta\50e6dc35,Jean-Philippe Mateta\50e6dc35,fr FRA,FW,Crystal Palace,24-268,1997,7.2,3,17,10,58.8,2.35,1.38,0.18,0.3,10.7,0,0,0,2.5,2.5,0.15,0.5,0.5,Matches
309,Nemanja Matic\eb7822d7,Nemanja Mati?\eb7822d7,rs SRB,MF,Manchester Utd,33-234,1988,10.2,0,5,1,20,0.49,0.1,0,0,24.5,0,0,0,0.1,0.1,0.02,-0.1,-0.1,Matches
310,Joel Matip\b217ef29,Joël Matip\b217ef29,cm CMR,DF,Liverpool,30-227,1991,23,1,25,4,16,1.09,0.17,0.04,0.25,8.9,0,0,0,1.9,1.9,0.08,-0.9,-0.9,Matches
311,Neal Maupay\4bcf39f6,Neal Maupay\4bcf39f6,fr FRA,FW,Brighton,25-221,1996,22.7,8,50,13,26,2.2,0.57,0.14,0.54,15.9,0,1,1,6.2,5.4,0.11,1.8,1.6,Matches
312,Bryan Mbeumo\6afaebf2,Bryan Mbeumo\6afaebf2,fr FRA,FWMF,Brentford,22-228,1999,24.8,3,52,11,21.2,2.1,0.44,0.04,0.18,16.7,3,1,1,7.1,6.4,0.12,-4.1,-4.4,Matches
313,James McArthur\cee31595,James McArthur\cee31595,sct SCO,MF,Crystal Palace,34-167,1987,12.9,0,7,2,28.6,0.54,0.15,0,0,21.9,0,0,0,0.3,0.3,0.04,-0.3,-0.3,Matches
314,James Mcatee\96593e89,James Mcatee\96593e89,eng ENG,MFFW,Manchester City,19-156,2002,0.2,0,1,0,0,4.5,0,0,,13,0,0,0,0,0,0.04,0,0,Matches
315,Kasey McAteer\b2c66859,Kasey McAteer\b2c66859,eng ENG,FW,Leicester City,20-121,2001,0,0,0,0,,0,0,,,,0,0,0,0,0,,0,0,Matches
316,Liam McCarron\076bb352,Liam McCarron\076bb352,sct SCO,FW,Leeds United,21-016,2001,0.1,0,0,0,,0,0,,,,0,0,0,0,0,,0,0,Matches
317,Alex McCarthy\36c2ca73,Alex McCarthy\36c2ca73,eng ENG,GK,Southampton,32-110,1989,15,0,0,0,,0,0,,,,0,0,0,0,0,,0,0,Matches
318,John McGinn\90f91999,John McGinn\90f91999,sct SCO,MF,Aston Villa,27-156,1994,25.3,3,33,8,24.2,1.3,0.32,0.09,0.38,23.2,0,0,0,1.3,1.3,0.04,1.7,1.7,Matches
319,Stuart McKinstry\1000a059,Stuart McKinstry\1000a059,sct SCO,MF,Leeds United,19-186,2002,0,0,0,0,,0,0,,,,0,0,0,0,0,,0,0,Matches
320,Kenny McLean\471f16b3,Kenny McLean\471f16b3,sct SCO,MF,Norwich City,30-074,1992,26.3,1,31,6,19.4,1.18,0.23,0.03,0.17,18.3,0,0,0,1.8,1.8,0.06,-0.8,-0.8,Matches
321,Dwight McNeil\fc15fb84,Dwight McNeil\fc15fb84,eng ENG,MF,Burnley,22-121,1999,26,0,34,10,29.4,1.31,0.38,0,0,22.4,2,0,0,1.6,1.6,0.05,-1.6,-1.6,Matches
322,Scott McTominay\d93c2511,Scott McTominay\d93c2511,sct SCO,MF,Manchester Utd,25-105,1996,20.9,1,21,5,23.8,1,0.24,0.05,0.2,22.2,0,0,0,0.9,0.9,0.04,0.1,0.1,Matches
323,Ben Mee\8df7a2fb,Ben Mee\8df7a2fb,eng ENG,DF,Burnley,32-181,1989,20.4,3,18,4,22.2,0.88,0.2,0.17,0.75,8,0,0,0,1.8,1.8,0.11,1.2,1.2,Matches
324,Benjamin Mendy\5271c8f1,Benjamin Mendy\5271c8f1,fr FRA,DF,Manchester City,27-249,1994,0.9,0,0,0,,0,0,,,,0,0,0,0,0,,0,0,Matches
325,Edouard Mendy\33887998,Edouard Mendy\33887998,sn SEN,GK,Chelsea,30-022,1992,24,0,0,0,,0,0,,,,0,0,0,0,0,,0,0,Matches
326,Nampalys Mendy\1598599e,Nampalys Mendy\1598599e,sn SEN,MF,Leicester City,29-273,1992,1.8,0,0,0,,0,0,,,,0,0,0,0,0,,0,0,Matches
327,Illan Meslier\6b625ac2,Illan Meslier\6b625ac2,fr FRA,GK,Leeds United,22-021,2000,29.6,0,0,0,,0,0,,,,0,0,0,0,0,,0,0,Matches
328,Luka Milivojevic\2ce2508a,Luka Milivojevi?\2ce2508a,rs SRB,MF,Crystal Palace,30-350,1991,7.2,0,8,0,0,1.1,0,0,,26.5,4,0,0,0.2,0.2,0.03,-0.2,-0.2,Matches
329,James Milner\2f90f6b8,James Milner\2f90f6b8,eng ENG,MFDF,Liverpool,36-078,1986,7.1,0,7,1,14.3,0.99,0.14,0,0,22,0,0,0,0.2,0.2,0.03,-0.2,-0.2,Matches
330,Yerry Mina\6d5701f2,Yerry Mina\6d5701f2,co COL,DF,Everton,27-181,1994,7.2,0,5,0,0,0.69,0,0,,8.7,0,0,0,0.3,0.3,0.06,-0.3,-0.3,Matches
331,Takumi Minamino\f833a830,Takumi Minamino\f833a830,jp JPN,FWMF,Liverpool,27-066,1995,1.1,2,3,2,66.7,2.81,1.87,0.67,1,10,0,0,0,1.5,1.5,0.5,0.5,0.5,Matches
332,Tyrone Mings\8397a50c,Tyrone Mings\8397a50c,eng ENG,DF,Aston Villa,29-010,1993,26.4,1,18,5,27.8,0.68,0.19,0.06,0.2,13.2,0,0,0,1.2,1.2,0.07,-0.2,-0.2,Matches
333,Tyrick Mitchell\5cbd1eb0,Tyrick Mitchell\5cbd1eb0,eng ENG,DF,Crystal Palace,22-203,1999,28.9,0,4,1,25,0.14,0.03,0,0,15.1,0,0,0,0.3,0.3,0.07,-0.3,-0.3,Matches
334,Jakub Moder\f230bc30,Jakub Moder\f230bc30,pl POL,MFFW,Brighton,22-350,1999,18.8,0,28,6,21.4,1.49,0.32,0,0,16.5,2,0,0,2.4,2.4,0.09,-2.4,-2.4,Matches
335,Wesley Moraes\bfae110f,Wesley Moraes\bfae110f,br BRA,FW,Aston Villa,25-117,1996,0,0,0,0,,0,0,,,,0,0,0,0,0,,0,0,Matches
336,Tyler Morton\2bc28bb9,Tyler Morton\2bc28bb9,eng ENG,MF,Liverpool,19-143,2002,0.7,0,0,0,,0,0,,,,0,0,0,0,0,,0,0,Matches
337,Mason Mount\9674002f,Mason Mount\9674002f,eng ENG,MFFW,Chelsea,23-072,1999,18.5,8,48,21,43.8,2.59,1.13,0.15,0.33,17.4,6,1,1,6.7,6,0.12,1.3,1,Matches
338,Lucas Moura\2b622f01,Lucas Moura\2b622f01,br BRA,FWMF,Tottenham,29-222,1992,17.1,2,34,11,32.4,1.99,0.64,0.06,0.18,15.5,0,0,0,3.3,3.3,0.1,-1.3,-1.3,Matches
339,Joao Moutinho\f5a00fa4,João Moutinho\f5a00fa4,pt POR,MF,Wolves,35-196,1986,25.1,2,15,7,46.7,0.6,0.28,0.13,0.29,24,3,0,0,0.8,0.8,0.06,1.2,1.2,Matches
340,Bali Mumba\2d760d7b,Bali Mumba\2d760d7b,eng ENG,DF,Norwich City,20-166,2001,0.5,0,0,0,,0,0,,,,0,0,0,0,0,,0,0,Matches
341,Jacob Murphy\de112b84,Jacob Murphy\de112b84,eng ENG,DFFW,Newcastle Utd,27-027,1995,13.5,1,25,5,20,1.85,0.37,0.04,0.2,20.2,1,0,0,2.1,2.1,0.08,-1.1,-1.1,Matches
342,Enock Mwepu\1d5cab82,Enock Mwepu\1d5cab82,zm ZAM,MF,Brighton,24-081,1998,7.1,1,10,3,30,1.41,0.42,0.1,0.33,16.8,0,0,0,1.4,1.4,0.14,-0.4,-0.4,Matches
343,Vitaliy Mykolenko\30d4a2e5,Vitaliy Mykolenko\30d4a2e5,ua UKR,DF,Everton,22-298,1999,2,0,0,0,,0,0,,,,0,0,0,0,0,,0,0,Matches
344,Marvelous Nakamba\de5b5570,Marvelous Nakamba\de5b5570,zw ZIM,MF,Aston Villa,28-063,1994,8.4,0,0,0,,0,0,,,,0,0,0,0,0,,0,0,Matches
345,Wilfred Ndidi\6b47c5db,Wilfred Ndidi\6b47c5db,ng NGA,MFDF,Leicester City,25-097,1996,18,0,15,4,26.7,0.83,0.22,0,0,18,0,0,0,1,1,0.07,-1,-1,Matches
346,Tanguy Ndombele\5cdddffa,Tanguy Ndombele\5cdddffa,fr FRA,MF,Tottenham,25-085,1996,5.4,1,9,3,33.3,1.67,0.56,0.11,0.33,17.3,0,0,0,0.5,0.5,0.05,0.5,0.5,Matches
347,Reiss Nelson\c5bdb6e3,Reiss Nelson\c5bdb6e3,eng ENG,FW,Arsenal,22-103,1999,0.2,0,1,0,0,4.5,0,0,,18,0,0,0,0,0,0.04,0,0,Matches
348,Pedro Neto\7ba2eaa9,Pedro Neto\7ba2eaa9,pt POR,MFFW,Wolves,22-014,2000,1.5,0,5,1,20,3.38,0.68,0,0,19,0,0,0,0.4,0.4,0.08,-0.4,-0.4,Matches
349,Ruben Neves\44bfb6c5,Rúben Neves\44bfb6c5,pt POR,MF,Wolves,25-010,1997,25.2,4,38,15,39.5,1.51,0.59,0.11,0.27,26.1,4,0,0,1.1,1.1,0.03,2.9,2.9,Matches
350,Jeremy Ngakia\3631ad41,Jeremy Ngakia\3631ad41,eng ENG,DF,Watford,21-197,2000,7,0,4,0,0,0.57,0,0,,27.5,0,0,0,0.1,0.1,0.02,-0.1,-0.1,Matches
351,Saul Niguez\c14bc029,Saúl Ñíguez\c14bc029,es ESP,DFMF,Chelsea,27-122,1994,3.8,0,2,1,50,0.52,0.26,0,0,14,0,0,0,0.1,0.1,0.07,-0.1,-0.1,Matches
352,Eddie Nketiah\a53649b7,Eddie Nketiah\a53649b7,eng ENG,FWMF,Arsenal,22-297,1999,1.4,0,2,0,0,1.44,0,0,,11.6,0,0,0,0.4,0.4,0.2,-0.4,-0.4,Matches
353,Nicolas Nkoulou\93cf32a8,Nicolas Nkoulou\93cf32a8,cm CMR,DF,Watford,31-361,1990,1.9,0,0,0,,0,0,,,,0,0,0,0,0,,0,0,Matches
354,Mark Noble\ff527768,Mark Noble\ff527768,eng ENG,MF,West Ham,34-319,1987,1.4,1,0,0,,0,0,,,,0,1,2,1.5,0,,-0.5,0,Matches
355,Mathias Normann\8996350d,Mathias Normann\8996350d,no NOR,MF,Norwich City,25-299,1996,11.9,1,19,5,26.3,1.6,0.42,0.05,0.2,27.3,5,0,0,0.8,0.8,0.04,0.2,0.2,Matches
356,Christian Norgaard\df0a4c90,Christian Nørgaard\df0a4c90,dk DEN,MF,Brentford,28-013,1994,28.2,2,24,7,29.2,0.85,0.25,0.08,0.29,13.8,0,0,0,2.8,2.8,0.12,-0.8,-0.8,Matches
357,Angelo Ogbonna\74b2cd7e,Angelo Ogbonna\74b2cd7e,it ITA,DF,West Ham,33-304,1988,10.2,1,3,1,33.3,0.29,0.1,0.33,1,11.1,0,0,0,0.3,0.3,0.09,0.7,0.7,Matches
358,Michael Olise\c4486bac,Michael Olise\c4486bac,fr FRA,FWMF,Crystal Palace,20-101,2001,10.8,2,17,9,52.9,1.58,0.83,0.12,0.22,17.3,2,0,0,1.2,1.2,0.07,0.8,0.8,Matches
359,Andrew Omobamidele\c393a6c4,Andrew Omobamidele\c393a6c4,ie IRL,DF,Norwich City,19-273,2002,4.2,1,2,1,50,0.47,0.24,0.5,1,6.5,0,0,0,0.3,0.3,0.17,0.7,0.7,Matches
360,Tyler Onyango\d86a1f3e,Tyler Onyango\d86a1f3e,eng ENG,MFFW,Everton,19-019,2003,0.3,0,1,0,0,3.21,0,0,,11,0,0,0,0,0,0.03,0,0,Matches
361,Frank Onyeka\2944f86f,Frank Onyeka\2944f86f,ng NGA,MF,Brentford,24-081,1998,11.6,0,16,5,31.3,1.38,0.43,0,0,17.5,0,0,0,1.1,1.1,0.07,-1.1,-1.1,Matches
362,Divock Origi\43a166b4,Divock Origi\43a166b4,be BEL,FW,Liverpool,26-339,1995,0.8,2,8,4,50,9.47,4.74,0.25,0.5,16,0,0,0,0.8,0.8,0.11,1.2,1.2,Matches
363,Alex Oxlade-Chamberlain\38c7feef,Alex Oxlade-Chamberlain\38c7feef,eng ENG,MFFW,Liverpool,28-220,1993,8.7,2,21,3,14.3,2.41,0.34,0.1,0.67,20.3,0,0,0,1.2,1.2,0.06,0.8,0.8,Matches
364,Cole Palmer\dc7f8a28,Cole Palmer\dc7f8a28,eng ENG,FWMF,Manchester City,19-321,2002,1.4,0,4,1,25,2.93,0.73,0,0,20.1,0,0,0,0.3,0.3,0.08,-0.3,-0.3,Matches
365,Emerson Palmieri\e0bc6fdc,Emerson Palmieri\e0bc6fdc,it ITA,DF,Chelsea,27-232,1994,0.1,0,0,0,,0,0,,,,0,0,0,0,0,,0,0,Matches
366,Thomas Partey\529f49ab,Thomas Partey\529f49ab,gh GHA,MF,Arsenal,28-283,1993,21.7,2,44,9,20.5,2.03,0.41,0.05,0.22,21.1,2,0,0,2.5,2.5,0.06,-0.5,-0.5,Matches
367,Joao Pedro\e8832875,João Pedro\e8832875,br BRA,FWMF,Watford,20-178,2001,11.3,2,34,10,29.4,3,0.88,0.06,0.2,16,1,0,0,2.3,2.3,0.07,-0.3,-0.3,Matches
368,Nicolas Pepe\57e3f0c7,Nicolas Pépé\57e3f0c7,ci CIV,FWMF,Arsenal,26-298,1995,6.7,1,19,6,31.6,2.83,0.89,0.05,0.17,15.4,3,0,0,2.5,2.5,0.13,-1.5,-1.5,Matches
369,Ricardo Pereira\75a72a99,Ricardo Pereira\75a72a99,pt POR,DF,Leicester City,28-168,1993,9.8,1,9,2,22.2,0.92,0.2,0.11,0.5,15.6,0,0,0,0.7,0.7,0.07,0.3,0.3,Matches
370,Ayoze Perez\819aa8e7,Ayoze Pérez\819aa8e7,es ESP,FWMF,Leicester City,28-243,1993,2.4,0,6,4,66.7,2.45,1.64,0,0,14.3,0,0,0,1,1,0.17,-1,-1,Matches
371,Sonny Perkins\87f12e30,Sonny Perkins\87f12e30,eng ENG,FW,West Ham,18-041,2004,0,0,0,0,,0,0,,,,0,0,0,0,0,,0,0,Matches
372,Romain Perraud\6dfd8f05,Romain Perraud\6dfd8f05,fr FRA,DF,Southampton,24-182,1997,13.4,0,12,3,25,0.89,0.22,0,0,19.5,0,0,0,0.7,0.7,0.06,-0.7,-0.7,Matches
373,Kalvin Phillips\4f565d77,Kalvin Phillips\4f565d77,eng ENG,MF,Leeds United,26-111,1995,11.1,0,12,2,16.7,1.08,0.18,0,0,24,1,0,0,0.5,0.5,0.04,-0.5,-0.5,Matches
374,Jaden Philogene Bidace\19f4d211,Jaden Philogene Bidace\19f4d211,eng ENG,FW,Aston Villa,19-309,2002,0.1,0,0,0,,0,0,,,,0,0,0,0,0,,0,0,Matches
375,Jordan Pickford\4806ec67,Jordan Pickford\4806ec67,eng ENG,GK,Everton,28-016,1994,25,0,0,0,,0,0,,,,0,0,0,0,0,,0,0,Matches
376,Erik Pieters\1ef37668,Erik Pieters\1ef37668,nl NED,DF,Burnley,33-228,1988,7.9,0,7,0,0,0.89,0,0,,23.8,0,0,0,0.2,0.2,0.03,-0.2,-0.2,Matches
377,Ethan Pinnock\e541326e,Ethan Pinnock\e541326e,jm JAM,DF,Brentford,28-298,1993,27.7,1,18,8,44.4,0.65,0.29,0.06,0.13,9,0,0,0,1.5,1.5,0.08,-0.5,-0.5,Matches
378,Daniel Podence\7fcc71d8,Daniel Podence\7fcc71d8,pt POR,FWMF,Wolves,26-153,1995,15.6,2,33,15,45.5,2.12,0.96,0.06,0.13,22.1,1,0,0,1.8,1.8,0.06,0.2,0.2,Matches
379,Paul Pogba\867239d3,Paul Pogba\867239d3,fr FRA,MFFW,Manchester Utd,29-008,1993,12.6,1,30,6,20,2.37,0.47,0.03,0.17,17.1,0,0,0,2.4,2.4,0.08,-1.4,-1.4,Matches
380,Nick Pope\4b40d9ca,Nick Pope\4b40d9ca,eng ENG,GK,Burnley,29-338,1992,25,0,0,0,,0,0,,,,0,0,0,0,0,,0,0,Matches
381,Teemu Pukki\0745b37d,Teemu Pukki\0745b37d,fi FIN,FW,Norwich City,31-359,1990,27.2,8,42,16,38.1,1.55,0.59,0.12,0.31,14.2,0,3,3,7.4,5.2,0.12,0.6,-0.2,Matches
382,Christian Pulisic\1bf33a9a,Christian Pulisic\1bf33a9a,us USA,MFFW,Chelsea,23-186,1998,10.5,4,16,8,50,1.52,0.76,0.25,0.5,10.4,0,0,0,3.6,3.6,0.22,0.4,0.4,Matches
383,Przemys?aw P?acheta\3c33f9d9,Przemys?aw P?acheta\3c33f9d9,pl POL,FWMF,Norwich City,24-000,1998,4.9,0,7,6,85.7,1.42,1.22,0,0,16.4,0,0,0,0.5,0.5,0.07,-0.5,-0.5,Matches
384,Jesuran Rak Sakyi\45685411,Jesuran Rak Sakyi\45685411,eng ENG,MF,Crystal Palace,19-169,2002,0.2,0,0,0,,0,0,,,,0,0,0,0,0,,0,0,Matches
385,Aaron Ramsdale\466fb2c5,Aaron Ramsdale\466fb2c5,eng ENG,GK,Arsenal,23-313,1998,24,0,0,0,,0,0,,,,0,0,0,0,0,,0,0,Matches
386,Jacob Ramsey\1544f145,Jacob Ramsey\1544f145,eng ENG,MF,Aston Villa,20-299,2001,21.4,6,28,9,32.1,1.31,0.42,0.21,0.67,17.9,0,0,0,3.1,3.1,0.11,2.9,2.9,Matches
387,Marcus Rashford\a1d5bd30,Marcus Rashford\a1d5bd30,eng ENG,FWMF,Manchester Utd,24-143,1997,10.4,4,19,10,52.6,1.82,0.96,0.21,0.4,17.5,1,0,0,2.3,2.3,0.12,1.7,1.7,Matches
388,Milot Rashica\6c6a3300,Milot Rashica\6c6a3300,xk KVX,FWMF,Norwich City,25-268,1996,18,1,32,11,34.4,1.78,0.61,0.03,0.09,22.1,7,0,0,2,2,0.06,-1,-1,Matches
389,David Raya\98ea5115,David Raya\98ea5115,es ESP,GK,Brentford,26-189,1995,16,0,0,0,,0,0,,,,0,0,0,0,0,,0,0,Matches
390,Nathan Redmond\ab651565,Nathan Redmond\ab651565,eng ENG,MFFW,Southampton,28-017,1994,15.1,0,20,6,30,1.33,0.4,0,0,19.7,1,0,0,1.8,1.8,0.09,-1.8,-1.8,Matches
391,Sergio Reguilon\3353737a,Sergio Reguilón\3353737a,es ESP,DF,Tottenham,25-097,1996,19.5,2,20,8,40,1.03,0.41,0.1,0.25,14.7,0,0,0,3,3,0.15,-1,-1,Matches
392,Declan Rice\1c7012b8,Declan Rice\1c7012b8,eng ENG,MF,West Ham,23-068,1999,28,1,19,5,26.3,0.68,0.18,0.05,0.2,23.2,1,0,0,0.8,0.8,0.04,0.2,0.2,Matches
393,Taylor Richards\e0243d23,Taylor Richards\e0243d23,eng ENG,MFFW,Brighton,21-109,2000,0.3,0,1,0,0,3.6,0,0,,24,0,0,0,0,0,0.04,0,0,Matches
394,Richarlison\fa031b34,Richarlison\fa031b34,br BRA,FWMF,Everton,24-317,1997,18.2,4,36,8,22.2,1.98,0.44,0.11,0.5,16.2,1,0,0,4.2,4.2,0.12,-0.2,-0.2,Matches
395,Jairo Riedewald\7a1f2c08,Jaïro Riedewald\7a1f2c08,nl NED,MF,Crystal Palace,25-195,1996,1.3,0,0,0,,0,0,,,,0,0,0,0,0,,0,0,Matches
396,Matt Ritchie\71ef519e,Matt Ritchie\71ef519e,sct SCO,DF,Newcastle Utd,32-194,1989,14.6,0,10,3,30,0.68,0.2,0,0,22,1,0,0,0.4,0.4,0.04,-0.4,-0.4,Matches
397,Connor Roberts\24fae784,Connor Roberts\24fae784,wls WAL,DF,Burnley,26-181,1995,10.2,0,3,1,33.3,0.29,0.1,0,0,23.8,0,0,0,0.1,0.1,0.02,-0.1,-0.1,Matches
398,Tyler Roberts\6c17e046,Tyler Roberts\6c17e046,wls WAL,MFFW,Leeds United,23-070,1999,11,1,30,12,40,2.74,1.09,0.03,0.08,18.5,0,0,0,2.4,2.4,0.08,-1.4,-1.4,Matches
399,Andrew Robertson\2e4f5f03,Andrew Robertson\2e4f5f03,sct SCO,DF,Liverpool,28-012,1994,21.5,1,12,5,41.7,0.56,0.23,0.08,0.2,17.8,0,0,0,1.4,1.4,0.12,-0.4,-0.4,Matches
400,Joe Rodon\8d62d31a,Joe Rodon\8d62d31a,wls WAL,DF,Tottenham,24-152,1997,0.9,0,0,0,,0,0,,,,0,0,0,0,0,,0,0,Matches
401,Rodri\6434f10d,Rodri\6434f10d,es ESP,MF,Manchester City,25-274,1996,23.4,3,27,8,29.6,1.16,0.34,0.11,0.38,18.5,0,0,0,1.6,1.6,0.06,1.4,1.4,Matches
402,Rodrigo\1fb1c435,Rodrigo\1fb1c435,es ESP,MFFW,Leeds United,31-017,1991,18.1,5,41,14,34.1,2.27,0.77,0.1,0.29,19,0,1,1,3.9,3.1,0.08,1.1,0.9,Matches
403,Jay Rodriguez\4ab53cdb,Jay Rodriguez\4ab53cdb,eng ENG,FW,Burnley,32-237,1989,10.5,1,27,6,22.2,2.57,0.57,0.04,0.17,16,0,0,0,2.5,2.5,0.09,-1.5,-1.5,Matches
404,Mads Roerslev\57c94db2,Mads Roerslev\57c94db2,dk DEN,DF,Brentford,22-272,1999,10.5,1,5,2,40,0.48,0.19,0.2,0.5,17.5,0,0,0,0.3,0.3,0.06,0.7,0.7,Matches
405,Cristian Romero\a3d94a58,Cristian Romero\a3d94a58,ar ARG,DF,Tottenham,23-330,1998,14.5,1,5,2,40,0.35,0.14,0.2,0.5,14,0,0,0,0.6,0.6,0.11,0.4,0.4,Matches
406,Oriol Romeu\4b511457,Oriol Romeu\4b511457,es ESP,MF,Southampton,30-180,1991,25.7,1,21,3,14.3,0.82,0.12,0.05,0.33,23.3,0,0,0,0.9,0.9,0.04,0.1,0.1,Matches
407,Cristiano Ronaldo\dea698d9,Cristiano Ronaldo\dea698d9,pt POR,FW,Manchester Utd,37-046,1985,21.3,12,86,30,34.9,4.04,1.41,0.12,0.33,14.3,5,2,2,13.3,11.8,0.14,-1.3,-1.8,Matches
408,Salomon Rondon\b318a643,Salomón Rondón\b318a643,ve VEN,FW,Everton,32-188,1989,7.9,1,18,6,33.3,2.27,0.76,0.06,0.17,11.3,0,0,0,2,2,0.11,-1,-1,Matches
409,Danny Rose\89d10e53,Danny Rose\89d10e53,eng ENG,DF,Watford,31-264,1990,7.7,0,4,1,25,0.52,0.13,0,0,19.7,0,0,0,0.2,0.2,0.04,-0.2,-0.2,Matches
410,Jon Rowe\8c12f884,Jon Rowe\8c12f884,eng ENG,FWMF,Norwich City,18-327,2003,1.2,0,2,1,50,1.73,0.87,0,0,17.8,0,0,0,0.2,0.2,0.12,-0.2,-0.2,Matches
411,Antonio Rudiger\18b896d6,Antonio Rüdiger\18b896d6,de GER,DF,Chelsea,29-020,1993,26,2,32,9,28.1,1.23,0.35,0.06,0.22,18.3,0,0,0,1.9,1.9,0.06,0.1,0.1,Matches
412,Lukas Rupp\3faa1780,Lukas Rupp\3faa1780,de GER,MF,Norwich City,31-074,1991,6.5,0,12,2,16.7,1.84,0.31,0,0,19.4,0,0,0,0.7,0.7,0.06,-0.7,-0.7,Matches
413,Jose Sa\903b6e8b,José Sá\903b6e8b,pt POR,GK,Wolves,29-065,1993,30,0,0,0,,0,0,,,,0,0,0,0,0,,0,0,Matches
414,Allan Saint-Maximin\2b16cb1a,Allan Saint-Maximin\2b16cb1a,fr FRA,FWMF,Newcastle Utd,25-011,1997,22.7,5,49,20,40.8,2.16,0.88,0.1,0.25,18.6,0,0,0,4,4,0.08,1,1,Matches
415,Romain Saiss\9fbbcf39,Romain Saïss\9fbbcf39,ma MAR,DF,Wolves,31-362,1990,27.4,2,15,6,40,0.55,0.22,0.13,0.33,12.6,1,0,0,2.3,2.3,0.16,-0.3,-0.3,Matches
416,Bukayo Saka\bc7dc64d,Bukayo Saka\bc7dc64d,eng ENG,FWMF,Arsenal,20-199,2001,23.7,9,68,23,33.8,2.87,0.97,0.13,0.39,16.2,0,0,0,6.3,6.3,0.09,2.7,2.7,Matches
417,Mohamed Salah\e342ad68,Mohamed Salah\e342ad68,eg EGY,FW,Liverpool,29-281,1992,25.1,20,110,43,39.1,4.38,1.71,0.14,0.35,15.6,1,5,6,18.9,14.1,0.13,1.1,0.9,Matches
418,Mohammed Salisu\0b33f6ad,Mohammed Salisu\0b33f6ad,gh GHA,DF,Southampton,22-340,1999,26,0,22,8,36.4,0.85,0.31,0,0,11.2,0,0,0,1.7,1.7,0.08,-1.7,-1.7,Matches
419,Albert Sambi Lokonga\1b4f1169,Albert Sambi Lokonga\1b4f1169,be BEL,MF,Arsenal,22-152,1999,10.1,0,16,6,37.5,1.58,0.59,0,0,25.8,0,0,0,0.5,0.5,0.03,-0.5,-0.5,Matches
420,Davinson Sanchez\da7b447d,Davinson Sánchez\da7b447d,co COL,DF,Tottenham,25-284,1996,14.8,2,12,3,25,0.81,0.2,0.17,0.67,6.1,0,0,0,2,2,0.17,0,0,Matches
421,Robert Sanchez\6a713852,Robert Sánchez\6a713852,es ESP,GK,Brighton,24-125,1997,28,0,0,0,,0,0,,,,0,0,0,0,0,,0,0,Matches
422,Jadon Sancho\dbf053da,Jadon Sancho\dbf053da,eng ENG,FWMF,Manchester Utd,21-363,2000,16.6,3,21,8,38.1,1.26,0.48,0.14,0.38,14.4,0,0,0,2.9,2.9,0.14,0.1,0.1,Matches
423,Morgan Sanson\6e7f1353,Morgan Sanson\6e7f1353,fr FRA,MF,Aston Villa,27-217,1994,3.2,0,1,0,0,0.32,0,0,,33.8,0,0,0,0,0,0.01,0,0,Matches
424,Samir Santos\92b4758e,Samir Santos\92b4758e,br BRA,DF,Watford,27-108,1994,11,0,5,2,40,0.46,0.18,0,0,9.4,0,0,0,0.2,0.2,0.05,-0.2,-0.2,Matches
425,Josh Sargent\a8d4428b,Josh Sargent\a8d4428b,us USA,FWMF,Norwich City,22-031,2000,17.3,2,26,2,7.7,1.5,0.12,0.08,1,15.3,0,0,0,2.7,2.7,0.11,-0.7,-0.7,Matches
426,Jeremy Sarmiento\ac0d576d,Jeremy Sarmiento\ac0d576d,ec ECU,FW,Brighton,19-280,2002,0.2,0,0,0,,0,0,,,,0,0,0,0,0,,0,0,Matches
427,Ismaila Sarr\bfdb33aa,Ismaila Sarr\bfdb33aa,sn SEN,FWMF,Watford,24-026,1998,14.9,5,33,14,42.4,2.21,0.94,0.15,0.36,18.3,0,0,1,3.5,2.8,0.08,1.5,2.2,Matches
428,Malang Sarr\4315f30d,Malang Sarr\4315f30d,fr FRA,DF,Chelsea,23-059,1999,4.7,0,1,0,0,0.21,0,0,,21.5,0,0,0,0,0,0.05,0,0,Matches
429,Dane Scarlett\21945a9e,Dane Scarlett\21945a9e,eng ENG,MF,Tottenham,17-364,2004,0,0,0,0,,0,0,,,,0,0,0,0,0,,0,0,Matches
430,Fabian Schar\c8aa95da,Fabian Schär\c8aa95da,ch SUI,DF,Newcastle Utd,30-093,1991,18.8,1,17,5,29.4,0.91,0.27,0.06,0.2,16.1,1,0,0,1.2,1.2,0.07,-0.2,-0.2,Matches
431,Jeffrey Schlupp\3312f911,Jeffrey Schlupp\3312f911,gh GHA,MFFW,Crystal Palace,29-090,1992,14.4,3,25,5,20,1.74,0.35,0.12,0.6,13.9,0,0,0,1.9,1.9,0.08,1.1,1.1,Matches
432,Kasper Schmeichel\53af52f3,Kasper Schmeichel\53af52f3,dk DEN,GK,Leicester City,35-138,1986,27,0,0,0,,0,0,,,,0,0,0,0,0,,0,0,Matches
433,Ken Sema\1770bd68,Ken Sema\1770bd68,se SWE,MFFW,Watford,28-174,1993,6.1,0,2,1,50,0.33,0.16,0,0,20.3,0,0,0,0.1,0.1,0.04,-0.1,-0.1,Matches
434,Nelson Semedo\d04b94db,Nélson Semedo\d04b94db,pt POR,DF,Wolves,28-127,1993,22.1,0,17,3,17.6,0.77,0.14,0,0,20.1,0,0,0,1.3,1.3,0.08,-1.3,-1.3,Matches
435,Ryan Sessegnon\6aa3e78b,Ryan Sessegnon\6aa3e78b,eng ENG,DFMF,Tottenham,21-309,2000,6,0,3,1,33.3,0.5,0.17,0,0,15.2,0,0,0,0.2,0.2,0.06,-0.2,-0.2,Matches
436,Jamie Shackleton\8d03ca5a,Jamie Shackleton\8d03ca5a,eng ENG,DFMF,Leeds United,22-166,1999,7.6,0,4,1,25,0.52,0.13,0,0,18.8,0,0,0,0.2,0.2,0.05,-0.2,-0.2,Matches
437,Luke Shaw\9c94165b,Luke Shaw\9c94165b,eng ENG,DF,Manchester Utd,26-254,1995,17.3,0,6,1,16.7,0.35,0.06,0,0,23.6,0,0,0,0.2,0.2,0.03,-0.2,-0.2,Matches
438,Jonjo Shelvey\3727dd3c,Jonjo Shelvey\3727dd3c,eng ENG,MF,Newcastle Utd,30-024,1992,17,2,24,12,50,1.41,0.7,0.08,0.17,25.8,4,0,0,0.8,0.8,0.03,1.2,1.2,Matches
439,Francisco Sierralta\0f933743,Francisco Sierralta\0f933743,cl CHI,DF,Watford,24-321,1997,4.7,0,1,1,100,0.21,0.21,0,0,9,0,0,0,0,0,0.05,0,0,Matches
440,Bernardo Silva\3eb22ec9,Bernardo Silva\3eb22ec9,pt POR,MFFW,Manchester City,27-225,1994,26.7,7,41,16,39,1.53,0.6,0.17,0.44,11.9,0,0,0,6.4,6.4,0.16,0.6,0.6,Matches
441,Fabio Silva\e7aa9d7c,Fábio Silva\e7aa9d7c,pt POR,FWMF,Wolves,19-247,2002,2.9,0,10,2,20,3.4,0.68,0,0,13.5,0,0,0,1,1,0.1,-1,-1,Matches
442,Thiago Silva\86e7deaf,Thiago Silva\86e7deaf,br BRA,DF,Chelsea,37-182,1984,21.3,3,13,5,38.5,0.61,0.24,0.23,0.6,10.1,0,0,0,0.7,0.7,0.05,2.3,2.3,Matches
443,Ellis Simms\26d3b5be,Ellis Simms\26d3b5be,eng ENG,FW,Everton,21-077,2001,0.7,0,0,0,,0,0,,,,0,0,0,0,0,,0,0,Matches
444,Moussa Sissoko\2acd49b9,Moussa Sissoko\2acd49b9,fr FRA,MF,Watford,32-219,1989,26.8,2,19,6,31.6,0.71,0.22,0.11,0.33,18.3,0,0,0,2.4,2.4,0.13,-0.4,-0.4,Matches
445,Oliver Skipp\6250083a,Oliver Skipp\6250083a,eng ENG,MF,Tottenham,21-188,2000,15,0,4,1,25,0.27,0.07,0,0,24.1,0,0,0,0.2,0.2,0.05,-0.2,-0.2,Matches
446,William Smallbone\5e105217,William Smallbone\5e105217,ie IRL,MFFW,Southampton,22-030,2000,1.3,0,1,0,0,0.79,0,0,,17.5,0,0,0,0.1,0.1,0.08,-0.1,-0.1,Matches
447,Emile Smith Rowe\17695062,Emile Smith Rowe\17695062,eng ENG,MFFW,Arsenal,21-238,2000,16.7,9,34,20,58.8,2.03,1.2,0.26,0.45,16,0,0,0,4.7,4.7,0.14,4.3,4.3,Matches
448,Cedric Soares\839c14e1,Cédric Soares\839c14e1,pt POR,DF,Arsenal,30-204,1991,9.2,0,5,0,0,0.54,0,0,,19.8,0,0,0,0.2,0.2,0.04,-0.2,-0.2,Matches
449,Tomas Soucek\6613c819,Tomáš Sou?ek\6613c819,cz CZE,MF,West Ham,27-024,1995,27.9,4,40,9,22.5,1.44,0.32,0.1,0.44,12.3,0,0,0,4.2,3.8,0.1,-0.2,0.2,Matches
450,Boubakary Soumare\ae59b359,Boubakary Soumaré\ae59b359,fr FRA,MF,Leicester City,23-024,1999,11.5,0,6,2,33.3,0.52,0.17,0,0,17.4,0,0,0,0.4,0.4,0.07,-0.4,-0.4,Matches
451,Caglar Soyuncu\21166ff4,Ça?lar Söyüncü\21166ff4,tr TUR,DF,Leicester City,25-304,1996,23.7,1,8,1,12.5,0.34,0.04,0.13,1,12,0,0,0,1.4,1.4,0.17,-0.4,-0.4,Matches
452,Jason Steele\28300a16,Jason Steele\28300a16,eng ENG,GK,Brighton,31-217,1990,1,0,0,0,,0,0,,,,0,0,0,0,0,,0,0,Matches
453,Jed Steer\a8a3d139,Jed Steer\a8a3d139,eng ENG,GK,Aston Villa,29-181,1992,1,0,0,0,,0,0,,,,0,0,0,0,0,,0,0,Matches
454,Zack Steffen\42130443,Zack Steffen\42130443,us USA,GK,Manchester City,26-355,1995,1,0,0,0,,0,0,,,,0,0,0,0,0,,0,0,Matches
455,Dale Stephens\653ee42d,Dale Stephens\653ee42d,eng ENG,MF,Burnley,32-284,1989,1.4,0,1,0,0,0.73,0,0,,21,0,0,0,0,0,0.03,0,0,Matches
456,Jack Stephens\6adbc307,Jack Stephens\6adbc307,eng ENG,DF,Southampton,28-055,1994,7,0,0,0,,0,0,,,,0,0,0,0,0,,0,0,Matches
457,Raheem Sterling\b400bde0,Raheem Sterling\b400bde0,eng ENG,FW,Manchester City,27-105,1994,17.4,10,42,21,50,2.41,1.2,0.19,0.38,14.3,0,2,3,10.1,7.6,0.18,-0.1,0.4,Matches
458,Finley Stevens\7e003182,Finley Stevens\7e003182,wls WAL,DF,Brentford,18-347,2003,0.2,0,0,0,,0,0,,,,0,0,0,0,0,,0,0,Matches
459,John Stones\5eecec3d,John Stones\5eecec3d,eng ENG,DF,Manchester City,27-299,1994,9.6,1,6,4,66.7,0.63,0.42,0.17,0.25,14.4,0,0,0,0.9,0.9,0.16,0.1,0.1,Matches
460,Pascal Struijk\f4d296e4,Pascal Struijk\f4d296e4,nl NED,DFMF,Leeds United,22-224,1999,19.8,0,10,2,20,0.5,0.1,0,0,8.2,0,0,0,1.1,1.1,0.11,-1.1,-1.1,Matches
461,Crysencio Summerville\df04eb4b,Crysencio Summerville\df04eb4b,nl NED,MFFW,Leeds United,20-144,2001,1.4,0,2,0,0,1.48,0,0,,11.9,0,0,0,0.3,0.3,0.13,-0.3,-0.3,Matches
462,Jakob Sorensen\953c30b0,Jakob Sørensen\953c30b0,dk DEN,DFMF,Norwich City,24-020,1998,4.1,0,4,1,25,0.97,0.24,0,0,10.5,0,0,0,0.4,0.4,0.09,-0.4,-0.4,Matches
463,Japhet Tanganga\e9971f2d,Japhet Tanganga\e9971f2d,eng ENG,DF,Tottenham,22-357,1999,8.2,0,7,2,28.6,0.86,0.24,0,0,13.1,0,0,0,0.4,0.4,0.05,-0.4,-0.4,Matches
464,Matt Targett\e514ab62,Matt Targett\e514ab62,eng ENG,DF,Newcastle Utd,26-186,1995,7,0,4,2,50,0.57,0.29,0,0,16,0,0,0,0.2,0.2,0.06,-0.2,-0.2,Matches
465,Matt Targett\e514ab62,Matt Targett\e514ab62,eng ENG,DF,Aston Villa,26-186,1995,15.9,1,7,2,28.6,0.44,0.13,0.14,0.5,13.4,0,0,0,0.5,0.5,0.07,0.5,0.5,Matches
466,James Tarkowski\15ea812b,James Tarkowski\15ea812b,eng ENG,DF,Burnley,29-124,1992,25,1,17,5,29.4,0.68,0.2,0.06,0.2,8.5,0,0,0,1.5,1.5,0.09,-0.5,-0.5,Matches
467,Nuno Tavares\a65c844b,Nuno Tavares\a65c844b,pt POR,DF,Arsenal,22-056,2000,7,0,14,1,7.1,2.01,0.14,0,0,20.3,0,0,0,0.6,0.6,0.04,-0.6,-0.6,Matches
468,Charlie Taylor\cc2d7ad5,Charlie Taylor\cc2d7ad5,eng ENG,DF,Burnley,28-186,1993,19.3,0,5,0,0,0.26,0,0,,22.5,0,0,0,0.1,0.1,0.03,-0.1,-0.1,Matches
469,Nathan Tella\f1e94cd6,Nathan Tella\f1e94cd6,eng ENG,MFFW,Southampton,22-261,1999,6.5,0,10,4,40,1.54,0.61,0,0,20.2,0,0,0,0.5,0.5,0.05,-0.5,-0.5,Matches
470,Alex Telles\e73c9bb2,Alex Telles\e73c9bb2,br BRA,DF,Manchester Utd,29-098,1992,11.1,0,8,2,25,0.72,0.18,0,0,21.8,4,0,0,0.4,0.4,0.05,-0.4,-0.4,Matches
471,Luke Thomas\fc027d02,Luke Thomas\fc027d02,eng ENG,DF,Leicester City,20-286,2001,17.2,0,4,0,0,0.23,0,0,,18.6,0,0,0,0.2,0.2,0.05,-0.2,-0.2,Matches
472,Dominic Thompson\235a62f8,Dominic Thompson\235a62f8,eng ENG,DF,Brentford,21-240,2000,1.6,0,1,0,0,0.62,0,0,,18,0,0,0,0,0,0.02,0,0,Matches
473,Youri Tielemans\56f7a928,Youri Tielemans\56f7a928,be BEL,MF,Leicester City,24-320,1997,20.1,6,44,12,27.3,2.19,0.6,0.09,0.33,23.8,0,2,2,4.3,2.8,0.07,1.7,1.2,Matches
474,Kieran Tierney\fce2302c,Kieran Tierney\fce2302c,sct SCO,DF,Arsenal,24-291,1997,21.3,1,15,5,33.3,0.7,0.23,0.07,0.2,21.2,0,0,0,0.7,0.7,0.05,0.3,0.3,Matches
475,Takehiro Tomiyasu\b3af9be1,Takehiro Tomiyasu\b3af9be1,jp JPN,DF,Arsenal,23-138,1998,15.4,0,9,2,22.2,0.59,0.13,0,0,18.8,0,0,0,0.3,0.3,0.04,-0.3,-0.3,Matches
476,James Tomkins\e7ca0439,James Tomkins\e7ca0439,eng ENG,DF,Crystal Palace,32-359,1989,6.1,1,4,2,50,0.66,0.33,0.25,0.5,12,0,0,0,0.6,0.6,0.14,0.4,0.4,Matches
477,Ivan Toney\e09f279b,Ivan Toney\e09f279b,eng ENG,FW,Brentford,26-007,1996,24.3,11,54,19,35.2,2.22,0.78,0.11,0.32,15.5,0,5,5,9.2,5.4,0.1,1.8,0.6,Matches
478,Ferran Torres\9e1035f8,Ferrán Torres\9e1035f8,es ESP,FW,Manchester City,22-022,2000,3.4,2,13,4,30.8,3.86,1.19,0.15,0.5,14.1,0,0,0,2.5,2.5,0.19,-0.5,-0.5,Matches
479,Cenk Tosun\9a104dee,Cenk Tosun\9a104dee,tr TUR,FW,Everton,30-289,1991,0.1,0,0,0,,0,0,,,,0,0,0,0,0,,0,0,Matches
480,Andros Townsend\b28bbd58,Andros Townsend\b28bbd58,eng ENG,MF,Everton,30-250,1991,16.2,3,20,9,45,1.24,0.56,0.1,0.22,21.2,4,1,1,2.3,1.5,0.07,0.7,0.5,Matches
481,Adama Traore\9a28eba4,Adama Traoré\9a28eba4,es ESP,FW,Wolves,26-057,1996,11.9,1,23,6,26.1,1.94,0.51,0.04,0.17,18.9,0,0,0,2.4,2.4,0.11,-1.4,-1.4,Matches
482,Bertrand Traore\c47541e0,Bertrand Traoré\c47541e0,bf BFA,FWMF,Aston Villa,26-198,1995,2,0,6,0,0,3.07,0,0,,16.9,0,0,0,0.2,0.2,0.04,-0.2,-0.2,Matches
483,Trezeguet\3ae14ed1,Trézéguet\3ae14ed1,eg EGY,FW,Aston Villa,27-173,1994,0.1,0,1,0,0,8.18,0,0,,21,0,0,0,0.1,0.1,0.06,-0.1,-0.1,Matches
484,Francisco Trincao\77e39b04,Francisco Trincão\77e39b04,pt POR,FWMF,Wolves,22-084,1999,12.7,1,26,11,42.3,2.05,0.87,0.04,0.09,17.9,1,0,0,2.9,2.9,0.11,-1.9,-1.9,Matches
485,Kieran Trippier\21512407,Kieran Trippier\21512407,eng ENG,DF,Newcastle Utd,31-185,1990,3.5,2,2,2,100,0.57,0.57,1,1,23.2,2,0,0,0.1,0.1,0.06,1.9,1.9,Matches
486,William Troost-Ekong\7ed4921e,William Troost-Ekong\7ed4921e,ng NGA,DF,Watford,28-203,1993,15.3,0,2,0,0,0.13,0,0,,21.8,0,0,0,0.1,0.1,0.05,-0.1,-0.1,Matches
487,Leandro Trossard\38ceb24a,Leandro Trossard\38ceb24a,be BEL,FWMF,Brighton,27-109,1994,24.4,4,60,21,35,2.46,0.86,0.05,0.14,18.9,5,1,1,4.9,4.1,0.07,-0.9,-1.1,Matches
488,Kostas Tsimikas\f315ca93,Kostas Tsimikas\f315ca93,gr GRE,DF,Liverpool,25-315,1996,7.4,0,7,2,28.6,0.94,0.27,0,0,16.8,0,0,0,0.5,0.5,0.07,-0.5,-0.5,Matches
489,Axel Tuanzebe\2baec6ce,Axel Tuanzebe\2baec6ce,eng ENG,DF,Aston Villa,24-129,1997,5.6,0,2,1,50,0.35,0.18,0,0,7,0,0,0,0.2,0.2,0.09,-0.2,-0.2,Matches
490,Ozan Tufan\17d45fb2,Ozan Tufan\17d45fb2,tr TUR,MF,Watford,27-000,1995,3.7,0,3,0,0,0.81,0,0,,17.9,0,0,0,0.5,0.5,0.17,-0.5,-0.5,Matches
491,Christos Tzolis\9f333379,Christos Tzolis\9f333379,gr GRE,FWMF,Norwich City,20-052,2002,3.4,0,6,2,33.3,1.75,0.58,0,0,18.9,0,0,0,0.5,0.5,0.08,-0.5,-0.5,Matches
492,Yan Valery\531a4aa8,Yan Valery\531a4aa8,fr FRA,DF,Southampton,23-029,1999,1.5,0,2,0,0,1.33,0,0,,28.3,0,0,0,0,0,0.02,0,0,Matches
493,Raphael Varane\9f8e9423,Raphaël Varane\9f8e9423,fr FRA,DF,Manchester Utd,28-332,1993,15.3,0,8,0,0,0.52,0,0,,8.4,0,0,0,0.7,0.7,0.09,-0.7,-0.7,Matches
494,Jamie Vardy\45963054,Jamie Vardy\45963054,eng ENG,FW,Leicester City,35-071,1987,15.6,10,38,16,42.1,2.44,1.03,0.26,0.63,11.8,0,0,0,6.6,6.6,0.17,3.4,3.4,Matches
495,Joel Veltman\dad4b285,Joël Veltman\dad4b285,nl NED,DF,Brighton,30-067,1992,22.9,0,5,0,0,0.22,0,0,,21.7,0,0,0,0.2,0.2,0.04,-0.2,-0.2,Matches
496,Jannik Vestergaard\1900032e,Jannik Vestergaard\1900032e,dk DEN,DF,Leicester City,29-232,1992,6.3,0,1,0,0,0.16,0,0,,4.1,0,0,0,0.1,0.1,0.06,-0.1,-0.1,Matches
497,Nikola Vlasic\aa8e289e,Nikola Vlaši?\aa8e289e,hr CRO,FWMF,West Ham,24-170,1997,5.1,1,5,2,40,0.99,0.39,0.2,0.5,15.4,0,0,0,1,1,0.19,0,0,Matches
498,Matej Vydra\0d4ceb32,Mat?j Vydra\0d4ceb32,cz CZE,FW,Burnley,29-326,1992,5,1,12,4,33.3,2.41,0.8,0.08,0.25,14.8,0,0,0,2,2,0.17,-1,-1,Matches
499,Theo Walcott\1ecb65be,Theo Walcott\1ecb65be,eng ENG,MFFW,Southampton,33-007,1989,4.2,0,6,0,0,1.42,0,0,,15.9,0,0,0,0.7,0.7,0.12,-0.7,-0.7,Matches
500,Kyle Walker\86dd77d1,Kyle Walker\86dd77d1,eng ENG,DF,Manchester City,31-299,1990,17.5,0,7,1,14.3,0.4,0.06,0,0,23.2,1,0,0,0.2,0.2,0.03,-0.2,-0.2,Matches
501,Kyle Walker-Peters\984a5a64,Kyle Walker-Peters\984a5a64,eng ENG,DF,Southampton,24-344,1997,20.3,1,20,7,35,0.98,0.34,0.05,0.14,19.2,0,0,0,0.7,0.7,0.04,0.3,0.3,Matches
502,Aaron Wan-Bissaka\9e525177,Aaron Wan-Bissaka\9e525177,eng ENG,DF,Manchester Utd,24-117,1997,17.9,0,4,1,25,0.22,0.06,0,0,14.9,0,0,0,0.2,0.2,0.04,-0.2,-0.2,Matches
503,Joel Ward\8a7ff278,Joel Ward\8a7ff278,eng ENG,DF,Crystal Palace,32-145,1989,23,0,8,1,12.5,0.35,0.04,0,0,20.1,0,0,0,0.3,0.3,0.04,-0.3,-0.3,Matches
504,James Ward-Prowse\3515d404,James Ward-Prowse\3515d404,eng ENG,MF,Southampton,27-142,1994,26.7,6,35,14,40,1.31,0.52,0.09,0.21,27.1,15,3,3,3.7,1.4,0.04,2.3,1.6,Matches
505,Ollie Watkins\aed3a70f,Ollie Watkins\aed3a70f,eng ENG,FW,Aston Villa,26-083,1995,24.1,7,52,21,40.4,2.16,0.87,0.13,0.33,13.3,0,0,0,8,8,0.15,-1,-1,Matches
506,Adam Webster\c40b6180,Adam Webster\c40b6180,eng ENG,DF,Brighton,27-078,1995,13,2,7,2,28.6,0.54,0.15,0.29,1,9.4,0,0,0,1,1,0.18,1,1,Matches
507,Wout Weghorst\c4e87b8b,Wout Weghorst\c4e87b8b,nl NED,FW,Burnley,29-228,1992,8.4,1,13,4,30.8,1.56,0.48,0.08,0.25,15.3,0,0,0,1.5,1.5,0.12,-0.5,-0.5,Matches
508,Danny Welbeck\ce5143da,Danny Welbeck\ce5143da,eng ENG,FWMF,Brighton,31-117,1990,8.1,3,18,9,50,2.23,1.11,0.17,0.33,12.6,0,0,0,1.7,1.7,0.09,1.3,1.3,Matches
509,Timo Werner\49fe9070,Timo Werner\49fe9070,de GER,FWMF,Chelsea,26-017,1996,8.2,1,23,6,26.1,2.8,0.73,0.04,0.17,12.8,0,0,0,3.6,3.6,0.16,-2.6,-2.6,Matches
510,Ashley Westwood\495945ef,Ashley Westwood\495945ef,eng ENG,MF,Burnley,31-356,1990,22.1,0,9,1,11.1,0.41,0.05,0,0,20.4,0,0,0,0.5,0.5,0.06,-0.5,-0.5,Matches
511,Ben White\35e413f1,Ben White\35e413f1,eng ENG,DF,Arsenal,24-166,1997,26,0,12,3,25,0.46,0.12,0,0,14.1,0,0,0,1,1,0.08,-1,-1,Matches
512,Brandon Williams\5e74d6c8,Brandon Williams\5e74d6c8,eng ENG,DF,Norwich City,21-201,2000,21.5,0,1,0,0,0.05,0,0,,18,0,0,0,0.1,0.1,0.06,-0.1,-0.1,Matches
513,Neco Williams\dd323728,Neco Williams\dd323728,wls WAL,DF,Liverpool,20-344,2001,0.1,0,0,0,,0,0,,,,0,0,0,0,0,,0,0,Matches
514,Joe Willock\a3b03921,Joe Willock\a3b03921,eng ENG,MF,Newcastle Utd,22-215,1999,19.5,2,29,8,27.6,1.49,0.41,0.07,0.25,16.8,0,0,0,3,3,0.1,-1,-1,Matches
515,Callum Wilson\c596fcb0,Callum Wilson\c596fcb0,eng ENG,FW,Newcastle Utd,30-024,1992,13.2,6,25,9,36,1.9,0.68,0.2,0.56,11.5,0,1,1,4.4,3.6,0.15,1.6,1.4,Matches
516,Harry Winks\2f7acede,Harry Winks\2f7acede,eng ENG,MF,Tottenham,26-049,1996,9.4,0,2,1,50,0.21,0.11,0,0,23.1,0,0,0,0.1,0.1,0.05,-0.1,-0.1,Matches
517,Yoane Wissa\2500cef9,Yoane Wissa\2500cef9,cd COD,FWMF,Brentford,25-201,1996,9.6,4,16,7,43.8,1.67,0.73,0.25,0.57,16.1,0,0,0,1.9,1.9,0.12,2.1,2.1,Matches
518,Chris Wood\4e9a0555,Chris Wood\4e9a0555,nz NZL,FW,Newcastle Utd,30-106,1991,10,1,17,5,29.4,1.7,0.5,0.06,0.2,10.1,0,0,0,2,2,0.11,-1,-1,Matches
519,Chris Wood\4e9a0555,Chris Wood\4e9a0555,nz NZL,FW,Burnley,30-106,1991,15.2,3,31,10,32.3,2.04,0.66,0.1,0.3,11.8,0,0,0,4.5,4.5,0.14,-1.5,-1.5,Matches
520,Freddie Woodman\19e50035,Freddie Woodman\19e50035,eng ENG,GK,Newcastle Utd,25-019,1997,4,0,0,0,,0,0,,,,0,0,0,0,0,,0,0,Matches
521,Granit Xhaka\e61b8aee,Granit Xhaka\e61b8aee,ch SUI,MF,Arsenal,29-177,1992,16.2,0,15,0,0,0.93,0,0,,21.3,1,0,0,0.8,0.8,0.05,-0.8,-0.8,Matches
522,Andriy Yarmolenko\849c826a,Andriy Yarmolenko\849c826a,ua UKR,FWMF,West Ham,32-151,1989,1.9,1,8,3,37.5,4.26,1.6,0.13,0.33,16.7,0,0,0,0.5,0.5,0.06,0.5,0.5,Matches
523,Ashley Young\be927d03,Ashley Young\be927d03,eng ENG,DFFW,Aston Villa,36-257,1985,11.7,0,9,2,22.2,0.77,0.17,0,0,20.3,1,0,0,0.4,0.4,0.04,-0.4,-0.4,Matches
524,Wilfried Zaha\b2bc3b1f,Wilfried Zaha\b2bc3b1f,ci CIV,FW,Crystal Palace,29-133,1992,22.5,9,41,14,34.1,1.83,0.62,0.15,0.43,19,0,3,4,5.9,2.9,0.07,3.1,3.1,Matches
525,Christoph Zimmermann\2d5f03bf,Christoph Zimmermann\2d5f03bf,de GER,DF,Norwich City,29-070,1993,0.5,0,1,1,100,2,2,0,0,22,0,0,0,0,0,0.04,0,0,Matches
526,Oleksandr Zinchenko\51cf8561,Oleksandr Zinchenko\51cf8561,ua UKR,DF,Manchester City,25-098,1996,6.6,0,5,1,20,0.75,0.15,0,0,23.4,0,0,0,0.1,0.1,0.03,-0.1,-0.1,Matches
527,Hakim Ziyech\6622454d,Hakim Ziyech\6622454d,ma MAR,FWMF,Chelsea,29-004,1993,10.7,4,39,14,35.9,3.63,1.3,0.1,0.29,19.4,2,0,0,2.9,2.9,0.08,1.1,1.1,Matches
528,Kurt Zouma\ce4246f5,Kurt Zouma\ce4246f5,fr FRA,DF,West Ham,27-147,1994,17.8,1,6,2,33.3,0.34,0.11,0.17,0.5,5.5,0,0,0,0.8,0.8,0.14,0.2,0.2,Matches
529,Martin Odegaard\79300479,Martin Ødegaard\79300479,no NOR,MF,Arsenal,23-096,1998,21,5,30,13,43.3,1.43,0.62,0.17,0.38,19.3,8,0,0,3.1,3.1,0.1,1.9,1.9,Matches
