,,,,,,,,,SCA,SCA,SCA Types,SCA Types,SCA Types,SCA Types,SCA Types,SCA Types,GCA,GCA,GCA Types,GCA Types,GCA Types,GCA Types,GCA Types,GCA Types,
Rk,Name,Player,Nation,Pos,Squad,Age,Born,90s,SCA,SCA90,SCA_PassLive,SCA_PassDead,SCA_Drib,SCA_Sh,SCA_Fld,SCA_Def,GCA,GCA90,GCA_PassLive,GCA_PassDead,GCA_Drib,GCA_Sh,GCA_Fld,GCA_Def,Matches
1,Max Aarons\774cf58b,Max Aarons\774cf58b,eng ENG,DF,Norwich City,22-078,2000,26.6,32,1.2,23,1,3,3,2,0,4,0.15,4,0,0,0,0,0,Matches
2,Che Adams\f2bf1b0f,Che Adams\f2bf1b0f,sct SCO,FW,Southampton,25-253,1996,18.3,41,2.24,25,0,1,3,11,1,4,0.22,3,0,0,0,0,1,Matches
3,Rayan Ait Nouri\9b398aea,Rayan Aït Nouri\9b398aea,fr FRA,DF,Wolves,20-290,2001,15.3,36,2.36,21,9,4,0,1,1,6,0.39,4,1,0,0,1,0,Matches
4,Kristoffer Ajer\a8c0acb7,Kristoffer Ajer\a8c0acb7,no NOR,DF,Brentford,23-340,1998,15.6,17,1.09,14,1,0,1,1,0,3,0.19,2,0,0,0,1,0,Matches
5,Nathan Ake\eaeca114,Nathan Aké\eaeca114,nl NED,DF,Manchester City,27-033,1995,7.5,3,0.4,3,0,0,0,0,0,0,0,0,0,0,0,0,0,Matches
6,Marc Albrighton\b827d5b3,Marc Albrighton\b827d5b3,eng ENG,FWDF,Leicester City,32-125,1989,11.1,15,1.35,10,3,0,0,2,0,1,0.09,1,0,0,0,0,0,Matches
7,Thiago Alcantara\77e84962,Thiago Alcántara\77e84962,es ESP,MF,Liverpool,30-346,1991,11.2,42,3.75,36,0,0,5,0,1,4,0.36,4,0,0,0,0,0,Matches
8,Trent Alexander-Arnold\cd1acf9d,Trent Alexander-Arnold\cd1acf9d,eng ENG,DF,Liverpool,23-167,1998,25.7,128,4.98,73,46,4,4,1,0,15,0.58,9,5,0,1,0,0,Matches
9,Alisson\7a2e46a8,Alisson\7a2e46a8,br BRA,GK,Liverpool,29-172,1992,27,3,0.11,3,0,0,0,0,0,1,0.04,1,0,0,0,0,0,Matches
10,Allan\cc700722,Allan\cc700722,br BRA,MF,Everton,31-074,1991,21.5,31,1.44,30,0,0,0,1,0,6,0.28,5,0,0,0,1,0,Matches
11,Dele Alli\cea4ee8f,Dele Alli\cea4ee8f,eng ENG,MF,Everton,25-346,1996,1.9,6,3.09,5,1,0,0,0,0,0,0,0,0,0,0,0,0,Matches
12,Dele Alli\cea4ee8f,Dele Alli\cea4ee8f,eng ENG,MFFW,Tottenham,25-346,1996,7.3,8,1.1,5,0,0,0,3,0,1,0.14,0,0,0,0,1,0,Matches
13,Miguel Almiron\862a1c15,Miguel Almirón\862a1c15,py PAR,MFFW,Newcastle Utd,28-041,1994,12.6,34,2.69,23,0,2,7,1,1,3,0.24,3,0,0,0,0,0,Matches
14,Marcos Alonso\f4290206,Marcos Alonso\f4290206,es ESP,DF,Chelsea,31-085,1990,16.1,50,3.11,37,7,2,3,1,0,7,0.44,5,1,0,1,0,0,Matches
15,Steven Alzate\ad1f61f3,Steven Alzate\ad1f61f3,co COL,MF,Brighton,23-196,1998,4.5,7,1.56,7,0,0,0,0,0,1,0.22,1,0,0,0,0,0,Matches
16,Daniel Amartey\1a4ef233,Daniel Amartey\1a4ef233,gh GHA,DF,Leicester City,27-092,1994,16.7,11,0.66,10,0,0,0,0,1,0,0,0,0,0,0,0,0,Matches
17,Joachim Andersen\e34fc66d,Joachim Andersen\e34fc66d,dk DEN,DF,Crystal Palace,25-296,1996,23.4,22,0.94,18,1,0,1,0,2,3,0.13,2,0,0,1,0,0,Matches
18,Michail Antonio\ac05f970,Michail Antonio\ac05f970,jm JAM,FW,West Ham,31-360,1990,27.6,87,3.15,58,0,9,9,6,5,14,0.51,8,0,1,3,1,1,Matches
19,Cameron Archer\05e8ca6d,Cameron Archer\05e8ca6d,eng ENG,MFFW,Aston Villa,20-245,2001,0.3,0,0,0,0,0,0,0,0,0,0,0,0,0,0,0,0,Matches
20,Alphonse Areola\2f965a72,Alphonse Areola\2f965a72,fr FRA,GK,West Ham,29-024,1993,1,0,0,0,0,0,0,0,0,0,0,0,0,0,0,0,0,Matches
21,Adam Armstrong\68c720b5,Adam Armstrong\68c720b5,eng ENG,FWMF,Southampton,25-041,1997,13.5,26,1.92,15,0,4,4,3,0,3,0.22,2,0,0,0,1,0,Matches
22,Stuart Armstrong\97333cf5,Stuart Armstrong\97333cf5,sct SCO,MF,Southampton,29-358,1992,10.7,35,3.26,29,1,2,1,2,0,1,0.09,1,0,0,0,0,0,Matches
23,Kepa Arrizabalaga\28d596a0,Kepa Arrizabalaga\28d596a0,es ESP,GK,Chelsea,27-171,1994,4,0,0,0,0,0,0,0,0,0,0,0,0,0,0,0,0,Matches
24,Harrison Ashby\b391383a,Harrison Ashby\b391383a,sct SCO,DF,West Ham,20-129,2001,0.1,0,0,0,0,0,0,0,0,0,0,0,0,0,0,0,0,Matches
25,Pierre-Emerick Aubameyang\d5dd5f1f,Pierre-Emerick Aubameyang\d5dd5f1f,ga GAB,FW,Arsenal,32-278,1989,11.5,23,2,14,0,1,5,3,0,3,0.26,2,0,0,1,0,0,Matches
26,Jordan Ayew\da052c14,Jordan Ayew\da052c14,gh GHA,FW,Crystal Palace,30-193,1991,17.3,39,2.25,25,1,1,2,7,3,5,0.29,3,0,0,0,1,1,Matches
27,Luke Ayling\420d7c7d,Luke Ayling\420d7c7d,eng ENG,DF,Leeds United,30-210,1991,21,19,0.91,13,0,0,6,0,0,3,0.14,0,0,0,3,0,0,Matches
28,Cesar Azpilicueta\53cad200,César Azpilicueta\53cad200,es ESP,DF,Chelsea,32-207,1989,15.9,34,2.13,32,0,1,1,0,0,8,0.5,6,0,1,1,0,0,Matches
29,Daniel Bachmann\1c0eea98,Daniel Bachmann\1c0eea98,at AUT,GK,Watford,27-257,1994,11,0,0,0,0,0,0,0,0,0,0,0,0,0,0,0,0,Matches
30,Leon Bailey\3a233281,Leon Bailey\3a233281,jm JAM,FWMF,Aston Villa,24-226,1997,5.8,19,3.28,13,1,2,1,2,0,3,0.52,2,0,1,0,0,0,Matches
31,Eric Bailly\a1232f4e,Eric Bailly\a1232f4e,ci CIV,DF,Manchester Utd,27-345,1994,2.4,1,0.41,1,0,0,0,0,0,0,0,0,0,0,0,0,0,Matches
32,Folarin Balogun\31822f8c,Folarin Balogun\31822f8c,eng ENG,FW,Arsenal,20-263,2001,0.8,0,0,0,0,0,0,0,0,0,0,0,0,0,0,0,0,Matches
33,Patrick Bamford\93feac6e,Patrick Bamford\93feac6e,eng ENG,FW,Leeds United,28-199,1993,6.2,12,1.93,9,0,1,0,1,1,3,0.48,2,0,1,0,0,0,Matches
34,Shandon Baptiste\2886c9b5,Shandon Baptiste\2886c9b5,gd GRN,MF,Brentford,23-349,1998,9.8,17,1.74,13,0,1,1,0,2,2,0.2,1,0,0,0,0,1,Matches
35,Ross Barkley\3a24769f,Ross Barkley\3a24769f,eng ENG,MF,Chelsea,28-108,1993,1.7,17,9.94,11,3,2,0,1,0,3,1.75,3,0,0,0,0,0,Matches
36,Ashley Barnes\2691c772,Ashley Barnes\2691c772,eng ENG,FW,Burnley,32-144,1989,4.7,14,2.96,9,0,0,2,2,1,0,0,0,0,0,0,0,0,Matches
37,Harvey Barnes\3ea50f67,Harvey Barnes\3ea50f67,eng ENG,FWMF,Leicester City,24-104,1997,17.4,42,2.41,33,0,6,2,1,0,8,0.46,6,0,0,2,0,0,Matches
38,Lewis Bate\cd4256d3,Lewis Bate\cd4256d3,eng ENG,MF,Leeds United,19-145,2002,0.5,1,2.09,1,0,0,0,0,0,0,0,0,0,0,0,0,0,Matches
39,Mads Bech Sorensen\30db8574,Mads Bech Sørensen\30db8574,dk DEN,DF,Brentford,23-075,1999,4.2,5,1.18,2,3,0,0,0,0,0,0,0,0,0,0,0,0,Matches
40,Jan Bednarek\4115ce4e,Jan Bednarek\4115ce4e,pl POL,DF,Southampton,25-345,1996,22.2,18,0.81,15,2,0,0,0,1,0,0,0,0,0,0,0,0,Matches
41,Donny van de Beek\50dc94ce,Donny van de Beek\50dc94ce,nl NED,MF,Manchester Utd,24-339,1997,0.8,5,6,4,0,1,0,0,0,0,0,0,0,0,0,0,0,Matches
42,Donny van de Beek\50dc94ce,Donny van de Beek\50dc94ce,nl NED,MF,Everton,24-339,1997,4.8,5,1.05,5,0,0,0,0,0,0,0,0,0,0,0,0,0,Matches
43,Asmir Begovi?\7b4de647,Asmir Begovi?\7b4de647,ba BIH,GK,Everton,34-276,1987,2,0,0,0,0,0,0,0,0,0,0,0,0,0,0,0,0,Matches
44,Said Benrahma\5a04fd92,Saïd Benrahma\5a04fd92,dz ALG,FWMF,West Ham,26-225,1995,19.9,59,2.96,43,0,6,5,4,1,8,0.4,7,0,0,1,0,0,Matches
45,Rodrigo Bentancur\3b8674e6,Rodrigo Bentancur\3b8674e6,uy URU,MF,Tottenham,24-291,1997,6.8,16,2.35,16,0,0,0,0,0,4,0.59,4,0,0,0,0,0,Matches
46,Christian Benteke\ab070c55,Christian Benteke\ab070c55,be BEL,FW,Crystal Palace,31-110,1990,12.4,18,1.45,15,0,1,1,1,0,1,0.08,1,0,0,0,0,0,Matches
47,Johann Berg Gudmundsson\f72293fc,Jóhann Berg Guðmundsson\f72293fc,is ISL,MF,Burnley,31-147,1990,12.2,19,1.55,14,0,1,1,2,1,2,0.16,2,0,0,0,0,0,Matches
48,Steven Bergwijn\a29b1131,Steven Bergwijn\a29b1131,nl NED,FWMF,Tottenham,24-166,1997,5.5,17,3.08,12,1,2,1,1,0,3,0.54,1,0,1,0,1,0,Matches
49,Ryan Bertrand\01226327,Ryan Bertrand\01226327,eng ENG,DF,Leicester City,32-230,1989,3.7,2,0.53,1,1,0,0,0,0,0,0,0,0,0,0,0,0,Matches
50,Mads Bidstrup\407db0d5,Mads Bidstrup\407db0d5,dk DEN,MF,Brentford,21-026,2001,0.5,0,0,0,0,0,0,0,0,0,0,0,0,0,0,0,0,Matches
51,Yves Bissouma\6c203af0,Yves Bissouma\6c203af0,ml MLI,MF,Brighton,25-205,1996,18.1,20,1.1,12,0,4,1,2,1,3,0.17,2,0,0,0,1,0,Matches
52,Willy Boly\a4ac4b8f,Willy Boly\a4ac4b8f,ci CIV,DF,Wolves,31-048,1991,2,0,0,0,0,0,0,0,0,0,0,0,0,0,0,0,0,Matches
53,Jarrod Bowen\79c84d1c,Jarrod Bowen\79c84d1c,eng ENG,FW,West Ham,25-093,1996,26.2,80,3.06,43,18,7,7,3,2,17,0.65,8,4,2,1,2,0,Matches
54,Jarrad Branthwaite\c1949191,Jarrad Branthwaite\c1949191,eng ENG,DF,Everton,19-269,2002,2.1,0,0,0,0,0,0,0,0,0,0,0,0,0,0,0,0,Matches
55,Armando Broja\97220da2,Armando Broja\97220da2,al ALB,FW,Southampton,20-194,2001,16.8,31,1.84,13,0,5,5,4,4,3,0.18,0,0,1,0,2,0,Matches
56,Josh Brownhill\47369df8,Josh Brownhill\47369df8,eng ENG,MF,Burnley,26-094,1995,22.4,43,1.92,29,8,2,1,1,2,2,0.09,0,1,1,0,0,0,Matches
57,Bryan\7b5ab7f2,Bryan\7b5ab7f2,es ESP,FWMF,Tottenham,21-040,2001,1,5,4.79,4,0,0,1,0,0,1,0.96,1,0,0,0,0,0,Matches
58,Emi Buendia\66b76d44,Emi Buendía\66b76d44,ar ARG,FWMF,Aston Villa,25-088,1996,17.1,56,3.28,47,2,3,1,3,0,9,0.53,6,0,2,1,0,0,Matches
59,Dan Burn\b2d31e83,Dan Burn\b2d31e83,eng ENG,DF,Brighton,29-318,1992,11.4,5,0.44,4,0,0,1,0,0,0,0,0,0,0,0,0,0,Matches
60,Dan Burn\b2d31e83,Dan Burn\b2d31e83,eng ENG,DF,Newcastle Utd,29-318,1992,7,3,0.43,3,0,0,0,0,0,1,0.14,1,0,0,0,0,0,Matches
61,Jack Butland\cc70a1d5,Jack Butland\cc70a1d5,eng ENG,GK,Crystal Palace,29-013,1993,5.5,0,0,0,0,0,0,0,0,0,0,0,0,0,0,0,0,Matches
62,Sam Byram\1bf811d4,Sam Byram\1bf811d4,eng ENG,DFMF,Norwich City,28-188,1993,3,6,1.99,5,0,0,1,0,0,1,0.33,1,0,0,0,0,0,Matches
63,Willy Caballero\a179d516,Willy Caballero\a179d516,ar ARG,GK,Southampton,40-176,1981,2,0,0,0,0,0,0,0,0,0,0,0,0,0,0,0,0,Matches
64,Dominic Calvert-Lewin\59e6e5bf,Dominic Calvert-Lewin\59e6e5bf,eng ENG,FW,Everton,25-007,1997,8.5,21,2.48,13,1,1,1,4,1,3,0.35,2,0,0,0,1,0,Matches
65,Joao Cancelo\bd6351cd,João Cancelo\bd6351cd,pt POR,DF,Manchester City,27-300,1994,26.9,80,2.98,61,0,7,10,1,1,10,0.37,6,0,1,2,0,1,Matches
66,Sergi Canos\1137759d,Sergi Canós\1137759d,es ESP,DF,Brentford,25-049,1997,22.8,35,1.54,28,2,2,2,1,0,5,0.22,4,0,0,1,0,0,Matches
67,Todd Cantwell\f63d8a4b,Todd Cantwell\f63d8a4b,eng ENG,FWMF,Norwich City,24-024,1998,4.9,5,1.02,5,0,0,0,0,0,0,0,0,0,0,0,0,0,Matches
68,Matty Cash\2389cdc2,Matty Cash\2389cdc2,pl POL,DF,Aston Villa,24-228,1997,28.5,47,1.65,32,4,3,2,5,1,7,0.25,4,2,1,0,0,0,Matches
69,Timothy Castagne\197640fd,Timothy Castagne\197640fd,be BEL,DF,Leicester City,26-108,1995,14.8,14,0.94,11,2,0,0,1,0,1,0.07,0,0,0,0,1,0,Matches
70,Jonny Castro\e28868f3,Jonny Castro\e28868f3,es ESP,DF,Wolves,28-020,1994,4,8,2.02,8,0,0,0,0,0,0,0,0,0,0,0,0,0,Matches
71,Craig Cathcart\89e4b358,Craig Cathcart\89e4b358,nir NIR,DF,Watford,33-045,1989,24.3,5,0.21,5,0,0,0,0,0,0,0,0,0,0,0,0,0,Matches
72,Edinson Cavani\527f063d,Edinson Cavani\527f063d,uy URU,FW,Manchester Utd,35-037,1987,6.8,6,0.88,4,0,0,2,0,0,2,0.29,1,0,0,1,0,0,Matches
73,Kayky Chagas\17734ea0,Kayky Chagas\17734ea0,br BRA,FW,Manchester City,18-285,2003,0.1,0,0,0,0,0,0,0,0,0,0,0,0,0,0,0,0,Matches
74,Trevoh Chalobah\5515376c,Trevoh Chalobah\5515376c,eng ENG,DF,Chelsea,22-261,1999,13.1,5,0.38,5,0,0,0,0,0,1,0.08,1,0,0,0,0,0,Matches
75,Calum Chambers\dc6f5bdd,Calum Chambers\dc6f5bdd,eng ENG,DF,Arsenal,27-062,1995,1.9,1,0.53,1,0,0,0,0,0,0,0,0,0,0,0,0,0,Matches
76,Calum Chambers\dc6f5bdd,Calum Chambers\dc6f5bdd,eng ENG,DF,Aston Villa,27-062,1995,5,9,1.79,8,0,0,1,0,0,1,0.2,1,0,0,0,0,0,Matches
77,Daniel Chesters\240c8ab6,Daniel Chesters\240c8ab6,eng ENG,MF,West Ham,19-353,2002,0,0,0,0,0,0,0,0,0,0,0,0,0,0,0,0,0,Matches
78,Ben Chilwell\d2424d1b,Ben Chilwell\d2424d1b,eng ENG,DF,Chelsea,25-092,1996,6,21,3.5,11,7,1,1,0,1,1,0.17,0,1,0,0,0,0,Matches
79,Chiquinho\dc6c2f02,Chiquinho\dc6c2f02,pt POR,MFDF,Wolves,22-046,2000,0.6,4,7.06,2,1,1,0,0,0,1,1.76,1,0,0,0,0,0,Matches
80,Hamza Choudhury\7d2d3329,Hamza Choudhury\7d2d3329,eng ENG,DFMF,Leicester City,24-173,1997,3.2,1,0.32,0,0,0,0,1,0,0,0,0,0,0,0,0,0,Matches
81,Andreas Christensen\1cb49278,Andreas Christensen\1cb49278,dk DEN,DF,Chelsea,25-347,1996,14.1,6,0.42,5,0,1,0,0,0,0,0,0,0,0,0,0,0,Matches
82,Carney Chukwuemeka\b2f9c73e,Carney Chukwuemeka\b2f9c73e,eng ENG,MFFW,Aston Villa,18-075,2004,2.2,3,1.39,3,0,0,0,0,0,1,0.46,1,0,0,0,0,0,Matches
83,Ciaran Clark\2b91cf8e,Ciaran Clark\2b91cf8e,ie IRL,DF,Newcastle Utd,32-178,1989,11.3,5,0.44,4,0,0,1,0,0,1,0.09,1,0,0,0,0,0,Matches
84,Tom Cleverley\6cdd8245,Tom Cleverley\6cdd8245,eng ENG,MF,Watford,32-223,1989,15.2,33,2.18,19,10,0,1,3,0,3,0.2,2,1,0,0,0,0,Matches
85,Nathaniel Clyne\0442183b,Nathaniel Clyne\0442183b,eng ENG,DF,Crystal Palace,30-352,1991,6,3,0.5,3,0,0,0,0,0,1,0.17,1,0,0,0,0,0,Matches
86,Conor Coady\2928dca2,Conor Coady\2928dca2,eng ENG,DF,Wolves,29-026,1993,29.8,6,0.2,6,0,0,0,0,0,0,0,0,0,0,0,0,0,Matches
87,Seamus Coleman\0420d84f,Séamus Coleman\0420d84f,ie IRL,DF,Everton,33-163,1988,21.6,33,1.53,26,1,0,2,2,2,3,0.14,2,0,0,0,1,0,Matches
88,Nathan Collins\a8c19eb8,Nathan Collins\a8c19eb8,ie IRL,DF,Burnley,20-327,2001,8.6,4,0.47,3,0,0,1,0,0,0,0,0,0,0,0,0,0,Matches
89,Aaron Connolly\27c01749,Aaron Connolly\27c01749,ie IRL,FW,Brighton,22-054,2000,1.7,2,1.15,2,0,0,0,0,0,0,0,0,0,0,0,0,0,Matches
90,Liam Cooper\dc64b8b3,Liam Cooper\dc64b8b3,sct SCO,DF,Leeds United,30-205,1991,14.2,7,0.49,5,0,0,1,1,0,2,0.14,1,0,0,1,0,0,Matches
91,Jack Cork\74e12f1e,Jack Cork\74e12f1e,eng ENG,MF,Burnley,32-271,1989,9.8,6,0.61,5,0,0,0,0,1,0,0,0,0,0,0,0,0,Matches
92,Maxwel Cornet\beb391dd,Maxwel Cornet\beb391dd,ci CIV,FWMF,Burnley,25-177,1996,12.2,13,1.07,8,1,0,2,2,0,2,0.16,1,0,0,0,1,0,Matches
93,Helder Costa\f13d02a6,Hélder Costa\f13d02a6,ao ANG,MF,Leeds United,28-070,1994,0.2,0,0,0,0,0,0,0,0,0,0,0,0,0,0,0,0,Matches
94,Vladimir Coufal\fdf3cb77,Vladimír Coufal\fdf3cb77,cz CZE,DF,West Ham,29-213,1992,18.7,38,2.04,28,7,0,1,1,1,5,0.27,5,0,0,0,0,0,Matches
95,Philippe Coutinho\0ef89a37,Philippe Coutinho\0ef89a37,br BRA,MFFW,Aston Villa,29-284,1992,8.6,31,3.6,21,3,3,2,2,0,5,0.58,4,0,0,1,0,0,Matches
96,Aaron Cresswell\4f974391,Aaron Cresswell\4f974391,eng ENG,DF,West Ham,32-098,1989,22.3,45,2.02,24,19,0,2,0,0,5,0.22,2,3,0,0,0,0,Matches
97,Charlie Cresswell\4654e5f5,Charlie Cresswell\4654e5f5,eng ENG,DF,Leeds United,19-106,2002,1.6,1,0.64,1,0,0,0,0,0,0,0,0,0,0,0,0,0,Matches
98,Cucho\71b47ab9,Cucho\71b47ab9,co COL,FWMF,Watford,22-337,1999,11.3,38,3.38,25,4,4,3,1,1,6,0.53,3,1,0,1,0,1,Matches
99,Marc Cucurella\1daec722,Marc Cucurella\1daec722,es ESP,DF,Brighton,23-244,1998,25.3,55,2.17,47,5,1,1,0,1,1,0.04,1,0,0,0,0,0,Matches
100,Luke Cundle\cc3b8e78,Luke Cundle\cc3b8e78,eng ENG,MF,Wolves,19-331,2002,0.9,2,2.14,2,0,0,0,0,0,0,0,0,0,0,0,0,0,Matches
101,Patson Daka\ca45605e,Patson Daka\ca45605e,zm ZAM,FW,Leicester City,23-165,1998,8.5,16,1.88,15,0,0,1,0,0,5,0.59,4,0,0,1,0,0,Matches
102,Stuart Dallas\67ca8566,Stuart Dallas\67ca8566,nir NIR,DFMF,Leeds United,30-338,1991,28.9,57,1.97,34,16,2,1,2,2,3,0.1,2,0,0,0,0,1,Matches
103,Diogo Dalot\d9565625,Diogo Dalot\d9565625,pt POR,DF,Manchester Utd,23-005,1999,12.1,25,2.06,22,1,1,0,1,0,3,0.25,3,0,0,0,0,0,Matches
104,Karl Darlow\cde3309f,Karl Darlow\cde3309f,eng ENG,GK,Newcastle Utd,31-166,1990,8,0,0,0,0,0,0,0,0,0,0,0,0,0,0,0,0,Matches
105,Josh Dasilva\60344e4f,Josh Dasilva\60344e4f,eng ENG,MFFW,Brentford,23-151,1998,1.5,2,1.32,1,0,0,0,1,0,0,0,0,0,0,0,0,0,Matches
106,Ben Davies\44781702,Ben Davies\44781702,wls WAL,DF,Tottenham,28-333,1993,19.3,17,0.88,16,1,0,0,0,0,3,0.16,3,0,0,0,0,0,Matches
107,Tom Davies\9228b07c,Tom Davies\9228b07c,eng ENG,MF,Everton,23-266,1998,1.8,4,2.28,3,0,0,1,0,0,0,0,0,0,0,0,0,0,Matches
108,Keinan Davis\9deaf2c8,Keinan Davis\9deaf2c8,eng ENG,FW,Aston Villa,24-038,1998,0.1,0,0,0,0,0,0,0,0,0,0,0,0,0,0,0,0,Matches
109,Craig Dawson\3e9e06cb,Craig Dawson\3e9e06cb,eng ENG,DF,West Ham,31-321,1990,23.9,9,0.38,5,0,1,3,0,0,4,0.17,3,0,0,1,0,0,Matches
110,Kevin De Bruyne\e46012d4,Kevin De Bruyne\e46012d4,be BEL,MF,Manchester City,30-268,1991,17.1,88,5.16,60,21,2,3,2,0,6,0.35,2,2,1,0,1,0,Matches
111,Troy Deeney\82e34b69,Troy Deeney\82e34b69,eng ENG,FW,Watford,33-267,1988,0.3,1,3.6,1,0,0,0,0,0,0,0,0,0,0,0,0,0,Matches
112,Liam Delap\dd897ee7,Liam Delap\dd897ee7,eng ENG,FW,Manchester City,19-043,2003,0.1,1,9,0,0,0,0,1,0,0,0,0,0,0,0,0,0,Matches
113,Fabian Delph\111c3236,Fabian Delph\111c3236,eng ENG,MF,Everton,32-122,1989,2.8,2,0.72,2,0,0,0,0,0,0,0,0,0,0,0,0,0,Matches
114,Leander Dendoncker\5a7301ae,Leander Dendoncker\5a7301ae,be BEL,MFFW,Wolves,26-342,1995,15.7,26,1.66,25,0,0,1,0,0,7,0.45,6,0,0,1,0,0,Matches
115,Emmanuel Dennis\2c44a35d,Emmanuel Dennis\2c44a35d,ng NGA,FWMF,Watford,24-128,1997,24.2,81,3.35,48,0,15,8,8,2,11,0.46,6,0,1,2,1,1,Matches
116,Kiernan Dewsbury Hall\5c74c0f5,Kiernan Dewsbury Hall\5c74c0f5,eng ENG,MF,Leicester City,23-198,1998,13.7,43,3.14,32,1,3,2,3,2,3,0.22,3,0,0,0,0,0,Matches
117,Ibrahima Diallo\11ff3d56,Ibrahima Diallo\11ff3d56,fr FRA,MF,Southampton,23-015,1999,8.4,24,2.86,21,0,2,0,1,0,3,0.36,3,0,0,0,0,0,Matches
118,Raphael Dias Belloli\3423f250,Raphael Dias Belloli\3423f250,br BRA,MFFW,Leeds United,25-099,1996,25,102,4.09,56,20,11,8,5,2,7,0.28,4,0,2,0,1,0,Matches
119,Ruben Dias\31c69ef1,Rúben Dias\31c69ef1,pt POR,DF,Manchester City,24-313,1997,23.7,26,1.1,24,0,0,1,0,1,4,0.17,3,0,0,1,0,0,Matches
120,Luis Diaz\4a1a9578,Luis Díaz\4a1a9578,co COL,FW,Liverpool,25-069,1997,5.5,28,5.08,20,0,5,1,0,2,1,0.18,1,0,0,0,0,0,Matches
121,Eric Dier\ac861941,Eric Dier\ac861941,eng ENG,DF,Tottenham,28-067,1994,25.1,21,0.84,15,0,0,4,0,2,3,0.12,1,0,0,2,0,0,Matches
122,Lucas Digne\1b84dbe1,Lucas Digne\1b84dbe1,fr FRA,DF,Aston Villa,28-246,1993,7.1,22,3.1,14,7,1,0,0,0,2,0.28,1,1,0,0,0,0,Matches
123,Lucas Digne\1b84dbe1,Lucas Digne\1b84dbe1,fr FRA,DF,Everton,28-246,1993,13,33,2.54,22,9,1,0,1,0,0,0,0,0,0,0,0,0,Matches
124,Virgil van Dijk\e06683ca,Virgil van Dijk\e06683ca,nl NED,DF,Liverpool,30-258,1991,27,18,0.67,13,0,0,5,0,0,5,0.19,4,0,0,1,0,0,Matches
125,Issa Diop\a712ca2b,Issa Diop\a712ca2b,fr FRA,DF,West Ham,25-073,1997,9,2,0.22,2,0,0,0,0,0,1,0.11,1,0,0,0,0,0,Matches
126,Moussa Djenepo\254147d4,Moussa Djenepo\254147d4,ml MLI,MF,Southampton,23-281,1998,4.9,16,3.29,12,0,2,1,1,0,1,0.21,1,0,0,0,0,0,Matches
127,Lewis Dobbin\e814e1cf,Lewis Dobbin\e814e1cf,eng ENG,FWMF,Everton,19-079,2003,0.4,0,0,0,0,0,0,0,0,0,0,0,0,0,0,0,0,Matches
128,Matt Doherty\d557d734,Matt Doherty\d557d734,ie IRL,DF,Tottenham,30-066,1992,8.5,20,2.35,17,0,1,2,0,0,3,0.35,3,0,0,0,0,0,Matches
129,Gabriel Dos Santos\67ac5bb8,Gabriel Dos Santos\67ac5bb8,br BRA,DF,Arsenal,24-094,1997,24.4,14,0.57,12,0,0,1,0,1,1,0.04,1,0,0,0,0,0,Matches
130,Abdoulaye Doucoure\02b29014,Abdoulaye Doucouré\02b29014,fr FRA,MF,Everton,29-081,1993,19.7,40,2.03,36,0,1,2,0,1,6,0.3,4,0,1,1,0,0,Matches
131,Kieran Dowell\2f6ec02a,Kieran Dowell\2f6ec02a,eng ENG,FWMF,Norwich City,24-164,1997,4,9,2.28,9,0,0,0,0,0,0,0,0,0,0,0,0,0,Matches
132,Cody Drameh\e0d1510a,Cody Drameh\e0d1510a,eng ENG,DF,Leeds United,20-105,2001,1.4,2,1.41,2,0,0,0,0,0,0,0,0,0,0,0,0,0,Matches
133,Martin Dubravka\3a949a25,Martin Dúbravka\3a949a25,sk SVK,GK,Newcastle Utd,33-067,1989,17,0,0,0,0,0,0,0,0,0,0,0,0,0,0,0,0,Matches
134,Shane Duffy\7314bba4,Shane Duffy\7314bba4,ie IRL,DF,Brighton,30-081,1992,16,8,0.5,6,0,0,2,0,0,2,0.13,1,0,0,1,0,0,Matches
135,Paul Dummett\3fe6bd8c,Paul Dummett\3fe6bd8c,wls WAL,DF,Newcastle Utd,30-178,1991,2.2,1,0.45,0,1,0,0,0,0,0,0,0,0,0,0,0,0,Matches
136,Lewis Dunk\282f75f3,Lewis Dunk\282f75f3,eng ENG,DF,Brighton,30-122,1991,19.6,9,0.46,8,0,0,1,0,0,0,0,0,0,0,0,0,0,Matches
137,Ederson\3bb7b8b4,Ederson\3bb7b8b4,br BRA,GK,Manchester City,28-218,1993,28,4,0.14,2,2,0,0,0,0,0,0,0,0,0,0,0,0,Matches
138,Odsonne Edouard\0562b7f1,Odsonne Édouard\0562b7f1,fr FRA,FW,Crystal Palace,24-066,1998,14.1,33,2.34,22,0,3,5,0,3,3,0.21,2,0,0,1,0,0,Matches
139,Anthony Elanga\2fba6108,Anthony Elanga\2fba6108,se SWE,FW,Manchester Utd,19-330,2002,6.1,8,1.31,3,0,2,0,2,1,0,0,0,0,0,0,0,0,Matches
140,Harvey Elliott\c8387671,Harvey Elliott\c8387671,eng ENG,MF,Liverpool,18-353,2003,3.1,16,5.11,10,1,1,2,2,0,1,0.32,1,0,0,0,0,0,Matches
141,Mohamed Elneny\47a34c4f,Mohamed Elneny\47a34c4f,eg EGY,MF,Arsenal,29-255,1992,2,4,2.05,4,0,0,0,0,0,1,0.51,1,0,0,0,0,0,Matches
142,Mohamed Elyounoussi\68dc0dac,Mohamed Elyounoussi\68dc0dac,no NOR,MF,Southampton,27-231,1994,16.8,41,2.45,32,0,2,5,1,1,4,0.24,2,0,0,2,0,0,Matches
143,Emerson\df8b52a5,Emerson\df8b52a5,br BRA,DF,Tottenham,23-068,1999,16.8,37,2.21,29,0,4,2,1,1,2,0.12,2,0,0,0,0,0,Matches
144,Christian Eriksen\980522ec,Christian Eriksen\980522ec,dk DEN,MF,Brentford,30-037,1992,2.4,9,3.7,6,3,0,0,0,0,3,1.23,2,1,0,0,0,0,Matches
145,Oghenekaro Etebo\b579e83d,Oghenekaro Etebo\b579e83d,ng NGA,MF,Watford,26-134,1995,4.3,4,0.93,4,0,0,0,0,0,0,0,0,0,0,0,0,0,Matches
146,Jonny Evans\f8fcd2a5,Jonny Evans\f8fcd2a5,nir NIR,DF,Leicester City,34-079,1988,8.7,4,0.46,3,1,0,0,0,0,2,0.23,1,1,0,0,0,0,Matches
147,Eberechi Eze\ae4fc6a4,Eberechi Eze\ae4fc6a4,eng ENG,MFFW,Crystal Palace,23-267,1998,1.6,2,1.27,1,1,0,0,0,0,0,0,0,0,0,0,0,0,Matches
148,Lukasz Fabianski\9328b835,?ukasz Fabia?ski\9328b835,pl POL,GK,West Ham,36-339,1985,29,3,0.1,2,1,0,0,0,0,0,0,0,0,0,0,0,0,Matches
149,Fabinho\7f3b388c,Fabinho\7f3b388c,br BRA,MF,Liverpool,28-151,1993,20.9,32,1.53,24,0,0,3,4,1,5,0.24,3,0,0,2,0,0,Matches
150,Kiko Femenia\e5d01ecf,Kiko Femenía\e5d01ecf,es ESP,DF,Watford,31-049,1991,17.8,28,1.57,21,7,0,0,0,0,6,0.34,5,1,0,0,0,0,Matches
151,Evan Ferguson\4596da74,Evan Ferguson\4596da74,ie IRL,MF,Brighton,17-155,2004,0.3,0,0,0,0,0,0,0,0,0,0,0,0,0,0,0,0,Matches
152,Nathan Ferguson\2f8d27bc,Nathan Ferguson\2f8d27bc,eng ENG,DF,Crystal Palace,21-168,2000,0.1,0,0,0,0,0,0,0,0,0,0,0,0,0,0,0,0,Matches
153,Bruno Fernandes\507c7bdf,Bruno Fernandes\507c7bdf,pt POR,MF,Manchester Utd,27-196,1994,25.6,116,4.52,92,13,3,3,2,3,9,0.35,8,0,1,0,0,0,Matches
154,Alvaro Fernandez\f127d782,Álvaro Fernández\f127d782,es ESP,GK,Brentford,23-344,1998,12,0,0,0,0,0,0,0,0,0,0,0,0,0,0,0,0,Matches
155,Federico Fernandez\f25b010f,Federico Fernández\f25b010f,ar ARG,DF,Newcastle Utd,33-030,1989,5.8,3,0.52,1,0,0,2,0,0,1,0.17,0,0,0,1,0,0,Matches
156,Fernandinho\101da2b5,Fernandinho\101da2b5,br BRA,MF,Manchester City,36-323,1985,6.8,22,3.25,17,0,0,3,2,0,4,0.59,4,0,0,0,0,0,Matches
157,Roberto Firmino\4c370d81,Roberto Firmino\4c370d81,br BRA,FW,Liverpool,30-172,1991,8.8,26,2.96,23,0,1,1,0,1,4,0.46,3,0,0,0,0,1,Matches
158,Junior Firpo\24f59bb2,Junior Firpo\24f59bb2,es ESP,DF,Leeds United,25-213,1996,14.8,35,2.36,26,4,1,1,1,2,3,0.2,1,1,0,0,0,1,Matches
159,Ashley Fletcher\eeb6551f,Ashley Fletcher\eeb6551f,eng ENG,FW,Watford,26-172,1995,0.3,2,6,1,0,0,1,0,0,0,0,0,0,0,0,0,0,Matches
160,Phil Foden\ed1e53f3,Phil Foden\ed1e53f3,eng ENG,FW,Manchester City,21-299,2000,17.9,58,3.25,40,10,1,6,1,0,9,0.5,6,1,0,2,0,0,Matches
161,Pablo Fornals\82927de4,Pablo Fornals\82927de4,es ESP,FWMF,West Ham,26-029,1996,24,69,2.87,53,5,4,4,2,1,6,0.25,4,1,0,1,0,0,Matches
162,Adam Forshaw\9f1938ab,Adam Forshaw\9f1938ab,eng ENG,MF,Leeds United,30-166,1991,16,27,1.69,26,0,0,1,0,0,1,0.06,1,0,0,0,0,0,Matches
163,Marcus Forss\82c215a0,Marcus Forss\82c215a0,fi FIN,FWMF,Brentford,22-278,1999,2.3,2,0.86,1,0,0,1,0,0,1,0.43,0,0,0,1,0,0,Matches
164,Fraser Forster\c3e39f12,Fraser Forster\c3e39f12,eng ENG,GK,Southampton,34-006,1988,12,1,0.08,0,1,0,0,0,0,0,0,0,0,0,0,0,0,Matches
165,Ben Foster\d0b3ceb9,Ben Foster\d0b3ceb9,eng ENG,GK,Watford,38-354,1983,18,6,0.33,6,0,0,0,0,0,1,0.06,1,0,0,0,0,0,Matches
166,Tariqe Fosu\3dcef539,Tariqe Fosu\3dcef539,gh GHA,DF,Brentford,26-138,1995,0.2,0,0,0,0,0,0,0,0,0,0,0,0,0,0,0,0,Matches
167,Ryan Fraser\d56543a0,Ryan Fraser\d56543a0,sct SCO,FWMF,Newcastle Utd,28-027,1994,15,44,2.94,27,7,0,4,5,1,6,0.4,3,1,0,1,1,0,Matches
168,Fred\b853e0ad,Fred\b853e0ad,br BRA,MF,Manchester Utd,29-018,1993,19.6,50,2.55,41,0,1,1,4,3,8,0.41,6,0,0,0,1,1,Matches
169,Ryan Fredericks\c067631c,Ryan Fredericks\c067631c,eng ENG,DF,West Ham,29-164,1992,1.4,1,0.71,1,0,0,0,0,0,0,0,0,0,0,0,0,0,Matches
170,Leo Fuhr Hjelde\d102b8a2,Leo Fuhr Hjelde\d102b8a2,no NOR,DF,Leeds United,18-209,2003,1.7,3,1.8,3,0,0,0,0,0,0,0,0,0,0,0,0,0,Matches
171,Conor Gallagher\c2731c10,Conor Gallagher\c2731c10,eng ENG,MF,Crystal Palace,22-045,2000,24.4,76,3.11,37,19,3,7,8,2,12,0.49,8,0,2,0,1,1,Matches
172,Dwight Gayle\e58a03c6,Dwight Gayle\e58a03c6,eng ENG,FW,Newcastle Utd,31-157,1990,0.4,1,2.81,1,0,0,0,0,0,0,0,0,0,0,0,0,0,Matches
173,Jean-Philippe Gbamin\6bd603db,Jean-Philippe Gbamin\6bd603db,ci CIV,MF,Everton,26-179,1995,0.7,0,0,0,0,0,0,0,0,0,0,0,0,0,0,0,0,Matches
174,David de Gea\7ba6d84e,David de Gea\7ba6d84e,es ESP,GK,Manchester Utd,31-136,1990,29,3,0.1,3,0,0,0,0,0,0,0,0,0,0,0,0,0,Matches
175,Joe Gelhardt\01962d0d,Joe Gelhardt\01962d0d,eng ENG,FWMF,Leeds United,19-323,2002,5.2,15,2.89,9,0,2,1,3,0,4,0.77,1,0,1,0,2,0,Matches
176,Anwar El Ghazi\ffa90327,Anwar El Ghazi\ffa90327,nl NED,FW,Everton,26-324,1995,0.1,0,0,0,0,0,0,0,0,0,0,0,0,0,0,0,0,Matches
177,Anwar El Ghazi\ffa90327,Anwar El Ghazi\ffa90327,nl NED,FWMF,Aston Villa,26-324,1995,4.3,11,2.56,8,1,1,0,1,0,2,0.47,2,0,0,0,0,0,Matches
178,Saman Ghoddos\f7b1d4e0,Saman Ghoddos\f7b1d4e0,ir IRN,MFDF,Brentford,28-198,1993,4.8,22,4.56,16,2,0,1,2,1,2,0.41,1,0,0,0,1,0,Matches
179,Dimitris Giannoulis\112c495e,Dimitris Giannoulis\112c495e,gr GRE,DF,Norwich City,26-157,1995,6.1,7,1.15,6,1,0,0,0,0,1,0.16,1,0,0,0,0,0,Matches
180,Morgan Gibbs-White\32f60ed8,Morgan Gibbs-White\32f60ed8,eng ENG,FWMF,Wolves,22-055,2000,0.1,0,0,0,0,0,0,0,0,0,0,0,0,0,0,0,0,Matches
181,Ben Gibson\bcfb0142,Ben Gibson\bcfb0142,eng ENG,DF,Norwich City,29-067,1993,23.7,10,0.42,10,0,0,0,0,0,1,0.04,1,0,0,0,0,0,Matches
182,Billy Gilmour\df10e27c,Billy Gilmour\df10e27c,sct SCO,MF,Norwich City,20-285,2001,15.7,43,2.73,19,21,1,2,0,0,1,0.06,0,1,0,0,0,0,Matches
183,Ben Godfrey\9f7c837d,Ben Godfrey\9f7c837d,eng ENG,DF,Everton,24-067,1998,18.5,27,1.46,21,2,1,2,0,1,2,0.11,1,0,0,1,0,0,Matches
184,Andre Gomes\1961b2aa,André Gomes\1961b2aa,pt POR,MF,Everton,28-236,1993,5.6,13,2.33,9,0,2,1,1,0,2,0.36,1,0,1,0,0,0,Matches
185,Toti Gomes\f0caab96,Toti Gomes\f0caab96,pt POR,DF,Wolves,23-066,1999,2,0,0,0,0,0,0,0,0,0,0,0,0,0,0,0,0,Matches
186,Joe Gomez\7a11550b,Joe Gomez\7a11550b,eng ENG,DF,Liverpool,24-304,1997,1.2,2,1.7,2,0,0,0,0,0,0,0,0,0,0,0,0,0,Matches
187,Charlie Goode\7aee4dd3,Charlie Goode\7aee4dd3,eng ENG,DF,Brentford,26-232,1995,5,12,2.4,2,7,1,1,0,1,0,0,0,0,0,0,0,0,Matches
188,Anthony Gordon\2bd83368,Anthony Gordon\2bd83368,eng ENG,MFFW,Everton,21-027,2001,16.7,40,2.39,23,7,4,0,5,1,3,0.18,0,2,0,0,1,0,Matches
189,Kaide Gordon\19a9cb70,Kaide Gordon\19a9cb70,eng ENG,FW,Liverpool,17-169,2004,0.1,0,0,0,0,0,0,0,0,0,0,0,0,0,0,0,0,Matches
190,Dan Gosling\7fec31a0,Dan Gosling\7fec31a0,eng ENG,MF,Watford,32-050,1990,0.2,0,0,0,0,0,0,0,0,0,0,0,0,0,0,0,0,Matches
191,Demarai Gray\4468ec10,Demarai Gray\4468ec10,eng ENG,MFFW,Everton,25-268,1996,18.8,63,3.35,37,7,9,4,6,0,4,0.21,2,0,1,1,0,0,Matches
192,Jack Grealish\b0b4fd3e,Jack Grealish\b0b4fd3e,eng ENG,FW,Manchester City,26-194,1995,16.1,85,5.29,67,1,4,4,9,0,6,0.37,6,0,0,0,0,0,Matches
193,Mason Greenwood\58eee997,Mason Greenwood\58eee997,eng ENG,FWMF,Manchester Utd,20-173,2001,14.1,44,3.12,37,0,4,1,2,0,7,0.5,6,0,0,1,0,0,Matches
194,Sam Greenwood\f3354c07,Sam Greenwood\f3354c07,eng ENG,FWMF,Leeds United,20-056,2002,0.9,1,1.11,1,0,0,0,0,0,1,1.11,1,0,0,0,0,0,Matches
195,Pascal Gross\8aec0537,Pascal Groß\8aec0537,de GER,MFDF,Brighton,30-281,1991,15.3,62,4.06,33,26,0,3,0,0,4,0.26,2,2,0,0,0,0,Matches
196,Vicente Guaita\ab13a5aa,Vicente Guaita\ab13a5aa,es ESP,GK,Crystal Palace,35-072,1987,23.5,1,0.04,1,0,0,0,0,0,0,0,0,0,0,0,0,0,Matches
197,Marc Guehi\d0706b27,Marc Guéhi\d0706b27,eng ENG,DF,Crystal Palace,21-253,2000,28,12,0.43,12,0,0,0,0,0,0,0,0,0,0,0,0,0,Matches
198,Bruno Guimaraes\82518f62,Bruno Guimarães\82518f62,br BRA,MF,Newcastle Utd,24-127,1997,3.2,6,1.86,5,0,0,1,0,0,0,0,0,0,0,0,0,0,Matches
199,Ilkay Gundogan\819b3158,?lkay Gündo?an\819b3158,de GER,MF,Manchester City,31-150,1990,15,55,3.67,41,10,4,0,0,0,6,0.4,5,0,1,0,0,0,Matches
200,Angus Gunn\e082af5b,Angus Gunn\e082af5b,eng ENG,GK,Norwich City,26-060,1996,7,0,0,0,0,0,0,0,0,0,0,0,0,0,0,0,0,Matches
201,Grant Hanley\e9254eec,Grant Hanley\e9254eec,sct SCO,DF,Norwich City,30-123,1991,23.2,7,0.3,3,1,0,3,0,0,0,0,0,0,0,0,0,0,Matches
202,Jack Harrison\aa849a12,Jack Harrison\aa849a12,eng ENG,FWMF,Leeds United,25-123,1996,21.9,69,3.15,46,3,8,6,5,1,3,0.14,1,0,1,1,0,0,Matches
203,Kortney Hause\bf8fad51,Kortney Hause\bf8fad51,eng ENG,DF,Aston Villa,26-250,1995,4.4,0,0,0,0,0,0,0,0,0,0,0,0,0,0,0,0,Matches
204,Kai Havertz\fed7cb61,Kai Havertz\fed7cb61,de GER,FWMF,Chelsea,22-285,1999,14.5,36,2.48,25,0,2,4,5,0,5,0.34,3,0,1,0,1,0,Matches
205,Isaac Hayden\c951a6df,Isaac Hayden\c951a6df,eng ENG,MFDF,Newcastle Utd,27-001,1995,11.1,6,0.54,6,0,0,0,0,0,0,0,0,0,0,0,0,0,Matches
206,Hwang Hee-chan\169fd162,Hwang Hee-chan\169fd162,kr KOR,FWMF,Wolves,26-056,1996,15,23,1.53,15,0,2,3,2,1,3,0.2,1,0,1,0,0,1,Matches
207,Jordan Henderson\935e6b8f,Jordan Henderson\935e6b8f,eng ENG,MF,Liverpool,31-279,1990,22.3,60,2.7,54,3,2,0,0,1,10,0.45,10,0,0,0,0,0,Matches
208,Jeff Hendrick\989d5705,Jeff Hendrick\989d5705,ie IRL,MF,Newcastle Utd,30-051,1992,0.8,1,1.25,1,0,0,0,0,0,0,0,0,0,0,0,0,0,Matches
209,Wayne Hennessey\76eca7e2,Wayne Hennessey\76eca7e2,wls WAL,GK,Burnley,35-058,1987,2,3,1.5,1,2,0,0,0,0,0,0,0,0,0,0,0,0,Matches
210,Rico Henry\8a3c1dc7,Rico Henry\8a3c1dc7,eng ENG,DF,Brentford,24-258,1997,23.2,29,1.25,24,1,3,0,1,0,0,0,0,0,0,0,0,0,Matches
211,Son Heung-min\92e7e919,Son Heung-min\92e7e919,kr KOR,FWMF,Tottenham,29-258,1992,24.9,95,3.81,56,25,2,6,5,1,9,0.36,5,2,0,0,2,0,Matches
212,Ki-Jana Hoever\9a71e978,Ki-Jana Hoever\9a71e978,nl NED,DF,Wolves,20-064,2002,3.4,3,0.88,3,0,0,0,0,0,0,0,0,0,0,0,0,0,Matches
213,Rob Holding\d79a8c87,Rob Holding\d79a8c87,eng ENG,DF,Arsenal,26-184,1995,4.8,0,0,0,0,0,0,0,0,0,0,0,0,0,0,0,0,Matches
214,Mason Holgate\d0042ab9,Mason Holgate\d0042ab9,eng ENG,DF,Everton,25-152,1996,14.8,1,0.07,1,0,0,0,0,0,0,0,0,0,0,0,0,0,Matches
215,Callum Hudson-Odoi\15f3ec41,Callum Hudson-Odoi\15f3ec41,eng ENG,FWMF,Chelsea,21-136,2000,10.7,51,4.77,37,0,7,3,4,0,6,0.56,4,0,0,0,2,0,Matches
216,Will Hughes\a0666d3e,Will Hughes\a0666d3e,eng ENG,MF,Crystal Palace,26-340,1995,9.1,16,1.76,8,3,0,0,2,3,2,0.22,0,1,0,0,1,0,Matches
217,Pierre Hojbjerg\8b04d6c1,Pierre Højbjerg\8b04d6c1,dk DEN,MF,Tottenham,26-230,1995,26.5,57,2.15,47,3,3,1,1,2,4,0.15,4,0,0,0,0,0,Matches
218,Adam Idah\291e3ec3,Adam Idah\291e3ec3,ie IRL,FWMF,Norwich City,21-012,2001,6.9,12,1.73,8,1,1,0,2,0,1,0.14,1,0,0,0,0,0,Matches
219,Kelechi Iheanacho\c92e1a31,Kelechi Iheanacho\c92e1a31,ng NGA,FW,Leicester City,25-171,1996,9.2,29,3.15,22,1,2,1,1,2,7,0.76,5,0,0,0,0,2,Matches
220,Danny Ings\07802f7f,Danny Ings\07802f7f,eng ENG,FW,Aston Villa,29-243,1992,16.9,21,1.24,16,0,1,2,1,1,7,0.41,7,0,0,0,0,0,Matches
221,Tim Iroegbunam\84c5ceea,Tim Iroegbunam\84c5ceea,,MF,Aston Villa,,,0.1,0,0,0,0,0,0,0,0,0,0,0,0,0,0,0,0,Matches
222,Alex Iwobi\6ca5ec4b,Alex Iwobi\6ca5ec4b,ng NGA,MFFW,Everton,25-324,1996,11.6,32,2.76,31,0,0,1,0,0,3,0.26,3,0,0,0,0,0,Matches
223,Daniel James\c931d9f9,Daniel James\c931d9f9,wls WAL,FWMF,Leeds United,24-133,1997,22.5,47,2.09,33,0,2,4,7,1,5,0.22,3,0,1,0,1,0,Matches
224,Daniel James\c931d9f9,Daniel James\c931d9f9,wls WAL,FW,Manchester Utd,24-133,1997,1.4,3,2.14,2,0,0,1,0,0,0,0,0,0,0,0,0,0,Matches
225,Reece James\1265a93a,Reece James\1265a93a,eng ENG,DF,Chelsea,22-105,1999,13.1,51,3.88,38,6,3,3,1,0,8,0.61,6,1,1,0,0,0,Matches
226,Vitaly Janelt\8449d35e,Vitaly Janelt\8449d35e,de GER,MF,Brentford,23-317,1998,19.8,36,1.82,25,3,2,3,2,1,3,0.15,3,0,0,0,0,0,Matches
227,Pontus Jansson\172e52d8,Pontus Jansson\172e52d8,se SWE,DF,Brentford,31-038,1991,29.9,11,0.37,6,0,0,4,1,0,4,0.13,1,0,0,2,1,0,Matches
228,Mathias Jensen\0f134faf,Mathias Jensen\0f134faf,dk DEN,MF,Brentford,26-081,1996,13.6,44,3.24,23,19,0,0,0,2,2,0.15,1,1,0,0,0,0,Matches
229,Gabriel Jesus\b66315ae,Gabriel Jesus\b66315ae,br BRA,FW,Manchester City,24-354,1997,14.9,46,3.09,35,0,5,5,1,0,12,0.81,8,0,2,1,1,0,Matches
230,Raul Jimenez\b561db50,Raúl Jiménez\b561db50,mx MEX,FW,Wolves,30-322,1991,23.9,55,2.3,36,1,4,7,4,3,13,0.54,5,0,3,3,1,1,Matches
231,Joelinton\c17bfb65,Joelinton\c17bfb65,br BRA,MFFW,Newcastle Utd,25-221,1996,20.9,50,2.39,33,0,3,7,5,2,3,0.14,2,0,0,1,0,0,Matches
232,Ben Johnson\9319781b,Ben Johnson\9319781b,eng ENG,DF,West Ham,22-058,2000,13.4,13,0.97,11,1,0,0,1,0,2,0.15,2,0,0,0,0,0,Matches
233,Curtis Jones\4fb9c88f,Curtis Jones\4fb9c88f,eng ENG,MF,Liverpool,21-052,2001,7.1,14,1.97,9,0,1,2,2,0,2,0.28,1,0,0,1,0,0,Matches
234,Phil Jones\def899bd,Phil Jones\def899bd,eng ENG,DF,Manchester Utd,30-030,1992,1,2,2,1,0,0,0,1,0,0,0,0,0,0,0,0,0,Matches
235,Jorginho\45db685d,Jorginho\45db685d,it ITA,MF,Chelsea,30-093,1991,20.8,40,1.93,34,1,0,2,2,1,7,0.34,7,0,0,0,0,0,Matches
236,Diogo Jota\178ae8f8,Diogo Jota\178ae8f8,pt POR,FW,Liverpool,25-109,1996,19.4,64,3.29,40,0,12,2,6,4,9,0.46,3,0,4,1,1,0,Matches
237,James Justin\fb614c44,James Justin\fb614c44,eng ENG,DF,Leicester City,24-028,1998,4.1,5,1.22,5,0,0,0,0,0,0,0,0,0,0,0,0,0,Matches
238,Mathias Jorgensen\0db5d2c8,Mathias Jørgensen\0db5d2c8,dk DEN,DF,Brentford,31-334,1990,4.8,6,1.26,3,2,0,1,0,0,0,0,0,0,0,0,0,0,Matches
239,Ozan Kabak\2d61d13a,Ozan Kabak\2d61d13a,tr TUR,DF,Norwich City,21-363,2000,10.2,10,0.98,4,0,1,1,3,1,0,0,0,0,0,0,0,0,Matches
240,Christian Kabasele\914ab9a1,Christian Kabasele\914ab9a1,be BEL,DF,Watford,31-027,1991,5.3,4,0.76,4,0,0,0,0,0,0,0,0,0,0,0,0,0,Matches
241,Samuel Kalu\b8d22478,Samuel Kalu\b8d22478,ng NGA,FWMF,Watford,24-209,1997,0.5,0,0,0,0,0,0,0,0,0,0,0,0,0,0,0,0,Matches
242,Hassane Kamara\19a12bed,Hassane Kamara\19a12bed,ci CIV,DF,Watford,27-185,1994,10.9,16,1.46,13,0,1,0,0,2,0,0,0,0,0,0,0,0,Matches
243,Harry Kane\21a66f6a,Harry Kane\21a66f6a,eng ENG,FW,Tottenham,28-238,1993,26.9,84,3.12,61,1,9,6,6,1,13,0.48,10,0,1,2,0,0,Matches
244,N'Golo Kante\b9fbae28,N'Golo Kanté\b9fbae28,fr FRA,MF,Chelsea,30-359,1991,13.3,37,2.78,30,0,4,1,0,2,10,0.75,9,0,1,0,0,0,Matches
245,Edo Kayembe\f99b71de,Edo Kayembe\f99b71de,cd COD,MF,Watford,23-232,1998,4.6,7,1.52,7,0,0,0,0,0,0,0,0,0,0,0,0,0,Matches
246,Moise Kean\3d50bcdb,Moise Kean\3d50bcdb,it ITA,FW,Everton,22-023,2000,0,0,0,0,0,0,0,0,0,0,0,0,0,0,0,0,0,Matches
247,Michael Keane\c5b7c315,Michael Keane\c5b7c315,eng ENG,DF,Everton,29-071,1993,24.5,12,0.49,8,1,0,3,0,0,1,0.04,1,0,0,0,0,0,Matches
248,Naby Keita\f25c8e3a,Naby Keïta\f25c8e3a,gn GUI,MF,Liverpool,27-041,1995,9.2,30,3.25,23,0,2,3,0,2,5,0.54,4,0,0,1,0,0,Matches
249,Caoimhin Kelleher\62d7ef38,Caoimhín Kelleher\62d7ef38,ie IRL,GK,Liverpool,23-120,1998,2,0,0,0,0,0,0,0,0,0,0,0,0,0,0,0,0,Matches
250,Jonjoe Kenny\099e666f,Jonjoe Kenny\099e666f,eng ENG,DF,Everton,25-008,1997,7.8,11,1.41,7,1,2,1,0,0,2,0.26,2,0,0,0,0,0,Matches
251,Max Kilman\d0f72bf1,Max Kilman\d0f72bf1,eng ENG,DF,Wolves,24-304,1997,27.9,8,0.29,6,0,1,1,0,0,1,0.04,0,0,0,1,0,0,Matches
252,Joshua King\43458538,Joshua King\43458538,no NOR,FW,Watford,30-067,1992,21.9,55,2.52,42,0,4,3,5,1,6,0.27,4,0,1,1,0,0,Matches
253,Kristoffer Klaesson\3f70db80,Kristoffer Klaesson\3f70db80,no NOR,GK,Leeds United,21-116,2000,0.4,0,0,0,0,0,0,0,0,0,0,0,0,0,0,0,0,Matches
254,Mateusz Klich\282679b4,Mateusz Klich\282679b4,pl POL,MF,Leeds United,31-283,1990,18.3,59,3.22,47,2,2,4,3,1,6,0.33,5,0,0,1,0,0,Matches
255,Robin Koch\ea6bc03a,Robin Koch\ea6bc03a,de GER,MFDF,Leeds United,25-249,1996,11.2,15,1.33,13,0,0,1,1,0,0,0,0,0,0,0,0,0,Matches
256,Sead Kolasinac\3935e52e,Sead Kolašinac\3935e52e,ba BIH,DF,Arsenal,28-276,1993,1,0,0,0,0,0,0,0,0,0,0,0,0,0,0,0,0,Matches
257,Ibrahima Konate\5ed9b537,Ibrahima Konaté\5ed9b537,fr FRA,DF,Liverpool,22-302,1999,8,5,0.62,5,0,0,0,0,0,1,0.12,1,0,0,0,0,0,Matches
258,Ezri Konsa\0313a347,Ezri Konsa\0313a347,eng ENG,DF,Aston Villa,24-151,1997,22,9,0.41,8,0,0,0,0,1,0,0,0,0,0,0,0,0,Matches
259,Cheikhou Kouyate\8d3c902d,Cheikhou Kouyaté\8d3c902d,sn SEN,MF,Crystal Palace,32-092,1989,18.5,16,0.86,13,0,2,0,0,1,1,0.05,1,0,0,0,0,0,Matches
260,Mateo Kovacic\79c0821a,Mateo Kova?i?\79c0821a,hr CRO,MF,Chelsea,27-321,1994,14.2,46,3.24,38,0,2,3,3,0,6,0.42,6,0,0,0,0,0,Matches
261,Emil Krafth\77cf6852,Emil Krafth\77cf6852,se SWE,DF,Newcastle Utd,27-233,1994,11.5,7,0.61,5,0,1,1,0,0,1,0.09,1,0,0,0,0,0,Matches
262,Alex Kral\e717705a,Alex Král\e717705a,cz CZE,MF,West Ham,23-308,1998,0,0,0,0,0,0,0,0,0,0,0,0,0,0,0,0,0,Matches
263,Tim Krul\f23f9d20,Tim Krul\f23f9d20,nl NED,GK,Norwich City,33-354,1988,22,5,0.23,3,2,0,0,0,0,0,0,0,0,0,0,0,0,Matches
264,Juraj Kucka\5aaef9ef,Juraj Kucka\5aaef9ef,sk SVK,MF,Watford,35-025,1987,17.6,31,1.76,22,0,4,0,3,2,2,0.11,1,0,0,0,1,0,Matches
265,Dejan Kulusevski\df3cda47,Dejan Kulusevski\df3cda47,se SWE,MFFW,Tottenham,21-332,2000,7.6,25,3.31,18,0,2,5,0,0,7,0.93,4,0,2,1,0,0,Matches
266,Alexandre Lacazette\9dbb75ca,Alexandre Lacazette\9dbb75ca,fr FRA,FWMF,Arsenal,30-299,1991,17,63,3.71,41,0,7,4,9,2,9,0.53,6,0,0,1,1,1,Matches
267,Adam Lallana\99813635,Adam Lallana\99813635,eng ENG,MF,Brighton,33-317,1988,16.8,26,1.55,22,0,1,0,2,1,3,0.18,3,0,0,0,0,0,Matches
268,Tariq Lamptey\f4e433d4,Tariq Lamptey\f4e433d4,eng ENG,DFFW,Brighton,21-174,2000,14.2,40,2.82,28,0,4,3,3,2,2,0.14,2,0,0,0,0,0,Matches
269,Manuel Lanzini\26f6dca8,Manuel Lanzini\26f6dca8,ar ARG,MF,West Ham,29-036,1993,14.7,44,2.99,37,3,2,0,1,1,6,0.41,4,0,1,0,0,1,Matches
270,Aymeric Laporte\119b9a8e,Aymeric Laporte\119b9a8e,es ESP,DF,Manchester City,27-300,1994,23.1,24,1.04,20,0,0,3,1,0,3,0.13,1,0,0,1,1,0,Matches
271,Jamaal Lascelles\450ab6fc,Jamaal Lascelles\450ab6fc,eng ENG,DF,Newcastle Utd,28-132,1993,18.8,6,0.32,6,0,0,0,0,0,1,0.05,1,0,0,0,0,0,Matches
272,Pierre Lees-Melou\f5044e54,Pierre Lees-Melou\f5044e54,fr FRA,MF,Norwich City,28-302,1993,17.8,36,2.02,30,1,0,1,1,3,1,0.06,0,0,0,0,1,0,Matches
273,Aaron Lennon\2ff964a0,Aaron Lennon\2ff964a0,eng ENG,MFFW,Burnley,34-341,1987,11.9,20,1.68,11,0,3,0,6,0,4,0.34,1,0,1,0,2,0,Matches
274,Bernd Leno\2628fd2b,Bernd Leno\2628fd2b,de GER,GK,Arsenal,30-019,1992,4,0,0,0,0,0,0,0,0,0,0,0,0,0,0,0,0,Matches
275,Jamal Lewis\efb9215a,Jamal Lewis\efb9215a,nir NIR,DF,Newcastle Utd,24-057,1998,2.9,2,0.69,2,0,0,0,0,0,1,0.34,1,0,0,0,0,0,Matches
276,Victor Lindelof\f5deef4c,Victor Lindelöf\f5deef4c,se SWE,DF,Manchester Utd,27-249,1994,18.2,10,0.55,10,0,0,0,0,0,3,0.17,3,0,0,0,0,0,Matches
277,Jesse Lingard\810e3c74,Jesse Lingard\810e3c74,eng ENG,FW,Manchester Utd,29-098,1992,2.3,7,3,5,0,0,1,1,0,0,0,0,0,0,0,0,0,Matches
278,Valentino Livramento\afed6722,Valentino Livramento\afed6722,eng ENG,DF,Southampton,19-131,2002,22.2,35,1.58,32,0,1,0,2,0,2,0.09,1,0,0,0,1,0,Matches
279,Diego Llorente\bba30585,Diego Llorente\bba30585,es ESP,DF,Leeds United,28-219,1993,19,6,0.32,6,0,0,0,0,0,0,0,0,0,0,0,0,0,Matches
280,Hugo Lloris\8f62b6ee,Hugo Lloris\8f62b6ee,fr FRA,GK,Tottenham,35-087,1986,29,5,0.17,5,0,0,0,0,0,1,0.03,1,0,0,0,0,0,Matches
281,Giovani Lo Celso\d7553721,Giovani Lo Celso\d7553721,ar ARG,MFFW,Tottenham,25-348,1996,2.6,10,3.78,5,2,0,1,2,0,0,0,0,0,0,0,0,0,Matches
282,Jurgen Locadia\6cc47ae1,Jürgen Locadia\6cc47ae1,nl NED,FW,Brighton,28-136,1993,0.3,0,0,0,0,0,0,0,0,0,0,0,0,0,0,0,0,Matches
283,Ruben Loftus-Cheek\e97fd090,Ruben Loftus-Cheek\e97fd090,eng ENG,MF,Chelsea,26-059,1996,8.7,24,2.77,15,0,2,3,2,2,4,0.46,2,0,0,2,0,0,Matches
284,Shane Long\9f472354,Shane Long\9f472354,ie IRL,FWMF,Southampton,35-060,1987,1.6,2,1.29,1,0,0,0,1,0,0,0,0,0,0,0,0,0,Matches
285,Sean Longstaff\a2b105e0,Sean Longstaff\a2b105e0,eng ENG,MF,Newcastle Utd,24-144,1997,12.2,17,1.39,13,1,0,1,0,2,3,0.25,2,0,0,0,0,1,Matches
286,Ademola Lookman\7c104bb7,Ademola Lookman\7c104bb7,eng ENG,FWMF,Leicester City,24-154,1997,12.7,35,2.77,27,0,4,1,2,1,2,0.16,1,0,0,0,1,0,Matches
287,Jonas Lossl\939bc634,Jonas Lössl\939bc634,dk DEN,GK,Brentford,33-050,1989,2,0,0,0,0,0,0,0,0,0,0,0,0,0,0,0,0,Matches
288,Imran Louza\e1df6989,Imran Louza\e1df6989,ma MAR,MF,Watford,22-326,1999,11.1,23,2.08,10,9,1,1,1,1,1,0.09,1,0,0,0,0,0,Matches
289,Matthew Lowton\9a9c05db,Matthew Lowton\9a9c05db,eng ENG,DF,Burnley,32-287,1989,16.8,30,1.78,22,4,0,1,2,1,2,0.12,1,0,0,1,0,0,Matches
290,Douglas Luiz\6f7d826d,Douglas Luiz\6f7d826d,br BRA,MF,Aston Villa,23-318,1998,22.9,54,2.36,30,15,1,2,6,0,5,0.22,1,2,0,1,1,0,Matches
291,Romelu Lukaku\5eae500a,Romelu Lukaku\5eae500a,be BEL,FW,Chelsea,28-314,1993,13.5,30,2.23,21,0,3,2,4,0,3,0.22,0,0,1,0,2,0,Matches
292,Lyanco\b5bf1770,Lyanco\b5bf1770,br BRA,DF,Southampton,25-050,1997,6.1,6,0.98,4,0,0,1,0,1,0,0,0,0,0,0,0,0,Matches
293,Alexis Mac Allister\83d074ff,Alexis Mac Allister\83d074ff,ar ARG,MFFW,Brighton,23-089,1998,14.9,43,2.89,29,7,0,2,3,2,3,0.2,0,2,0,1,0,0,Matches
294,James Maddison\ee38d9c5,James Maddison\ee38d9c5,eng ENG,MFFW,Leicester City,25-120,1996,19.1,70,3.66,40,9,6,6,8,1,13,0.68,8,1,1,1,2,0,Matches
295,Harry Maguire\d8931174,Harry Maguire\d8931174,eng ENG,DF,Manchester Utd,29-018,1993,22.7,17,0.75,9,2,1,3,1,1,1,0.04,1,0,0,0,0,0,Matches
296,Riyad Mahrez\892d5bb1,Riyad Mahrez\892d5bb1,dz ALG,FW,Manchester City,31-030,1991,13.5,48,3.56,36,7,1,3,1,0,6,0.45,4,1,0,1,0,0,Matches
297,Ainsley Maitland-Niles\e3a5814e,Ainsley Maitland-Niles\e3a5814e,eng ENG,MF,Arsenal,24-206,1997,3,8,2.69,5,1,0,1,0,1,0,0,0,0,0,0,0,0,Matches
298,Sadio Mane\c691bfe2,Sadio Mané\c691bfe2,sn SEN,FW,Liverpool,29-347,1992,24.7,74,2.99,51,0,3,12,5,3,10,0.4,4,0,1,4,1,0,Matches
299,Javier Manquillo\758dd7f0,Javier Manquillo\758dd7f0,es ESP,DF,Newcastle Utd,27-322,1994,13.3,9,0.68,8,0,0,0,1,0,4,0.3,3,0,0,0,1,0,Matches
300,Fernando Marcal\9ae9eaea,Fernando Marçal\9ae9eaea,br BRA,DF,Wolves,33-032,1989,14.2,15,1.06,13,0,0,1,1,0,1,0.07,0,0,0,1,0,0,Matches
301,Solly March\bb5fbd2b,Solly March\bb5fbd2b,eng ENG,DFFW,Brighton,27-246,1994,13.8,52,3.78,34,9,5,0,2,2,3,0.22,2,0,0,0,1,0,Matches
302,Pablo Mari\aa54ec6f,Pablo Marí\aa54ec6f,es ESP,DF,Arsenal,28-204,1993,2,1,0.5,1,0,0,0,0,0,0,0,0,0,0,0,0,0,Matches
303,Anthony Martial\8b788c01,Anthony Martial\8b788c01,fr FRA,FW,Manchester Utd,26-108,1995,2.4,3,1.27,3,0,0,0,0,0,2,0.85,2,0,0,0,0,0,Matches
304,Martinelli\48a5a5d6,Martinelli\48a5a5d6,br BRA,FWMF,Arsenal,20-278,2001,13.8,42,3.03,29,4,3,4,1,1,6,0.43,3,2,0,1,0,0,Matches
305,Emiliano Martinez\7956236f,Emiliano Martínez\7956236f,ar ARG,GK,Aston Villa,29-202,1992,28,3,0.11,3,0,0,0,0,0,1,0.04,1,0,0,0,0,0,Matches
306,Adam Masina\de0f152c,Adam Masina\de0f152c,ma MAR,DF,Watford,28-080,1994,9.6,9,0.94,5,3,0,0,0,1,0,0,0,0,0,0,0,0,Matches
307,Arthur Masuaku\57df7a11,Arthur Masuaku\57df7a11,cd COD,DFFW,West Ham,28-136,1993,6.2,6,0.96,4,2,0,0,0,0,2,0.32,1,1,0,0,0,0,Matches
308,Jean-Philippe Mateta\50e6dc35,Jean-Philippe Mateta\50e6dc35,fr FRA,FW,Crystal Palace,24-268,1997,7.2,10,1.38,9,0,0,1,0,0,2,0.28,1,0,0,1,0,0,Matches
309,Nemanja Matic\eb7822d7,Nemanja Mati?\eb7822d7,rs SRB,MF,Manchester Utd,33-234,1988,10.2,21,2.06,18,0,0,0,1,2,3,0.29,3,0,0,0,0,0,Matches
310,Joel Matip\b217ef29,Joël Matip\b217ef29,cm CMR,DF,Liverpool,30-227,1991,23,26,1.13,21,0,0,4,1,0,6,0.26,5,0,0,0,1,0,Matches
311,Neal Maupay\4bcf39f6,Neal Maupay\4bcf39f6,fr FRA,FW,Brighton,25-221,1996,22.7,56,2.46,42,0,5,5,4,0,3,0.13,3,0,0,0,0,0,Matches
312,Bryan Mbeumo\6afaebf2,Bryan Mbeumo\6afaebf2,fr FRA,FWMF,Brentford,22-228,1999,24.8,54,2.18,34,9,7,3,0,1,6,0.24,5,1,0,0,0,0,Matches
313,James McArthur\cee31595,James McArthur\cee31595,sct SCO,MF,Crystal Palace,34-167,1987,12.9,24,1.85,21,0,1,0,1,1,2,0.15,2,0,0,0,0,0,Matches
314,James Mcatee\96593e89,James Mcatee\96593e89,eng ENG,MFFW,Manchester City,19-156,2002,0.2,0,0,0,0,0,0,0,0,0,0,0,0,0,0,0,0,Matches
315,Kasey McAteer\b2c66859,Kasey McAteer\b2c66859,eng ENG,FW,Leicester City,20-121,2001,0,0,0,0,0,0,0,0,0,0,0,0,0,0,0,0,0,Matches
316,Liam McCarron\076bb352,Liam McCarron\076bb352,sct SCO,FW,Leeds United,21-016,2001,0.1,0,0,0,0,0,0,0,0,0,0,0,0,0,0,0,0,Matches
317,Alex McCarthy\36c2ca73,Alex McCarthy\36c2ca73,eng ENG,GK,Southampton,32-110,1989,15,1,0.07,1,0,0,0,0,0,0,0,0,0,0,0,0,0,Matches
318,John McGinn\90f91999,John McGinn\90f91999,sct SCO,MF,Aston Villa,27-156,1994,25.3,68,2.68,45,17,1,2,3,0,3,0.12,2,1,0,0,0,0,Matches
319,Stuart McKinstry\1000a059,Stuart McKinstry\1000a059,sct SCO,MF,Leeds United,19-186,2002,0,0,0,0,0,0,0,0,0,0,0,0,0,0,0,0,0,Matches
320,Kenny McLean\471f16b3,Kenny McLean\471f16b3,sct SCO,MF,Norwich City,30-074,1992,26.3,26,0.99,20,2,0,2,0,2,1,0.04,1,0,0,0,0,0,Matches
321,Dwight McNeil\fc15fb84,Dwight McNeil\fc15fb84,eng ENG,MF,Burnley,22-121,1999,26,62,2.38,36,12,4,3,7,0,3,0.12,2,1,0,0,0,0,Matches
322,Scott McTominay\d93c2511,Scott McTominay\d93c2511,sct SCO,MF,Manchester Utd,25-105,1996,20.9,38,1.82,30,0,3,1,2,2,6,0.29,4,0,0,1,0,1,Matches
323,Ben Mee\8df7a2fb,Ben Mee\8df7a2fb,eng ENG,DF,Burnley,32-181,1989,20.4,8,0.39,5,0,0,2,1,0,0,0,0,0,0,0,0,0,Matches
324,Benjamin Mendy\5271c8f1,Benjamin Mendy\5271c8f1,fr FRA,DF,Manchester City,27-249,1994,0.9,4,4.62,4,0,0,0,0,0,0,0,0,0,0,0,0,0,Matches
325,Edouard Mendy\33887998,Edouard Mendy\33887998,sn SEN,GK,Chelsea,30-022,1992,24,1,0.04,1,0,0,0,0,0,0,0,0,0,0,0,0,0,Matches
326,Nampalys Mendy\1598599e,Nampalys Mendy\1598599e,sn SEN,MF,Leicester City,29-273,1992,1.8,1,0.55,1,0,0,0,0,0,1,0.55,1,0,0,0,0,0,Matches
327,Illan Meslier\6b625ac2,Illan Meslier\6b625ac2,fr FRA,GK,Leeds United,22-021,2000,29.6,2,0.07,1,1,0,0,0,0,0,0,0,0,0,0,0,0,Matches
328,Luka Milivojevic\2ce2508a,Luka Milivojevi?\2ce2508a,rs SRB,MF,Crystal Palace,30-350,1991,7.2,11,1.52,6,4,0,0,1,0,1,0.14,1,0,0,0,0,0,Matches
329,James Milner\2f90f6b8,James Milner\2f90f6b8,eng ENG,MFDF,Liverpool,36-078,1986,7.1,18,2.55,13,3,1,1,0,0,1,0.14,1,0,0,0,0,0,Matches
330,Yerry Mina\6d5701f2,Yerry Mina\6d5701f2,co COL,DF,Everton,27-181,1994,7.2,2,0.28,1,0,0,0,0,1,0,0,0,0,0,0,0,0,Matches
331,Takumi Minamino\f833a830,Takumi Minamino\f833a830,jp JPN,FWMF,Liverpool,27-066,1995,1.1,5,4.69,3,0,0,0,1,1,1,0.94,1,0,0,0,0,0,Matches
332,Tyrone Mings\8397a50c,Tyrone Mings\8397a50c,eng ENG,DF,Aston Villa,29-010,1993,26.4,20,0.76,16,0,0,3,1,0,4,0.15,3,0,0,1,0,0,Matches
333,Tyrick Mitchell\5cbd1eb0,Tyrick Mitchell\5cbd1eb0,eng ENG,DF,Crystal Palace,22-203,1999,28.9,34,1.18,30,1,0,1,1,1,5,0.17,5,0,0,0,0,0,Matches
334,Jakub Moder\f230bc30,Jakub Moder\f230bc30,pl POL,MFFW,Brighton,22-350,1999,18.8,37,1.96,23,3,3,6,0,2,4,0.21,3,0,0,1,0,0,Matches
335,Wesley Moraes\bfae110f,Wesley Moraes\bfae110f,br BRA,FW,Aston Villa,25-117,1996,0,0,0,0,0,0,0,0,0,0,0,0,0,0,0,0,0,Matches
336,Tyler Morton\2bc28bb9,Tyler Morton\2bc28bb9,eng ENG,MF,Liverpool,19-143,2002,0.7,1,1.36,1,0,0,0,0,0,0,0,0,0,0,0,0,0,Matches
337,Mason Mount\9674002f,Mason Mount\9674002f,eng ENG,MFFW,Chelsea,23-072,1999,18.5,71,3.83,40,18,4,5,4,0,10,0.54,4,4,0,1,1,0,Matches
338,Lucas Moura\2b622f01,Lucas Moura\2b622f01,br BRA,FWMF,Tottenham,29-222,1992,17.1,51,2.98,40,0,3,2,5,1,7,0.41,7,0,0,0,0,0,Matches
339,Joao Moutinho\f5a00fa4,João Moutinho\f5a00fa4,pt POR,MF,Wolves,35-196,1986,25.1,51,2.03,30,17,0,1,0,3,4,0.16,3,1,0,0,0,0,Matches
340,Bali Mumba\2d760d7b,Bali Mumba\2d760d7b,eng ENG,DF,Norwich City,20-166,2001,0.5,0,0,0,0,0,0,0,0,0,0,0,0,0,0,0,0,Matches
341,Jacob Murphy\de112b84,Jacob Murphy\de112b84,eng ENG,DFFW,Newcastle Utd,27-027,1995,13.5,38,2.81,30,0,4,3,1,0,3,0.22,1,0,0,1,1,0,Matches
342,Enock Mwepu\1d5cab82,Enock Mwepu\1d5cab82,zm ZAM,MF,Brighton,24-081,1998,7.1,15,2.11,12,0,0,1,2,0,5,0.7,4,0,0,0,1,0,Matches
343,Vitaliy Mykolenko\30d4a2e5,Vitaliy Mykolenko\30d4a2e5,ua UKR,DF,Everton,22-298,1999,2,1,0.5,1,0,0,0,0,0,0,0,0,0,0,0,0,0,Matches
344,Marvelous Nakamba\de5b5570,Marvelous Nakamba\de5b5570,zw ZIM,MF,Aston Villa,28-063,1994,8.4,6,0.71,5,0,0,0,1,0,0,0,0,0,0,0,0,0,Matches
345,Wilfred Ndidi\6b47c5db,Wilfred Ndidi\6b47c5db,ng NGA,MFDF,Leicester City,25-097,1996,18,14,0.78,9,0,0,3,1,1,2,0.11,1,0,0,1,0,0,Matches
346,Tanguy Ndombele\5cdddffa,Tanguy Ndombele\5cdddffa,fr FRA,MF,Tottenham,25-085,1996,5.4,13,2.42,10,0,1,1,1,0,1,0.19,1,0,0,0,0,0,Matches
347,Reiss Nelson\c5bdb6e3,Reiss Nelson\c5bdb6e3,eng ENG,FW,Arsenal,22-103,1999,0.2,3,13.5,2,0,0,1,0,0,0,0,0,0,0,0,0,0,Matches
348,Pedro Neto\7ba2eaa9,Pedro Neto\7ba2eaa9,pt POR,MFFW,Wolves,22-014,2000,1.5,8,5.41,5,1,1,0,1,0,0,0,0,0,0,0,0,0,Matches
349,Ruben Neves\44bfb6c5,Rúben Neves\44bfb6c5,pt POR,MF,Wolves,25-010,1997,25.2,44,1.74,37,2,0,2,2,1,3,0.12,3,0,0,0,0,0,Matches
350,Jeremy Ngakia\3631ad41,Jeremy Ngakia\3631ad41,eng ENG,DF,Watford,21-197,2000,7,8,1.14,5,2,0,1,0,0,1,0.14,1,0,0,0,0,0,Matches
351,Saul Niguez\c14bc029,Saúl Ñíguez\c14bc029,es ESP,DFMF,Chelsea,27-122,1994,3.8,3,0.78,3,0,0,0,0,0,0,0,0,0,0,0,0,0,Matches
352,Eddie Nketiah\a53649b7,Eddie Nketiah\a53649b7,eng ENG,FWMF,Arsenal,22-297,1999,1.4,4,2.88,4,0,0,0,0,0,1,0.72,1,0,0,0,0,0,Matches
353,Nicolas Nkoulou\93cf32a8,Nicolas Nkoulou\93cf32a8,cm CMR,DF,Watford,31-361,1990,1.9,1,0.54,1,0,0,0,0,0,0,0,0,0,0,0,0,0,Matches
354,Mark Noble\ff527768,Mark Noble\ff527768,eng ENG,MF,West Ham,34-319,1987,1.4,1,0.71,1,0,0,0,0,0,0,0,0,0,0,0,0,0,Matches
355,Mathias Normann\8996350d,Mathias Normann\8996350d,no NOR,MF,Norwich City,25-299,1996,11.9,23,1.94,9,2,4,3,2,3,2,0.17,2,0,0,0,0,0,Matches
356,Christian Norgaard\df0a4c90,Christian Nørgaard\df0a4c90,dk DEN,MF,Brentford,28-013,1994,28.2,38,1.35,32,0,3,1,1,1,3,0.11,2,0,1,0,0,0,Matches
357,Angelo Ogbonna\74b2cd7e,Angelo Ogbonna\74b2cd7e,it ITA,DF,West Ham,33-304,1988,10.2,2,0.2,2,0,0,0,0,0,1,0.1,1,0,0,0,0,0,Matches
358,Michael Olise\c4486bac,Michael Olise\c4486bac,fr FRA,FWMF,Crystal Palace,20-101,2001,10.8,32,2.97,26,3,1,1,1,0,7,0.65,6,0,0,1,0,0,Matches
359,Andrew Omobamidele\c393a6c4,Andrew Omobamidele\c393a6c4,ie IRL,DF,Norwich City,19-273,2002,4.2,0,0,0,0,0,0,0,0,0,0,0,0,0,0,0,0,Matches
360,Tyler Onyango\d86a1f3e,Tyler Onyango\d86a1f3e,eng ENG,MFFW,Everton,19-019,2003,0.3,0,0,0,0,0,0,0,0,0,0,0,0,0,0,0,0,Matches
361,Frank Onyeka\2944f86f,Frank Onyeka\2944f86f,ng NGA,MF,Brentford,24-081,1998,11.6,17,1.46,11,0,1,1,4,0,1,0.09,0,0,0,0,1,0,Matches
362,Divock Origi\43a166b4,Divock Origi\43a166b4,be BEL,FW,Liverpool,26-339,1995,0.8,1,1.18,0,0,0,1,0,0,1,1.18,0,0,0,1,0,0,Matches
363,Alex Oxlade-Chamberlain\38c7feef,Alex Oxlade-Chamberlain\38c7feef,eng ENG,MFFW,Liverpool,28-220,1993,8.7,21,2.41,17,0,2,0,1,1,1,0.11,1,0,0,0,0,0,Matches
364,Cole Palmer\dc7f8a28,Cole Palmer\dc7f8a28,eng ENG,FWMF,Manchester City,19-321,2002,1.4,7,5.12,4,0,0,2,1,0,1,0.73,0,0,0,1,0,0,Matches
365,Emerson Palmieri\e0bc6fdc,Emerson Palmieri\e0bc6fdc,it ITA,DF,Chelsea,27-232,1994,0.1,0,0,0,0,0,0,0,0,0,0,0,0,0,0,0,0,Matches
366,Thomas Partey\529f49ab,Thomas Partey\529f49ab,gh GHA,MF,Arsenal,28-283,1993,21.7,51,2.35,39,0,5,4,3,0,3,0.14,2,0,0,1,0,0,Matches
367,Joao Pedro\e8832875,João Pedro\e8832875,br BRA,FWMF,Watford,20-178,2001,11.3,35,3.09,25,0,5,2,2,1,3,0.26,2,0,0,1,0,0,Matches
368,Nicolas Pepe\57e3f0c7,Nicolas Pépé\57e3f0c7,ci CIV,FWMF,Arsenal,26-298,1995,6.7,25,3.73,13,9,1,2,0,0,3,0.45,1,0,0,2,0,0,Matches
369,Ricardo Pereira\75a72a99,Ricardo Pereira\75a72a99,pt POR,DF,Leicester City,28-168,1993,9.8,21,2.15,17,0,3,0,0,1,5,0.51,3,0,1,0,0,1,Matches
370,Ayoze Perez\819aa8e7,Ayoze Pérez\819aa8e7,es ESP,FWMF,Leicester City,28-243,1993,2.4,10,4.09,9,0,0,1,0,0,1,0.41,1,0,0,0,0,0,Matches
371,Sonny Perkins\87f12e30,Sonny Perkins\87f12e30,eng ENG,FW,West Ham,18-041,2004,0,0,0,0,0,0,0,0,0,0,0,0,0,0,0,0,0,Matches
372,Romain Perraud\6dfd8f05,Romain Perraud\6dfd8f05,fr FRA,DF,Southampton,24-182,1997,13.4,17,1.27,13,0,1,1,1,1,2,0.15,2,0,0,0,0,0,Matches
373,Kalvin Phillips\4f565d77,Kalvin Phillips\4f565d77,eng ENG,MF,Leeds United,26-111,1995,11.1,17,1.53,13,1,0,1,0,2,3,0.27,3,0,0,0,0,0,Matches
374,Jaden Philogene Bidace\19f4d211,Jaden Philogene Bidace\19f4d211,eng ENG,FW,Aston Villa,19-309,2002,0.1,1,18,0,0,0,0,1,0,0,0,0,0,0,0,0,0,Matches
375,Jordan Pickford\4806ec67,Jordan Pickford\4806ec67,eng ENG,GK,Everton,28-016,1994,25,3,0.12,1,2,0,0,0,0,0,0,0,0,0,0,0,0,Matches
376,Erik Pieters\1ef37668,Erik Pieters\1ef37668,nl NED,DF,Burnley,33-228,1988,7.9,6,0.76,4,2,0,0,0,0,0,0,0,0,0,0,0,0,Matches
377,Ethan Pinnock\e541326e,Ethan Pinnock\e541326e,jm JAM,DF,Brentford,28-298,1993,27.7,19,0.69,14,2,0,3,0,0,2,0.07,1,0,0,1,0,0,Matches
378,Daniel Podence\7fcc71d8,Daniel Podence\7fcc71d8,pt POR,FWMF,Wolves,26-153,1995,15.6,57,3.66,44,0,4,4,4,1,4,0.26,3,0,0,1,0,0,Matches
379,Paul Pogba\867239d3,Paul Pogba\867239d3,fr FRA,MFFW,Manchester Utd,29-008,1993,12.6,47,3.72,36,1,4,1,5,0,11,0.87,10,1,0,0,0,0,Matches
380,Nick Pope\4b40d9ca,Nick Pope\4b40d9ca,eng ENG,GK,Burnley,29-338,1992,25,6,0.24,3,3,0,0,0,0,0,0,0,0,0,0,0,0,Matches
381,Teemu Pukki\0745b37d,Teemu Pukki\0745b37d,fi FIN,FW,Norwich City,31-359,1990,27.2,38,1.4,25,0,3,1,9,0,3,0.11,2,0,0,0,1,0,Matches
382,Christian Pulisic\1bf33a9a,Christian Pulisic\1bf33a9a,us USA,MFFW,Chelsea,23-186,1998,10.5,17,1.61,14,0,0,0,2,1,1,0.09,1,0,0,0,0,0,Matches
383,Przemys?aw P?acheta\3c33f9d9,Przemys?aw P?acheta\3c33f9d9,pl POL,FWMF,Norwich City,24-000,1998,4.9,10,2.03,3,2,2,0,3,0,0,0,0,0,0,0,0,0,Matches
384,Jesuran Rak Sakyi\45685411,Jesuran Rak Sakyi\45685411,eng ENG,MF,Crystal Palace,19-169,2002,0.2,0,0,0,0,0,0,0,0,0,0,0,0,0,0,0,0,Matches
385,Aaron Ramsdale\466fb2c5,Aaron Ramsdale\466fb2c5,eng ENG,GK,Arsenal,23-313,1998,24,0,0,0,0,0,0,0,0,0,0,0,0,0,0,0,0,Matches
386,Jacob Ramsey\1544f145,Jacob Ramsey\1544f145,eng ENG,MF,Aston Villa,20-299,2001,21.4,44,2.05,34,0,2,1,6,1,1,0.05,1,0,0,0,0,0,Matches
387,Marcus Rashford\a1d5bd30,Marcus Rashford\a1d5bd30,eng ENG,FWMF,Manchester Utd,24-143,1997,10.4,28,2.69,17,0,4,2,5,0,3,0.29,3,0,0,0,0,0,Matches
388,Milot Rashica\6c6a3300,Milot Rashica\6c6a3300,xk KVX,FWMF,Norwich City,25-268,1996,18,41,2.28,24,12,1,2,1,1,4,0.22,3,1,0,0,0,0,Matches
389,David Raya\98ea5115,David Raya\98ea5115,es ESP,GK,Brentford,26-189,1995,16,1,0.06,1,0,0,0,0,0,0,0,0,0,0,0,0,0,Matches
390,Nathan Redmond\ab651565,Nathan Redmond\ab651565,eng ENG,MFFW,Southampton,28-017,1994,15.1,50,3.32,39,4,1,4,1,1,6,0.4,4,1,0,0,1,0,Matches
391,Sergio Reguilon\3353737a,Sergio Reguilón\3353737a,es ESP,DF,Tottenham,25-097,1996,19.5,51,2.61,40,3,3,2,3,0,5,0.26,5,0,0,0,0,0,Matches
392,Declan Rice\1c7012b8,Declan Rice\1c7012b8,eng ENG,MF,West Ham,23-068,1999,28,49,1.75,41,1,2,1,1,3,7,0.25,7,0,0,0,0,0,Matches
393,Taylor Richards\e0243d23,Taylor Richards\e0243d23,eng ENG,MFFW,Brighton,21-109,2000,0.3,1,3.6,1,0,0,0,0,0,0,0,0,0,0,0,0,0,Matches
394,Richarlison\fa031b34,Richarlison\fa031b34,br BRA,FWMF,Everton,24-317,1997,18.2,39,2.15,28,0,1,4,6,0,4,0.22,3,0,0,1,0,0,Matches
395,Jairo Riedewald\7a1f2c08,Jaïro Riedewald\7a1f2c08,nl NED,MF,Crystal Palace,25-195,1996,1.3,3,2.29,2,1,0,0,0,0,0,0,0,0,0,0,0,0,Matches
396,Matt Ritchie\71ef519e,Matt Ritchie\71ef519e,sct SCO,DF,Newcastle Utd,32-194,1989,14.6,40,2.73,18,21,0,1,0,0,3,0.2,2,1,0,0,0,0,Matches
397,Connor Roberts\24fae784,Connor Roberts\24fae784,wls WAL,DF,Burnley,26-181,1995,10.2,9,0.88,6,1,1,0,1,0,1,0.1,1,0,0,0,0,0,Matches
398,Tyler Roberts\6c17e046,Tyler Roberts\6c17e046,wls WAL,MFFW,Leeds United,23-070,1999,11,28,2.55,22,0,2,2,2,0,1,0.09,1,0,0,0,0,0,Matches
399,Andrew Robertson\2e4f5f03,Andrew Robertson\2e4f5f03,sct SCO,DF,Liverpool,28-012,1994,21.5,76,3.54,55,14,3,0,3,1,12,0.56,9,2,1,0,0,0,Matches
400,Joe Rodon\8d62d31a,Joe Rodon\8d62d31a,wls WAL,DF,Tottenham,24-152,1997,0.9,0,0,0,0,0,0,0,0,0,0,0,0,0,0,0,0,Matches
401,Rodri\6434f10d,Rodri\6434f10d,es ESP,MF,Manchester City,25-274,1996,23.4,60,2.57,52,1,2,3,0,2,1,0.04,1,0,0,0,0,0,Matches
402,Rodrigo\1fb1c435,Rodrigo\1fb1c435,es ESP,MFFW,Leeds United,31-017,1991,18.1,59,3.26,47,3,2,1,2,4,4,0.22,2,0,1,0,0,1,Matches
403,Jay Rodriguez\4ab53cdb,Jay Rodriguez\4ab53cdb,eng ENG,FW,Burnley,32-237,1989,10.5,14,1.33,11,0,0,2,1,0,2,0.19,2,0,0,0,0,0,Matches
404,Mads Roerslev\57c94db2,Mads Roerslev\57c94db2,dk DEN,DF,Brentford,22-272,1999,10.5,10,0.95,7,0,1,1,1,0,3,0.29,2,0,0,1,0,0,Matches
405,Cristian Romero\a3d94a58,Cristian Romero\a3d94a58,ar ARG,DF,Tottenham,23-330,1998,14.5,9,0.62,7,1,0,0,1,0,0,0,0,0,0,0,0,0,Matches
406,Oriol Romeu\4b511457,Oriol Romeu\4b511457,es ESP,MF,Southampton,30-180,1991,25.7,52,2.02,48,0,1,1,0,2,3,0.12,3,0,0,0,0,0,Matches
407,Cristiano Ronaldo\dea698d9,Cristiano Ronaldo\dea698d9,pt POR,FW,Manchester Utd,37-046,1985,21.3,61,2.87,42,0,9,5,4,1,8,0.38,4,0,2,1,1,0,Matches
408,Salomon Rondon\b318a643,Salomón Rondón\b318a643,ve VEN,FW,Everton,32-188,1989,7.9,15,1.89,11,0,1,2,0,1,0,0,0,0,0,0,0,0,Matches
409,Danny Rose\89d10e53,Danny Rose\89d10e53,eng ENG,DF,Watford,31-264,1990,7.7,11,1.44,10,1,0,0,0,0,1,0.13,0,1,0,0,0,0,Matches
410,Jon Rowe\8c12f884,Jon Rowe\8c12f884,eng ENG,FWMF,Norwich City,18-327,2003,1.2,5,4.33,4,0,1,0,0,0,1,0.87,1,0,0,0,0,0,Matches
411,Antonio Rudiger\18b896d6,Antonio Rüdiger\18b896d6,de GER,DF,Chelsea,29-020,1993,26,31,1.19,26,0,1,2,2,0,8,0.31,5,0,0,1,2,0,Matches
412,Lukas Rupp\3faa1780,Lukas Rupp\3faa1780,de GER,MF,Norwich City,31-074,1991,6.5,22,3.38,18,0,2,1,1,0,0,0,0,0,0,0,0,0,Matches
413,Jose Sa\903b6e8b,José Sá\903b6e8b,pt POR,GK,Wolves,29-065,1993,30,3,0.1,3,0,0,0,0,0,0,0,0,0,0,0,0,0,Matches
414,Allan Saint-Maximin\2b16cb1a,Allan Saint-Maximin\2b16cb1a,fr FRA,FWMF,Newcastle Utd,25-011,1997,22.7,92,4.05,58,1,20,5,6,2,7,0.31,5,0,0,1,1,0,Matches
415,Romain Saiss\9fbbcf39,Romain Saïss\9fbbcf39,ma MAR,DF,Wolves,31-362,1990,27.4,13,0.47,12,0,0,1,0,0,0,0,0,0,0,0,0,0,Matches
416,Bukayo Saka\bc7dc64d,Bukayo Saka\bc7dc64d,eng ENG,FWMF,Arsenal,20-199,2001,23.7,99,4.17,69,11,9,3,6,1,8,0.34,6,1,0,0,1,0,Matches
417,Mohamed Salah\e342ad68,Mohamed Salah\e342ad68,eg EGY,FW,Liverpool,29-281,1992,25.1,115,4.58,77,0,19,15,3,1,22,0.88,14,0,5,2,1,0,Matches
418,Mohammed Salisu\0b33f6ad,Mohammed Salisu\0b33f6ad,gh GHA,DF,Southampton,22-340,1999,26,23,0.88,18,0,0,3,0,2,3,0.12,3,0,0,0,0,0,Matches
419,Albert Sambi Lokonga\1b4f1169,Albert Sambi Lokonga\1b4f1169,be BEL,MF,Arsenal,22-152,1999,10.1,22,2.18,22,0,0,0,0,0,0,0,0,0,0,0,0,0,Matches
420,Davinson Sanchez\da7b447d,Davinson Sánchez\da7b447d,co COL,DF,Tottenham,25-284,1996,14.8,13,0.88,12,0,0,1,0,0,1,0.07,1,0,0,0,0,0,Matches
421,Robert Sanchez\6a713852,Robert Sánchez\6a713852,es ESP,GK,Brighton,24-125,1997,28,4,0.14,4,0,0,0,0,0,0,0,0,0,0,0,0,0,Matches
422,Jadon Sancho\dbf053da,Jadon Sancho\dbf053da,eng ENG,FWMF,Manchester Utd,21-363,2000,16.6,68,4.09,55,3,7,2,1,0,7,0.42,5,0,2,0,0,0,Matches
423,Morgan Sanson\6e7f1353,Morgan Sanson\6e7f1353,fr FRA,MF,Aston Villa,27-217,1994,3.2,3,0.95,2,0,0,0,0,1,0,0,0,0,0,0,0,0,Matches
424,Samir Santos\92b4758e,Samir Santos\92b4758e,br BRA,DF,Watford,27-108,1994,11,1,0.09,1,0,0,0,0,0,0,0,0,0,0,0,0,0,Matches
425,Josh Sargent\a8d4428b,Josh Sargent\a8d4428b,us USA,FWMF,Norwich City,22-031,2000,17.3,26,1.5,18,0,1,3,4,0,2,0.12,1,0,1,0,0,0,Matches
426,Jeremy Sarmiento\ac0d576d,Jeremy Sarmiento\ac0d576d,ec ECU,FW,Brighton,19-280,2002,0.2,0,0,0,0,0,0,0,0,0,0,0,0,0,0,0,0,Matches
427,Ismaila Sarr\bfdb33aa,Ismaila Sarr\bfdb33aa,sn SEN,FWMF,Watford,24-026,1998,14.9,33,2.21,25,0,4,0,2,2,2,0.13,2,0,0,0,0,0,Matches
428,Malang Sarr\4315f30d,Malang Sarr\4315f30d,fr FRA,DF,Chelsea,23-059,1999,4.7,6,1.29,6,0,0,0,0,0,1,0.21,1,0,0,0,0,0,Matches
429,Dane Scarlett\21945a9e,Dane Scarlett\21945a9e,eng ENG,MF,Tottenham,17-364,2004,0,0,0,0,0,0,0,0,0,0,0,0,0,0,0,0,0,Matches
430,Fabian Schar\c8aa95da,Fabian Schär\c8aa95da,ch SUI,DF,Newcastle Utd,30-093,1991,18.8,16,0.85,11,2,2,1,0,0,4,0.21,3,0,1,0,0,0,Matches
431,Jeffrey Schlupp\3312f911,Jeffrey Schlupp\3312f911,gh GHA,MFFW,Crystal Palace,29-090,1992,14.4,28,1.95,21,0,3,3,1,0,4,0.28,2,0,1,0,1,0,Matches
432,Kasper Schmeichel\53af52f3,Kasper Schmeichel\53af52f3,dk DEN,GK,Leicester City,35-138,1986,27,3,0.11,3,0,0,0,0,0,1,0.04,1,0,0,0,0,0,Matches
433,Ken Sema\1770bd68,Ken Sema\1770bd68,se SWE,MFFW,Watford,28-174,1993,6.1,8,1.3,5,1,0,0,1,1,0,0,0,0,0,0,0,0,Matches
434,Nelson Semedo\d04b94db,Nélson Semedo\d04b94db,pt POR,DF,Wolves,28-127,1993,22.1,35,1.58,27,0,4,2,2,0,1,0.05,1,0,0,0,0,0,Matches
435,Ryan Sessegnon\6aa3e78b,Ryan Sessegnon\6aa3e78b,eng ENG,DFMF,Tottenham,21-309,2000,6,7,1.17,6,0,1,0,0,0,2,0.34,2,0,0,0,0,0,Matches
436,Jamie Shackleton\8d03ca5a,Jamie Shackleton\8d03ca5a,eng ENG,DFMF,Leeds United,22-166,1999,7.6,8,1.05,6,1,0,1,0,0,1,0.13,0,0,0,1,0,0,Matches
437,Luke Shaw\9c94165b,Luke Shaw\9c94165b,eng ENG,DF,Manchester Utd,26-254,1995,17.3,62,3.59,40,20,0,0,0,2,6,0.35,5,1,0,0,0,0,Matches
438,Jonjo Shelvey\3727dd3c,Jonjo Shelvey\3727dd3c,eng ENG,MF,Newcastle Utd,30-024,1992,17,36,2.11,25,7,1,0,0,3,2,0.12,1,0,0,0,0,1,Matches
439,Francisco Sierralta\0f933743,Francisco Sierralta\0f933743,cl CHI,DF,Watford,24-321,1997,4.7,1,0.21,1,0,0,0,0,0,0,0,0,0,0,0,0,0,Matches
440,Bernardo Silva\3eb22ec9,Bernardo Silva\3eb22ec9,pt POR,MFFW,Manchester City,27-225,1994,26.7,109,4.08,85,2,10,6,6,0,11,0.41,9,0,0,1,1,0,Matches
441,Fabio Silva\e7aa9d7c,Fábio Silva\e7aa9d7c,pt POR,FWMF,Wolves,19-247,2002,2.9,7,2.38,4,0,1,2,0,0,0,0,0,0,0,0,0,0,Matches
442,Thiago Silva\86e7deaf,Thiago Silva\86e7deaf,br BRA,DF,Chelsea,37-182,1984,21.3,17,0.8,12,0,0,3,1,1,1,0.05,0,0,0,0,1,0,Matches
443,Ellis Simms\26d3b5be,Ellis Simms\26d3b5be,eng ENG,FW,Everton,21-077,2001,0.7,1,1.48,1,0,0,0,0,0,0,0,0,0,0,0,0,0,Matches
444,Moussa Sissoko\2acd49b9,Moussa Sissoko\2acd49b9,fr FRA,MF,Watford,32-219,1989,26.8,53,1.98,46,0,4,1,1,1,3,0.11,1,0,1,0,0,1,Matches
445,Oliver Skipp\6250083a,Oliver Skipp\6250083a,eng ENG,MF,Tottenham,21-188,2000,15,22,1.47,21,0,0,0,1,0,3,0.2,3,0,0,0,0,0,Matches
446,William Smallbone\5e105217,William Smallbone\5e105217,ie IRL,MFFW,Southampton,22-030,2000,1.3,1,0.79,0,1,0,0,0,0,0,0,0,0,0,0,0,0,Matches
447,Emile Smith Rowe\17695062,Emile Smith Rowe\17695062,eng ENG,MFFW,Arsenal,21-238,2000,16.7,49,2.93,38,3,3,3,2,0,6,0.36,5,1,0,0,0,0,Matches
448,Cedric Soares\839c14e1,Cédric Soares\839c14e1,pt POR,DF,Arsenal,30-204,1991,9.2,12,1.3,10,2,0,0,0,0,0,0,0,0,0,0,0,0,Matches
449,Tomas Soucek\6613c819,Tomáš Sou?ek\6613c819,cz CZE,MF,West Ham,27-024,1995,27.9,29,1.04,24,0,0,3,1,1,3,0.11,3,0,0,0,0,0,Matches
450,Boubakary Soumare\ae59b359,Boubakary Soumaré\ae59b359,fr FRA,MF,Leicester City,23-024,1999,11.5,13,1.13,11,0,1,0,0,1,2,0.17,2,0,0,0,0,0,Matches
451,Caglar Soyuncu\21166ff4,Ça?lar Söyüncü\21166ff4,tr TUR,DF,Leicester City,25-304,1996,23.7,9,0.38,9,0,0,0,0,0,0,0,0,0,0,0,0,0,Matches
452,Jason Steele\28300a16,Jason Steele\28300a16,eng ENG,GK,Brighton,31-217,1990,1,0,0,0,0,0,0,0,0,0,0,0,0,0,0,0,0,Matches
453,Jed Steer\a8a3d139,Jed Steer\a8a3d139,eng ENG,GK,Aston Villa,29-181,1992,1,0,0,0,0,0,0,0,0,0,0,0,0,0,0,0,0,Matches
454,Zack Steffen\42130443,Zack Steffen\42130443,us USA,GK,Manchester City,26-355,1995,1,0,0,0,0,0,0,0,0,0,0,0,0,0,0,0,0,Matches
455,Dale Stephens\653ee42d,Dale Stephens\653ee42d,eng ENG,MF,Burnley,32-284,1989,1.4,2,1.46,1,0,0,0,1,0,0,0,0,0,0,0,0,0,Matches
456,Jack Stephens\6adbc307,Jack Stephens\6adbc307,eng ENG,DF,Southampton,28-055,1994,7,6,0.86,5,0,0,0,0,1,0,0,0,0,0,0,0,0,Matches
457,Raheem Sterling\b400bde0,Raheem Sterling\b400bde0,eng ENG,FW,Manchester City,27-105,1994,17.4,64,3.67,49,1,8,2,3,1,5,0.29,1,0,0,2,2,0,Matches
458,Finley Stevens\7e003182,Finley Stevens\7e003182,wls WAL,DF,Brentford,18-347,2003,0.2,1,6,1,0,0,0,0,0,0,0,0,0,0,0,0,0,Matches
459,John Stones\5eecec3d,John Stones\5eecec3d,eng ENG,DF,Manchester City,27-299,1994,9.6,8,0.83,7,0,0,1,0,0,1,0.1,0,0,0,1,0,0,Matches
460,Pascal Struijk\f4d296e4,Pascal Struijk\f4d296e4,nl NED,DFMF,Leeds United,22-224,1999,19.8,17,0.86,11,0,0,2,1,3,2,0.1,0,0,0,1,0,1,Matches
461,Crysencio Summerville\df04eb4b,Crysencio Summerville\df04eb4b,nl NED,MFFW,Leeds United,20-144,2001,1.4,1,0.74,1,0,0,0,0,0,0,0,0,0,0,0,0,0,Matches
462,Jakob Sorensen\953c30b0,Jakob Sørensen\953c30b0,dk DEN,DFMF,Norwich City,24-020,1998,4.1,2,0.49,1,0,0,0,0,1,0,0,0,0,0,0,0,0,Matches
463,Japhet Tanganga\e9971f2d,Japhet Tanganga\e9971f2d,eng ENG,DF,Tottenham,22-357,1999,8.2,3,0.37,2,0,0,1,0,0,0,0,0,0,0,0,0,0,Matches
464,Matt Targett\e514ab62,Matt Targett\e514ab62,eng ENG,DF,Newcastle Utd,26-186,1995,7,24,3.43,10,10,0,1,3,0,1,0.14,0,1,0,0,0,0,Matches
465,Matt Targett\e514ab62,Matt Targett\e514ab62,eng ENG,DF,Aston Villa,26-186,1995,15.9,27,1.7,22,5,0,0,0,0,1,0.06,1,0,0,0,0,0,Matches
466,James Tarkowski\15ea812b,James Tarkowski\15ea812b,eng ENG,DF,Burnley,29-124,1992,25,17,0.68,14,0,0,2,0,1,2,0.08,2,0,0,0,0,0,Matches
467,Nuno Tavares\a65c844b,Nuno Tavares\a65c844b,pt POR,DF,Arsenal,22-056,2000,7,15,2.16,9,0,2,1,1,2,3,0.43,2,0,0,1,0,0,Matches
468,Charlie Taylor\cc2d7ad5,Charlie Taylor\cc2d7ad5,eng ENG,DF,Burnley,28-186,1993,19.3,25,1.29,18,2,1,0,4,0,2,0.1,1,1,0,0,0,0,Matches
469,Nathan Tella\f1e94cd6,Nathan Tella\f1e94cd6,eng ENG,MFFW,Southampton,22-261,1999,6.5,12,1.84,8,0,2,0,2,0,0,0,0,0,0,0,0,0,Matches
470,Alex Telles\e73c9bb2,Alex Telles\e73c9bb2,br BRA,DF,Manchester Utd,29-098,1992,11.1,24,2.16,13,9,0,1,1,0,3,0.27,0,2,0,0,1,0,Matches
471,Luke Thomas\fc027d02,Luke Thomas\fc027d02,eng ENG,DF,Leicester City,20-286,2001,17.2,17,0.99,11,4,0,1,0,1,1,0.06,1,0,0,0,0,0,Matches
472,Dominic Thompson\235a62f8,Dominic Thompson\235a62f8,eng ENG,DF,Brentford,21-240,2000,1.6,1,0.62,0,1,0,0,0,0,0,0,0,0,0,0,0,0,Matches
473,Youri Tielemans\56f7a928,Youri Tielemans\56f7a928,be BEL,MF,Leicester City,24-320,1997,20.1,60,2.98,43,4,3,4,2,4,7,0.35,5,0,0,1,0,1,Matches
474,Kieran Tierney\fce2302c,Kieran Tierney\fce2302c,sct SCO,DF,Arsenal,24-291,1997,21.3,38,1.79,33,2,1,1,1,0,3,0.14,3,0,0,0,0,0,Matches
475,Takehiro Tomiyasu\b3af9be1,Takehiro Tomiyasu\b3af9be1,jp JPN,DF,Arsenal,23-138,1998,15.4,24,1.56,20,1,0,0,0,3,4,0.26,3,0,0,0,0,1,Matches
476,James Tomkins\e7ca0439,James Tomkins\e7ca0439,eng ENG,DF,Crystal Palace,32-359,1989,6.1,3,0.49,3,0,0,0,0,0,0,0,0,0,0,0,0,0,Matches
477,Ivan Toney\e09f279b,Ivan Toney\e09f279b,eng ENG,FW,Brentford,26-007,1996,24.3,47,1.93,36,0,2,2,5,2,6,0.25,3,0,0,0,3,0,Matches
478,Ferran Torres\9e1035f8,Ferrán Torres\9e1035f8,es ESP,FW,Manchester City,22-022,2000,3.4,5,1.49,4,0,0,1,0,0,2,0.59,2,0,0,0,0,0,Matches
479,Cenk Tosun\9a104dee,Cenk Tosun\9a104dee,tr TUR,FW,Everton,30-289,1991,0.1,0,0,0,0,0,0,0,0,0,0,0,0,0,0,0,0,Matches
480,Andros Townsend\b28bbd58,Andros Townsend\b28bbd58,eng ENG,MF,Everton,30-250,1991,16.2,54,3.34,38,8,1,2,4,1,4,0.25,4,0,0,0,0,0,Matches
481,Adama Traore\9a28eba4,Adama Traoré\9a28eba4,es ESP,FW,Wolves,26-057,1996,11.9,50,4.22,30,0,12,0,6,2,2,0.17,1,0,0,0,1,0,Matches
482,Bertrand Traore\c47541e0,Bertrand Traoré\c47541e0,bf BFA,FWMF,Aston Villa,26-198,1995,2,9,4.6,4,0,3,1,1,0,2,1.02,0,0,1,0,1,0,Matches
483,Trezeguet\3ae14ed1,Trézéguet\3ae14ed1,eg EGY,FW,Aston Villa,27-173,1994,0.1,0,0,0,0,0,0,0,0,0,0,0,0,0,0,0,0,Matches
484,Francisco Trincao\77e39b04,Francisco Trincão\77e39b04,pt POR,FWMF,Wolves,22-084,1999,12.7,35,2.77,22,3,7,0,2,1,1,0.08,1,0,0,0,0,0,Matches
485,Kieran Trippier\21512407,Kieran Trippier\21512407,eng ENG,DF,Newcastle Utd,31-185,1990,3.5,8,2.28,1,7,0,0,0,0,1,0.28,1,0,0,0,0,0,Matches
486,William Troost-Ekong\7ed4921e,William Troost-Ekong\7ed4921e,ng NGA,DF,Watford,28-203,1993,15.3,4,0.26,3,0,0,0,0,1,0,0,0,0,0,0,0,0,Matches
487,Leandro Trossard\38ceb24a,Leandro Trossard\38ceb24a,be BEL,FWMF,Brighton,27-109,1994,24.4,66,2.71,47,4,10,3,2,0,6,0.25,3,1,1,0,1,0,Matches
488,Kostas Tsimikas\f315ca93,Kostas Tsimikas\f315ca93,gr GRE,DF,Liverpool,25-315,1996,7.4,24,3.22,14,10,0,0,0,0,3,0.4,2,1,0,0,0,0,Matches
489,Axel Tuanzebe\2baec6ce,Axel Tuanzebe\2baec6ce,eng ENG,DF,Aston Villa,24-129,1997,5.6,1,0.18,1,0,0,0,0,0,0,0,0,0,0,0,0,0,Matches
490,Ozan Tufan\17d45fb2,Ozan Tufan\17d45fb2,tr TUR,MF,Watford,27-000,1995,3.7,7,1.89,6,1,0,0,0,0,0,0,0,0,0,0,0,0,Matches
491,Christos Tzolis\9f333379,Christos Tzolis\9f333379,gr GRE,FWMF,Norwich City,20-052,2002,3.4,11,3.21,11,0,0,0,0,0,0,0,0,0,0,0,0,0,Matches
492,Yan Valery\531a4aa8,Yan Valery\531a4aa8,fr FRA,DF,Southampton,23-029,1999,1.5,1,0.67,1,0,0,0,0,0,0,0,0,0,0,0,0,0,Matches
493,Raphael Varane\9f8e9423,Raphaël Varane\9f8e9423,fr FRA,DF,Manchester Utd,28-332,1993,15.3,8,0.52,7,0,0,0,0,1,2,0.13,2,0,0,0,0,0,Matches
494,Jamie Vardy\45963054,Jamie Vardy\45963054,eng ENG,FW,Leicester City,35-071,1987,15.6,29,1.86,26,0,1,1,1,0,3,0.19,2,0,1,0,0,0,Matches
495,Joel Veltman\dad4b285,Joël Veltman\dad4b285,nl NED,DF,Brighton,30-067,1992,22.9,31,1.35,25,2,1,0,2,1,2,0.09,2,0,0,0,0,0,Matches
496,Jannik Vestergaard\1900032e,Jannik Vestergaard\1900032e,dk DEN,DF,Leicester City,29-232,1992,6.3,3,0.48,3,0,0,0,0,0,0,0,0,0,0,0,0,0,Matches
497,Nikola Vlasic\aa8e289e,Nikola Vlaši?\aa8e289e,hr CRO,FWMF,West Ham,24-170,1997,5.1,15,2.96,12,0,2,0,1,0,0,0,0,0,0,0,0,0,Matches
498,Matej Vydra\0d4ceb32,Mat?j Vydra\0d4ceb32,cz CZE,FW,Burnley,29-326,1992,5,7,1.4,6,0,0,0,1,0,1,0.2,1,0,0,0,0,0,Matches
499,Theo Walcott\1ecb65be,Theo Walcott\1ecb65be,eng ENG,MFFW,Southampton,33-007,1989,4.2,4,0.95,4,0,0,0,0,0,1,0.24,1,0,0,0,0,0,Matches
500,Kyle Walker\86dd77d1,Kyle Walker\86dd77d1,eng ENG,DF,Manchester City,31-299,1990,17.5,33,1.89,30,0,0,1,2,0,4,0.23,4,0,0,0,0,0,Matches
501,Kyle Walker-Peters\984a5a64,Kyle Walker-Peters\984a5a64,eng ENG,DF,Southampton,24-344,1997,20.3,55,2.7,37,0,8,1,6,3,7,0.34,5,0,0,0,1,1,Matches
502,Aaron Wan-Bissaka\9e525177,Aaron Wan-Bissaka\9e525177,eng ENG,DF,Manchester Utd,24-117,1997,17.9,31,1.73,25,0,3,1,1,1,1,0.06,1,0,0,0,0,0,Matches
503,Joel Ward\8a7ff278,Joel Ward\8a7ff278,eng ENG,DF,Crystal Palace,32-145,1989,23,14,0.61,12,2,0,0,0,0,2,0.09,2,0,0,0,0,0,Matches
504,James Ward-Prowse\3515d404,James Ward-Prowse\3515d404,eng ENG,MF,Southampton,27-142,1994,26.7,89,3.33,44,41,0,1,0,3,6,0.22,3,3,0,0,0,0,Matches
505,Ollie Watkins\aed3a70f,Ollie Watkins\aed3a70f,eng ENG,FW,Aston Villa,26-083,1995,24.1,50,2.08,36,0,4,5,3,2,5,0.21,1,0,1,2,1,0,Matches
506,Adam Webster\c40b6180,Adam Webster\c40b6180,eng ENG,DF,Brighton,27-078,1995,13,9,0.69,9,0,0,0,0,0,1,0.08,1,0,0,0,0,0,Matches
507,Wout Weghorst\c4e87b8b,Wout Weghorst\c4e87b8b,nl NED,FW,Burnley,29-228,1992,8.4,11,1.32,6,0,2,1,1,1,4,0.48,3,0,1,0,0,0,Matches
508,Danny Welbeck\ce5143da,Danny Welbeck\ce5143da,eng ENG,FWMF,Brighton,31-117,1990,8.1,13,1.61,8,0,0,2,3,0,0,0,0,0,0,0,0,0,Matches
509,Timo Werner\49fe9070,Timo Werner\49fe9070,de GER,FWMF,Chelsea,26-017,1996,8.2,10,1.22,7,0,1,2,0,0,2,0.24,2,0,0,0,0,0,Matches
510,Ashley Westwood\495945ef,Ashley Westwood\495945ef,eng ENG,MF,Burnley,31-356,1990,22.1,49,2.22,30,16,0,2,1,0,7,0.32,5,2,0,0,0,0,Matches
511,Ben White\35e413f1,Ben White\35e413f1,eng ENG,DF,Arsenal,24-166,1997,26,21,0.81,15,0,0,4,1,1,1,0.04,1,0,0,0,0,0,Matches
512,Brandon Williams\5e74d6c8,Brandon Williams\5e74d6c8,eng ENG,DF,Norwich City,21-201,2000,21.5,27,1.26,23,0,0,0,3,1,2,0.09,1,0,0,0,0,1,Matches
513,Neco Williams\dd323728,Neco Williams\dd323728,wls WAL,DF,Liverpool,20-344,2001,0.1,2,22.5,1,0,1,0,0,0,2,22.5,1,0,1,0,0,0,Matches
514,Joe Willock\a3b03921,Joe Willock\a3b03921,eng ENG,MF,Newcastle Utd,22-215,1999,19.5,40,2.05,28,0,6,1,3,2,2,0.1,1,0,0,0,1,0,Matches
515,Callum Wilson\c596fcb0,Callum Wilson\c596fcb0,eng ENG,FW,Newcastle Utd,30-024,1992,13.2,14,1.06,14,0,0,0,0,0,0,0,0,0,0,0,0,0,Matches
516,Harry Winks\2f7acede,Harry Winks\2f7acede,eng ENG,MF,Tottenham,26-049,1996,9.4,23,2.45,17,3,1,0,2,0,4,0.43,4,0,0,0,0,0,Matches
517,Yoane Wissa\2500cef9,Yoane Wissa\2500cef9,cd COD,FWMF,Brentford,25-201,1996,9.6,12,1.25,8,0,0,1,3,0,2,0.21,1,0,0,1,0,0,Matches
518,Chris Wood\4e9a0555,Chris Wood\4e9a0555,nz NZL,FW,Newcastle Utd,30-106,1991,10,17,1.7,13,0,2,2,0,0,1,0.1,1,0,0,0,0,0,Matches
519,Chris Wood\4e9a0555,Chris Wood\4e9a0555,nz NZL,FW,Burnley,30-106,1991,15.2,21,1.38,16,0,1,2,2,0,2,0.13,2,0,0,0,0,0,Matches
520,Freddie Woodman\19e50035,Freddie Woodman\19e50035,eng ENG,GK,Newcastle Utd,25-019,1997,4,0,0,0,0,0,0,0,0,0,0,0,0,0,0,0,0,Matches
521,Granit Xhaka\e61b8aee,Granit Xhaka\e61b8aee,ch SUI,MF,Arsenal,29-177,1992,16.2,51,3.15,45,1,2,1,0,2,2,0.12,2,0,0,0,0,0,Matches
522,Andriy Yarmolenko\849c826a,Andriy Yarmolenko\849c826a,ua UKR,FWMF,West Ham,32-151,1989,1.9,3,1.6,2,0,1,0,0,0,0,0,0,0,0,0,0,0,Matches
523,Ashley Young\be927d03,Ashley Young\be927d03,eng ENG,DFFW,Aston Villa,36-257,1985,11.7,18,1.54,13,2,1,0,1,1,4,0.34,2,1,1,0,0,0,Matches
524,Wilfried Zaha\b2bc3b1f,Wilfried Zaha\b2bc3b1f,ci CIV,FW,Crystal Palace,29-133,1992,22.5,72,3.21,51,0,10,5,6,0,7,0.31,5,0,2,0,0,0,Matches
525,Christoph Zimmermann\2d5f03bf,Christoph Zimmermann\2d5f03bf,de GER,DF,Norwich City,29-070,1993,0.5,0,0,0,0,0,0,0,0,0,0,0,0,0,0,0,0,Matches
526,Oleksandr Zinchenko\51cf8561,Oleksandr Zinchenko\51cf8561,ua UKR,DF,Manchester City,25-098,1996,6.6,20,3.02,17,2,0,0,1,0,3,0.45,3,0,0,0,0,0,Matches
527,Hakim Ziyech\6622454d,Hakim Ziyech\6622454d,ma MAR,FWMF,Chelsea,29-004,1993,10.7,47,4.38,33,3,4,3,3,1,5,0.47,4,0,1,0,0,0,Matches
528,Kurt Zouma\ce4246f5,Kurt Zouma\ce4246f5,fr FRA,DF,West Ham,27-147,1994,17.8,4,0.23,3,0,0,1,0,0,0,0,0,0,0,0,0,0,Matches
529,Martin Odegaard\79300479,Martin Ødegaard\79300479,no NOR,MF,Arsenal,23-096,1998,21,97,4.63,74,11,4,5,2,1,11,0.52,11,0,0,0,0,0,Matches
