,,,,,,,,,Performance,Performance,Performance,Performance,Performance,Performance,,,,Performance,Performance,Performance,Performance,Aerial Duels,Aerial Duels,Aerial Duels,
Rk,Name,Player,Nation,Pos,Squad,Age,Born,90s,CrdY,CrdR,2CrdY,Fls,Fld,Off,Crs,Int,TklW,PKwon,PKcon,OG,Recov,Won,Lost,Won%,Matches
1,Max Aarons\774cf58b,Max Aarons\774cf58b,eng ENG,DF,Norwich City,22-078,2000,26.6,6,0,0,27,47,1,40,42,35,0,2,1,145,14,44,24.1,Matches
2,Che Adams\f2bf1b0f,Che Adams\f2bf1b0f,sct SCO,FW,Southampton,25-253,1996,18.3,0,0,0,25,38,7,9,9,6,0,0,0,105,43,85,33.6,Matches
3,Rayan Ait Nouri\9b398aea,Rayan Aït Nouri\9b398aea,fr FRA,DF,Wolves,20-290,2001,15.3,4,0,0,16,16,2,40,27,31,1,0,0,102,18,19,48.6,Matches
4,Kristoffer Ajer\a8c0acb7,Kristoffer Ajer\a8c0acb7,no NOR,DF,Brentford,23-340,1998,15.6,4,0,0,16,16,0,7,36,14,0,0,0,138,50,28,64.1,Matches
5,Nathan Ake\eaeca114,Nathan Aké\eaeca114,nl NED,DF,Manchester City,27-033,1995,7.5,0,0,0,6,2,0,0,16,4,0,0,0,56,31,5,86.1,Matches
6,Marc Albrighton\b827d5b3,Marc Albrighton\b827d5b3,eng ENG,FWDF,Leicester City,32-125,1989,11.1,2,0,0,7,13,1,23,22,15,0,0,0,63,6,11,35.3,Matches
7,Thiago Alcantara\77e84962,Thiago Alcántara\77e84962,es ESP,MF,Liverpool,30-346,1991,11.2,1,0,0,18,12,0,0,21,28,0,0,0,158,28,12,70,Matches
8,Trent Alexander-Arnold\cd1acf9d,Trent Alexander-Arnold\cd1acf9d,eng ENG,DF,Liverpool,23-167,1998,25.7,1,0,0,11,8,7,102,64,18,0,0,0,254,15,19,44.1,Matches
9,Alisson\7a2e46a8,Alisson\7a2e46a8,br BRA,GK,Liverpool,29-172,1992,27,0,0,0,0,4,0,0,0,0,0,0,1,166,0,0,,Matches
10,Allan\cc700722,Allan\cc700722,br BRA,MF,Everton,31-074,1991,21.5,6,1,0,35,27,0,5,35,57,1,0,0,245,10,13,43.5,Matches
11,Dele Alli\cea4ee8f,Dele Alli\cea4ee8f,eng ENG,MF,Everton,25-346,1996,1.9,1,0,0,5,2,2,1,3,4,0,0,0,21,6,8,42.9,Matches
12,Dele Alli\cea4ee8f,Dele Alli\cea4ee8f,eng ENG,MFFW,Tottenham,25-346,1996,7.3,1,0,0,13,15,2,3,17,7,1,0,0,46,11,13,45.8,Matches
13,Miguel Almiron\862a1c15,Miguel Almirón\862a1c15,py PAR,MFFW,Newcastle Utd,28-041,1994,12.6,1,0,0,15,19,5,18,16,25,0,0,0,93,4,13,23.5,Matches
14,Marcos Alonso\f4290206,Marcos Alonso\f4290206,es ESP,DF,Chelsea,31-085,1990,16.1,6,0,0,24,23,2,43,50,21,0,1,0,135,35,16,68.6,Matches
15,Steven Alzate\ad1f61f3,Steven Alzate\ad1f61f3,co COL,MF,Brighton,23-196,1998,4.5,0,0,0,6,8,0,2,14,8,0,0,0,60,7,12,36.8,Matches
16,Daniel Amartey\1a4ef233,Daniel Amartey\1a4ef233,gh GHA,DF,Leicester City,27-092,1994,16.7,1,0,0,12,8,1,0,24,8,0,0,0,141,31,26,54.4,Matches
17,Joachim Andersen\e34fc66d,Joachim Andersen\e34fc66d,dk DEN,DF,Crystal Palace,25-296,1996,23.4,3,0,0,13,5,1,5,49,14,0,0,1,183,57,26,68.7,Matches
18,Michail Antonio\ac05f970,Michail Antonio\ac05f970,jm JAM,FW,West Ham,31-360,1990,27.6,7,1,1,39,54,12,49,11,19,0,0,0,115,69,128,35,Matches
19,Cameron Archer\05e8ca6d,Cameron Archer\05e8ca6d,eng ENG,MFFW,Aston Villa,20-245,2001,0.3,0,0,0,3,0,0,0,1,0,0,0,0,2,1,2,33.3,Matches
20,Alphonse Areola\2f965a72,Alphonse Areola\2f965a72,fr FRA,GK,West Ham,29-024,1993,1,0,0,0,0,0,0,0,0,0,0,0,0,2,0,0,,Matches
21,Adam Armstrong\68c720b5,Adam Armstrong\68c720b5,eng ENG,FWMF,Southampton,25-041,1997,13.5,1,0,0,12,8,1,20,8,6,1,0,0,52,10,31,24.4,Matches
22,Stuart Armstrong\97333cf5,Stuart Armstrong\97333cf5,sct SCO,MF,Southampton,29-358,1992,10.7,1,0,0,8,15,0,14,11,9,0,0,0,111,5,13,27.8,Matches
23,Kepa Arrizabalaga\28d596a0,Kepa Arrizabalaga\28d596a0,es ESP,GK,Chelsea,27-171,1994,4,0,0,0,0,1,0,0,0,0,0,0,0,16,0,0,,Matches
24,Harrison Ashby\b391383a,Harrison Ashby\b391383a,sct SCO,DF,West Ham,20-129,2001,0.1,0,0,0,0,0,0,0,1,0,0,0,0,1,0,0,,Matches
25,Pierre-Emerick Aubameyang\d5dd5f1f,Pierre-Emerick Aubameyang\d5dd5f1f,ga GAB,FW,Arsenal,32-278,1989,11.5,3,0,0,18,12,10,9,1,7,0,0,0,38,28,32,46.7,Matches
26,Jordan Ayew\da052c14,Jordan Ayew\da052c14,gh GHA,FW,Crystal Palace,30-193,1991,17.3,1,0,0,30,59,0,42,20,28,0,0,0,119,23,43,34.8,Matches
27,Luke Ayling\420d7c7d,Luke Ayling\420d7c7d,eng ENG,DF,Leeds United,30-210,1991,21,3,0,0,19,19,1,21,43,32,0,1,0,206,40,44,47.6,Matches
28,Cesar Azpilicueta\53cad200,César Azpilicueta\53cad200,es ESP,DF,Chelsea,32-207,1989,15.9,0,0,0,19,8,2,31,25,23,0,0,0,120,36,25,59,Matches
29,Daniel Bachmann\1c0eea98,Daniel Bachmann\1c0eea98,at AUT,GK,Watford,27-257,1994,11,0,0,0,1,2,0,0,0,0,0,1,0,51,0,0,,Matches
30,Leon Bailey\3a233281,Leon Bailey\3a233281,jm JAM,FWMF,Aston Villa,24-226,1997,5.8,2,0,0,5,10,1,19,3,11,0,0,0,27,7,9,43.8,Matches
31,Eric Bailly\a1232f4e,Eric Bailly\a1232f4e,ci CIV,DF,Manchester Utd,27-345,1994,2.4,1,0,0,2,0,0,0,8,3,0,0,1,23,5,2,71.4,Matches
32,Folarin Balogun\31822f8c,Folarin Balogun\31822f8c,eng ENG,FW,Arsenal,20-263,2001,0.8,0,0,0,0,1,1,0,0,0,0,0,0,3,1,2,33.3,Matches
33,Patrick Bamford\93feac6e,Patrick Bamford\93feac6e,eng ENG,FW,Leeds United,28-199,1993,6.2,2,0,0,7,8,5,4,3,2,0,0,0,19,5,15,25,Matches
34,Shandon Baptiste\2886c9b5,Shandon Baptiste\2886c9b5,gd GRN,MF,Brentford,23-349,1998,9.8,2,1,1,6,14,1,5,18,5,0,0,0,78,10,20,33.3,Matches
35,Ross Barkley\3a24769f,Ross Barkley\3a24769f,eng ENG,MF,Chelsea,28-108,1993,1.7,0,0,0,2,4,0,1,2,1,0,0,0,10,5,2,71.4,Matches
36,Ashley Barnes\2691c772,Ashley Barnes\2691c772,eng ENG,FW,Burnley,32-144,1989,4.7,3,0,0,16,9,5,1,4,8,0,0,0,29,21,34,38.2,Matches
37,Harvey Barnes\3ea50f67,Harvey Barnes\3ea50f67,eng ENG,FWMF,Leicester City,24-104,1997,17.4,2,0,0,13,25,8,32,7,7,0,0,0,91,17,34,33.3,Matches
38,Lewis Bate\cd4256d3,Lewis Bate\cd4256d3,eng ENG,MF,Leeds United,19-145,2002,0.5,0,0,0,1,0,0,0,2,0,0,0,0,6,0,1,0,Matches
39,Mads Bech Sorensen\30db8574,Mads Bech Sørensen\30db8574,dk DEN,DF,Brentford,23-075,1999,4.2,1,0,0,2,2,0,11,8,4,0,0,0,41,5,5,50,Matches
40,Jan Bednarek\4115ce4e,Jan Bednarek\4115ce4e,pl POL,DF,Southampton,25-345,1996,22.2,7,0,0,26,14,1,3,68,19,0,1,1,249,90,49,64.7,Matches
41,Donny van de Beek\50dc94ce,Donny van de Beek\50dc94ce,nl NED,MF,Manchester Utd,24-339,1997,0.8,0,0,0,4,2,0,0,2,3,0,0,0,11,3,3,50,Matches
42,Donny van de Beek\50dc94ce,Donny van de Beek\50dc94ce,nl NED,MF,Everton,24-339,1997,4.8,1,0,0,10,1,0,6,10,7,0,0,0,60,6,3,66.7,Matches
43,Asmir Begovi?\7b4de647,Asmir Begovi?\7b4de647,ba BIH,GK,Everton,34-276,1987,2,0,0,0,0,0,0,0,0,0,0,0,0,7,0,0,,Matches
44,Said Benrahma\5a04fd92,Saïd Benrahma\5a04fd92,dz ALG,FWMF,West Ham,26-225,1995,19.9,0,0,0,5,19,7,48,11,19,0,0,0,138,14,17,45.2,Matches
45,Rodrigo Bentancur\3b8674e6,Rodrigo Bentancur\3b8674e6,uy URU,MF,Tottenham,24-291,1997,6.8,1,0,0,15,10,0,3,7,10,0,0,0,74,9,6,60,Matches
46,Christian Benteke\ab070c55,Christian Benteke\ab070c55,be BEL,FW,Crystal Palace,31-110,1990,12.4,3,0,0,15,17,9,1,1,2,0,0,0,43,80,59,57.6,Matches
47,Johann Berg Gudmundsson\f72293fc,Jóhann Berg Guðmundsson\f72293fc,is ISL,MF,Burnley,31-147,1990,12.2,2,0,0,17,16,3,42,17,9,0,0,0,96,21,16,56.8,Matches
48,Steven Bergwijn\a29b1131,Steven Bergwijn\a29b1131,nl NED,FWMF,Tottenham,24-166,1997,5.5,1,0,0,7,12,1,6,4,3,0,0,0,26,1,6,14.3,Matches
49,Ryan Bertrand\01226327,Ryan Bertrand\01226327,eng ENG,DF,Leicester City,32-230,1989,3.7,1,0,0,5,1,0,1,3,4,0,0,0,17,3,5,37.5,Matches
50,Mads Bidstrup\407db0d5,Mads Bidstrup\407db0d5,dk DEN,MF,Brentford,21-026,2001,0.5,0,0,0,1,0,0,0,1,2,0,0,0,6,0,0,,Matches
51,Yves Bissouma\6c203af0,Yves Bissouma\6c203af0,ml MLI,MF,Brighton,25-205,1996,18.1,8,0,0,25,23,0,5,43,42,0,1,0,206,17,12,58.6,Matches
52,Willy Boly\a4ac4b8f,Willy Boly\a4ac4b8f,ci CIV,DF,Wolves,31-048,1991,2,1,0,0,3,0,0,0,4,1,0,0,0,35,13,5,72.2,Matches
53,Jarrod Bowen\79c84d1c,Jarrod Bowen\79c84d1c,eng ENG,FW,West Ham,25-093,1996,26.2,3,0,0,22,42,12,43,34,23,2,0,0,165,35,61,36.5,Matches
54,Jarrad Branthwaite\c1949191,Jarrad Branthwaite\c1949191,eng ENG,DF,Everton,19-269,2002,2.1,0,0,0,1,2,0,0,5,2,0,0,0,21,7,3,70,Matches
55,Armando Broja\97220da2,Armando Broja\97220da2,al ALB,FW,Southampton,20-194,2001,16.8,1,0,0,27,25,10,16,11,9,1,0,0,74,73,142,34,Matches
56,Josh Brownhill\47369df8,Josh Brownhill\47369df8,eng ENG,MF,Burnley,26-094,1995,22.4,8,0,0,34,16,0,16,57,28,0,0,0,245,40,32,55.6,Matches
57,Bryan\7b5ab7f2,Bryan\7b5ab7f2,es ESP,FWMF,Tottenham,21-040,2001,1,0,0,0,1,4,0,4,0,3,0,0,0,12,0,0,,Matches
58,Emi Buendia\66b76d44,Emi Buendía\66b76d44,ar ARG,FWMF,Aston Villa,25-088,1996,17.1,1,0,0,14,42,2,15,15,29,0,0,0,137,20,33,37.7,Matches
59,Dan Burn\b2d31e83,Dan Burn\b2d31e83,eng ENG,DF,Brighton,29-318,1992,11.4,4,0,0,18,3,0,1,32,15,0,0,0,100,41,20,67.2,Matches
60,Dan Burn\b2d31e83,Dan Burn\b2d31e83,eng ENG,DF,Newcastle Utd,29-318,1992,7,2,0,0,7,3,2,1,8,4,0,0,0,83,42,16,72.4,Matches
61,Jack Butland\cc70a1d5,Jack Butland\cc70a1d5,eng ENG,GK,Crystal Palace,29-013,1993,5.5,0,0,0,0,1,0,0,0,0,0,0,0,18,0,0,,Matches
62,Sam Byram\1bf811d4,Sam Byram\1bf811d4,eng ENG,DFMF,Norwich City,28-188,1993,3,2,0,0,9,1,0,5,10,6,0,0,0,26,16,7,69.6,Matches
63,Willy Caballero\a179d516,Willy Caballero\a179d516,ar ARG,GK,Southampton,40-176,1981,2,1,0,0,0,0,0,0,0,0,0,0,0,6,0,0,,Matches
64,Dominic Calvert-Lewin\59e6e5bf,Dominic Calvert-Lewin\59e6e5bf,eng ENG,FW,Everton,25-007,1997,8.5,2,0,0,10,14,4,1,5,7,1,0,0,29,43,64,40.2,Matches
65,Joao Cancelo\bd6351cd,João Cancelo\bd6351cd,pt POR,DF,Manchester City,27-300,1994,26.9,5,0,0,31,24,2,76,58,43,0,0,0,263,36,35,50.7,Matches
66,Sergi Canos\1137759d,Sergi Canós\1137759d,es ESP,DF,Brentford,25-049,1997,22.8,6,0,0,32,20,5,52,32,22,0,0,1,178,13,31,29.5,Matches
67,Todd Cantwell\f63d8a4b,Todd Cantwell\f63d8a4b,eng ENG,FWMF,Norwich City,24-024,1998,4.9,2,0,0,6,12,2,3,4,11,0,0,0,32,4,5,44.4,Matches
68,Matty Cash\2389cdc2,Matty Cash\2389cdc2,pl POL,DF,Aston Villa,24-228,1997,28.5,8,0,0,41,39,2,81,76,35,0,1,0,214,37,46,44.6,Matches
69,Timothy Castagne\197640fd,Timothy Castagne\197640fd,be BEL,DF,Leicester City,26-108,1995,14.8,1,0,0,11,10,0,11,25,13,0,0,0,117,32,11,74.4,Matches
70,Jonny Castro\e28868f3,Jonny Castro\e28868f3,es ESP,DF,Wolves,28-020,1994,4,0,0,0,7,12,0,6,4,7,0,0,0,39,5,6,45.5,Matches
71,Craig Cathcart\89e4b358,Craig Cathcart\89e4b358,nir NIR,DF,Watford,33-045,1989,24.3,3,0,0,14,7,0,3,34,14,0,0,0,202,60,35,63.2,Matches
72,Edinson Cavani\527f063d,Edinson Cavani\527f063d,uy URU,FW,Manchester Utd,35-037,1987,6.8,0,0,0,6,4,3,3,7,2,0,0,0,28,3,12,20,Matches
73,Kayky Chagas\17734ea0,Kayky Chagas\17734ea0,br BRA,FW,Manchester City,18-285,2003,0.1,0,0,0,0,0,0,0,0,0,0,0,0,0,0,0,,Matches
74,Trevoh Chalobah\5515376c,Trevoh Chalobah\5515376c,eng ENG,DF,Chelsea,22-261,1999,13.1,2,0,0,18,14,0,2,27,17,0,1,0,129,30,22,57.7,Matches
75,Calum Chambers\dc6f5bdd,Calum Chambers\dc6f5bdd,eng ENG,DF,Arsenal,27-062,1995,1.9,0,0,0,1,1,0,2,3,1,0,0,0,14,3,2,60,Matches
76,Calum Chambers\dc6f5bdd,Calum Chambers\dc6f5bdd,eng ENG,DF,Aston Villa,27-062,1995,5,0,0,0,7,2,0,1,3,6,0,0,0,54,15,16,48.4,Matches
77,Daniel Chesters\240c8ab6,Daniel Chesters\240c8ab6,eng ENG,MF,West Ham,19-353,2002,0,0,0,0,0,0,0,0,0,0,0,0,0,0,0,0,,Matches
78,Ben Chilwell\d2424d1b,Ben Chilwell\d2424d1b,eng ENG,DF,Chelsea,25-092,1996,6,0,0,0,10,18,2,10,6,5,0,1,0,42,8,11,42.1,Matches
79,Chiquinho\dc6c2f02,Chiquinho\dc6c2f02,pt POR,MFDF,Wolves,22-046,2000,0.6,0,0,0,7,2,0,7,0,2,0,0,0,6,2,0,100,Matches
80,Hamza Choudhury\7d2d3329,Hamza Choudhury\7d2d3329,eng ENG,DFMF,Leicester City,24-173,1997,3.2,1,0,0,6,7,0,0,15,2,0,0,0,24,14,1,93.3,Matches
81,Andreas Christensen\1cb49278,Andreas Christensen\1cb49278,dk DEN,DF,Chelsea,25-347,1996,14.1,2,0,0,10,6,0,1,52,11,0,0,0,142,51,36,58.6,Matches
82,Carney Chukwuemeka\b2f9c73e,Carney Chukwuemeka\b2f9c73e,eng ENG,MFFW,Aston Villa,18-075,2004,2.2,0,0,0,1,6,0,0,3,1,0,0,0,19,5,10,33.3,Matches
83,Ciaran Clark\2b91cf8e,Ciaran Clark\2b91cf8e,ie IRL,DF,Newcastle Utd,32-178,1989,11.3,2,1,0,6,7,1,3,15,13,0,1,0,86,34,15,69.4,Matches
84,Tom Cleverley\6cdd8245,Tom Cleverley\6cdd8245,eng ENG,MF,Watford,32-223,1989,15.2,2,0,0,30,15,2,16,23,20,0,0,0,120,15,35,30,Matches
85,Nathaniel Clyne\0442183b,Nathaniel Clyne\0442183b,eng ENG,DF,Crystal Palace,30-352,1991,6,1,0,0,2,3,0,4,20,7,0,0,0,38,5,4,55.6,Matches
86,Conor Coady\2928dca2,Conor Coady\2928dca2,eng ENG,DF,Wolves,29-026,1993,29.8,2,0,0,17,3,1,2,32,17,0,0,0,183,34,22,60.7,Matches
87,Seamus Coleman\0420d84f,Séamus Coleman\0420d84f,ie IRL,DF,Everton,33-163,1988,21.6,2,0,0,13,15,2,37,41,31,1,0,0,203,27,26,50.9,Matches
88,Nathan Collins\a8c19eb8,Nathan Collins\a8c19eb8,ie IRL,DF,Burnley,20-327,2001,8.6,1,1,0,10,7,2,0,21,13,0,0,0,114,43,21,67.2,Matches
89,Aaron Connolly\27c01749,Aaron Connolly\27c01749,ie IRL,FW,Brighton,22-054,2000,1.7,0,0,0,1,7,0,1,0,0,0,0,0,7,0,7,0,Matches
90,Liam Cooper\dc64b8b3,Liam Cooper\dc64b8b3,sct SCO,DF,Leeds United,30-205,1991,14.2,4,0,0,13,9,2,1,26,13,0,1,0,157,62,29,68.1,Matches
91,Jack Cork\74e12f1e,Jack Cork\74e12f1e,eng ENG,MF,Burnley,32-271,1989,9.8,2,0,0,29,4,0,3,19,4,0,0,0,90,18,22,45,Matches
92,Maxwel Cornet\beb391dd,Maxwel Cornet\beb391dd,ci CIV,FWMF,Burnley,25-177,1996,12.2,2,0,0,15,16,17,12,8,8,0,0,0,70,25,48,34.2,Matches
93,Helder Costa\f13d02a6,Hélder Costa\f13d02a6,ao ANG,MF,Leeds United,28-070,1994,0.2,0,0,0,2,2,0,0,0,0,0,0,0,0,0,1,0,Matches
94,Vladimir Coufal\fdf3cb77,Vladimír Coufal\fdf3cb77,cz CZE,DF,West Ham,29-213,1992,18.7,4,1,1,22,17,2,63,27,19,0,0,0,222,33,31,51.6,Matches
95,Philippe Coutinho\0ef89a37,Philippe Coutinho\0ef89a37,br BRA,MFFW,Aston Villa,29-284,1992,8.6,0,0,0,6,9,2,10,4,6,0,0,0,50,3,15,16.7,Matches
96,Aaron Cresswell\4f974391,Aaron Cresswell\4f974391,eng ENG,DF,West Ham,32-098,1989,22.3,1,0,0,16,10,2,46,34,15,0,1,0,184,27,21,56.3,Matches
97,Charlie Cresswell\4654e5f5,Charlie Cresswell\4654e5f5,eng ENG,DF,Leeds United,19-106,2002,1.6,1,0,0,3,2,1,0,4,3,0,0,0,17,7,3,70,Matches
98,Cucho\71b47ab9,Cucho\71b47ab9,co COL,FWMF,Watford,22-337,1999,11.3,2,0,0,16,12,0,23,8,5,0,0,1,82,34,45,43,Matches
99,Marc Cucurella\1daec722,Marc Cucurella\1daec722,es ESP,DF,Brighton,23-244,1998,25.3,4,0,0,25,23,3,71,48,40,0,0,0,258,37,33,52.9,Matches
100,Luke Cundle\cc3b8e78,Luke Cundle\cc3b8e78,eng ENG,MF,Wolves,19-331,2002,0.9,0,0,0,3,1,0,0,2,1,0,0,0,8,0,1,0,Matches
101,Patson Daka\ca45605e,Patson Daka\ca45605e,zm ZAM,FW,Leicester City,23-165,1998,8.5,1,0,0,15,9,6,2,1,5,0,0,0,42,18,37,32.7,Matches
102,Stuart Dallas\67ca8566,Stuart Dallas\67ca8566,nir NIR,DFMF,Leeds United,30-338,1991,28.9,5,0,0,31,35,1,40,68,37,0,1,0,244,33,30,52.4,Matches
103,Diogo Dalot\d9565625,Diogo Dalot\d9565625,pt POR,DF,Manchester Utd,23-005,1999,12.1,2,0,0,13,4,0,31,28,17,0,0,0,114,27,15,64.3,Matches
104,Karl Darlow\cde3309f,Karl Darlow\cde3309f,eng ENG,GK,Newcastle Utd,31-166,1990,8,1,0,0,1,2,0,0,0,0,0,1,0,31,0,0,,Matches
105,Josh Dasilva\60344e4f,Josh Dasilva\60344e4f,eng ENG,MFFW,Brentford,23-151,1998,1.5,0,1,0,2,4,0,2,2,1,0,0,0,19,0,1,0,Matches
106,Ben Davies\44781702,Ben Davies\44781702,wls WAL,DF,Tottenham,28-333,1993,19.3,3,0,0,21,14,4,6,29,15,0,1,0,138,49,32,60.5,Matches
107,Tom Davies\9228b07c,Tom Davies\9228b07c,eng ENG,MF,Everton,23-266,1998,1.8,0,0,0,2,3,0,0,4,2,0,0,0,11,4,2,66.7,Matches
108,Keinan Davis\9deaf2c8,Keinan Davis\9deaf2c8,eng ENG,FW,Aston Villa,24-038,1998,0.1,0,0,0,0,1,0,0,0,0,0,0,0,0,0,2,0,Matches
109,Craig Dawson\3e9e06cb,Craig Dawson\3e9e06cb,eng ENG,DF,West Ham,31-321,1990,23.9,5,0,0,30,11,1,1,24,13,0,1,0,215,89,45,66.4,Matches
110,Kevin De Bruyne\e46012d4,Kevin De Bruyne\e46012d4,be BEL,MF,Manchester City,30-268,1991,17.1,0,0,0,16,26,4,73,9,10,0,0,0,127,8,17,32,Matches
111,Troy Deeney\82e34b69,Troy Deeney\82e34b69,eng ENG,FW,Watford,33-267,1988,0.3,0,0,0,0,0,0,0,0,0,0,0,0,0,4,3,57.1,Matches
112,Liam Delap\dd897ee7,Liam Delap\dd897ee7,eng ENG,FW,Manchester City,19-043,2003,0.1,0,0,0,1,1,0,0,0,0,1,0,0,0,0,0,,Matches
113,Fabian Delph\111c3236,Fabian Delph\111c3236,eng ENG,MF,Everton,32-122,1989,2.8,1,0,0,5,2,0,1,13,6,0,0,0,31,0,1,0,Matches
114,Leander Dendoncker\5a7301ae,Leander Dendoncker\5a7301ae,be BEL,MFFW,Wolves,26-342,1995,15.7,4,0,0,17,5,0,7,21,17,0,0,0,139,35,33,51.5,Matches
115,Emmanuel Dennis\2c44a35d,Emmanuel Dennis\2c44a35d,ng NGA,FWMF,Watford,24-128,1997,24.2,9,1,1,61,40,10,25,18,21,1,0,0,138,55,90,37.9,Matches
116,Kiernan Dewsbury Hall\5c74c0f5,Kiernan Dewsbury Hall\5c74c0f5,eng ENG,MF,Leicester City,23-198,1998,13.7,3,0,0,19,21,0,30,24,16,0,0,0,137,17,19,47.2,Matches
117,Ibrahima Diallo\11ff3d56,Ibrahima Diallo\11ff3d56,fr FRA,MF,Southampton,23-015,1999,8.4,0,0,0,10,12,0,3,10,13,0,0,0,76,8,11,42.1,Matches
118,Raphael Dias Belloli\3423f250,Raphael Dias Belloli\3423f250,br BRA,MFFW,Leeds United,25-099,1996,25,6,0,0,40,43,11,75,36,19,0,1,0,164,18,23,43.9,Matches
119,Ruben Dias\31c69ef1,Rúben Dias\31c69ef1,pt POR,DF,Manchester City,24-313,1997,23.7,5,0,0,30,8,2,5,32,25,0,0,0,192,45,34,57,Matches
120,Luis Diaz\4a1a9578,Luis Díaz\4a1a9578,co COL,FW,Liverpool,25-069,1997,5.5,0,0,0,13,13,1,10,3,6,0,0,0,45,5,12,29.4,Matches
121,Eric Dier\ac861941,Eric Dier\ac861941,eng ENG,DF,Tottenham,28-067,1994,25.1,1,0,0,14,9,0,0,35,9,0,0,1,182,64,34,65.3,Matches
122,Lucas Digne\1b84dbe1,Lucas Digne\1b84dbe1,fr FRA,DF,Aston Villa,28-246,1993,7.1,1,0,0,11,14,0,31,12,4,0,0,0,70,14,11,56,Matches
123,Lucas Digne\1b84dbe1,Lucas Digne\1b84dbe1,fr FRA,DF,Everton,28-246,1993,13,4,0,0,17,11,0,34,31,17,0,0,1,138,25,14,64.1,Matches
124,Virgil van Dijk\e06683ca,Virgil van Dijk\e06683ca,nl NED,DF,Liverpool,30-258,1991,27,2,0,0,8,10,0,0,39,9,0,0,0,339,108,35,75.5,Matches
125,Issa Diop\a712ca2b,Issa Diop\a712ca2b,fr FRA,DF,West Ham,25-073,1997,9,0,0,0,5,4,0,1,12,3,0,0,0,79,14,15,48.3,Matches
126,Moussa Djenepo\254147d4,Moussa Djenepo\254147d4,ml MLI,MF,Southampton,23-281,1998,4.9,3,0,0,12,11,0,6,9,8,0,0,0,53,2,7,22.2,Matches
127,Lewis Dobbin\e814e1cf,Lewis Dobbin\e814e1cf,eng ENG,FWMF,Everton,19-079,2003,0.4,1,0,0,0,1,0,1,1,2,0,0,0,2,0,6,0,Matches
128,Matt Doherty\d557d734,Matt Doherty\d557d734,ie IRL,DF,Tottenham,30-066,1992,8.5,0,0,0,13,3,0,18,17,11,0,0,0,69,16,8,66.7,Matches
129,Gabriel Dos Santos\67ac5bb8,Gabriel Dos Santos\67ac5bb8,br BRA,DF,Arsenal,24-094,1997,24.4,6,1,1,19,32,1,2,32,26,0,0,0,172,52,27,65.8,Matches
130,Abdoulaye Doucoure\02b29014,Abdoulaye Doucouré\02b29014,fr FRA,MF,Everton,29-081,1993,19.7,4,0,0,39,16,1,6,31,29,0,0,0,238,33,36,47.8,Matches
131,Kieran Dowell\2f6ec02a,Kieran Dowell\2f6ec02a,eng ENG,FWMF,Norwich City,24-164,1997,4,0,0,0,13,3,0,10,1,4,0,0,0,16,8,11,42.1,Matches
132,Cody Drameh\e0d1510a,Cody Drameh\e0d1510a,eng ENG,DF,Leeds United,20-105,2001,1.4,1,0,0,2,0,0,2,3,3,0,0,0,9,0,2,0,Matches
133,Martin Dubravka\3a949a25,Martin Dúbravka\3a949a25,sk SVK,GK,Newcastle Utd,33-067,1989,17,1,0,0,0,2,0,0,0,0,0,0,0,66,0,0,,Matches
134,Shane Duffy\7314bba4,Shane Duffy\7314bba4,ie IRL,DF,Brighton,30-081,1992,16,7,0,0,20,7,1,0,18,9,0,0,0,151,81,23,77.9,Matches
135,Paul Dummett\3fe6bd8c,Paul Dummett\3fe6bd8c,wls WAL,DF,Newcastle Utd,30-178,1991,2.2,2,0,0,4,3,0,3,4,4,0,0,0,10,3,3,50,Matches
136,Lewis Dunk\282f75f3,Lewis Dunk\282f75f3,eng ENG,DF,Brighton,30-122,1991,19.6,1,1,0,7,2,0,3,35,11,0,0,0,167,64,32,66.7,Matches
137,Ederson\3bb7b8b4,Ederson\3bb7b8b4,br BRA,GK,Manchester City,28-218,1993,28,3,0,0,1,7,0,0,0,0,0,1,0,98,0,0,,Matches
138,Odsonne Edouard\0562b7f1,Odsonne Édouard\0562b7f1,fr FRA,FW,Crystal Palace,24-066,1998,14.1,2,0,0,21,8,2,7,8,11,0,0,0,69,32,48,40,Matches
139,Anthony Elanga\2fba6108,Anthony Elanga\2fba6108,se SWE,FW,Manchester Utd,19-330,2002,6.1,0,0,0,5,9,1,7,10,8,0,0,0,30,9,14,39.1,Matches
140,Harvey Elliott\c8387671,Harvey Elliott\c8387671,eng ENG,MF,Liverpool,18-353,2003,3.1,0,0,0,1,6,0,5,3,1,0,0,0,34,1,3,25,Matches
141,Mohamed Elneny\47a34c4f,Mohamed Elneny\47a34c4f,eg EGY,MF,Arsenal,29-255,1992,2,0,0,0,2,0,0,0,5,2,0,0,0,29,2,2,50,Matches
142,Mohamed Elyounoussi\68dc0dac,Mohamed Elyounoussi\68dc0dac,no NOR,MF,Southampton,27-231,1994,16.8,3,0,0,28,20,0,27,13,27,0,0,0,121,29,43,40.3,Matches
143,Emerson\df8b52a5,Emerson\df8b52a5,br BRA,DF,Tottenham,23-068,1999,16.8,3,0,0,24,34,1,48,30,30,0,0,0,151,30,28,51.7,Matches
144,Christian Eriksen\980522ec,Christian Eriksen\980522ec,dk DEN,MF,Brentford,30-037,1992,2.4,1,0,0,2,0,0,5,2,2,0,0,0,28,1,2,33.3,Matches
145,Oghenekaro Etebo\b579e83d,Oghenekaro Etebo\b579e83d,ng NGA,MF,Watford,26-134,1995,4.3,3,0,0,8,4,0,1,7,10,0,0,0,35,2,2,50,Matches
146,Jonny Evans\f8fcd2a5,Jonny Evans\f8fcd2a5,nir NIR,DF,Leicester City,34-079,1988,8.7,2,0,0,8,8,0,0,22,8,0,0,0,109,33,14,70.2,Matches
147,Eberechi Eze\ae4fc6a4,Eberechi Eze\ae4fc6a4,eng ENG,MFFW,Crystal Palace,23-267,1998,1.6,1,0,0,3,1,0,0,3,2,0,0,0,9,2,4,33.3,Matches
148,Lukasz Fabianski\9328b835,?ukasz Fabia?ski\9328b835,pl POL,GK,West Ham,36-339,1985,29,0,0,0,0,5,0,0,0,0,0,0,0,102,0,0,,Matches
149,Fabinho\7f3b388c,Fabinho\7f3b388c,br BRA,MF,Liverpool,28-151,1993,20.9,5,0,0,37,33,0,6,46,31,0,0,0,257,38,22,63.3,Matches
150,Kiko Femenia\e5d01ecf,Kiko Femenía\e5d01ecf,es ESP,DF,Watford,31-049,1991,17.8,2,0,0,13,16,2,40,51,23,0,0,0,146,17,20,45.9,Matches
151,Evan Ferguson\4596da74,Evan Ferguson\4596da74,ie IRL,MF,Brighton,17-155,2004,0.3,0,0,0,0,0,0,1,0,0,0,0,0,0,1,3,25,Matches
152,Nathan Ferguson\2f8d27bc,Nathan Ferguson\2f8d27bc,eng ENG,DF,Crystal Palace,21-168,2000,0.1,0,0,0,0,0,0,0,0,0,0,0,0,2,0,0,,Matches
153,Bruno Fernandes\507c7bdf,Bruno Fernandes\507c7bdf,pt POR,MF,Manchester Utd,27-196,1994,25.6,7,0,0,37,43,2,66,31,33,0,0,0,196,16,21,43.2,Matches
154,Alvaro Fernandez\f127d782,Álvaro Fernández\f127d782,es ESP,GK,Brentford,23-344,1998,12,0,0,0,0,3,0,0,0,0,0,0,1,68,0,0,,Matches
155,Federico Fernandez\f25b010f,Federico Fernández\f25b010f,ar ARG,DF,Newcastle Utd,33-030,1989,5.8,0,0,0,2,2,0,0,13,1,0,0,0,34,10,5,66.7,Matches
156,Fernandinho\101da2b5,Fernandinho\101da2b5,br BRA,MF,Manchester City,36-323,1985,6.8,1,0,0,17,15,0,4,7,10,0,0,0,76,13,10,56.5,Matches
157,Roberto Firmino\4c370d81,Roberto Firmino\4c370d81,br BRA,FW,Liverpool,30-172,1991,8.8,3,0,0,9,9,2,7,2,15,0,0,0,59,10,24,29.4,Matches
158,Junior Firpo\24f59bb2,Junior Firpo\24f59bb2,es ESP,DF,Leeds United,25-213,1996,14.8,9,0,0,37,13,1,21,26,28,0,0,1,122,27,17,61.4,Matches
159,Ashley Fletcher\eeb6551f,Ashley Fletcher\eeb6551f,eng ENG,FW,Watford,26-172,1995,0.3,0,0,0,1,0,0,0,0,2,0,0,0,4,2,6,25,Matches
160,Phil Foden\ed1e53f3,Phil Foden\ed1e53f3,eng ENG,FW,Manchester City,21-299,2000,17.9,1,0,0,14,28,12,42,13,10,0,0,0,87,5,28,15.2,Matches
161,Pablo Fornals\82927de4,Pablo Fornals\82927de4,es ESP,FWMF,West Ham,26-029,1996,24,4,0,0,25,28,5,34,40,28,1,0,0,179,26,33,44.1,Matches
162,Adam Forshaw\9f1938ab,Adam Forshaw\9f1938ab,eng ENG,MF,Leeds United,30-166,1991,16,5,0,0,37,21,2,5,30,26,0,0,0,163,9,15,37.5,Matches
163,Marcus Forss\82c215a0,Marcus Forss\82c215a0,fi FIN,FWMF,Brentford,22-278,1999,2.3,0,0,0,4,1,0,1,2,2,0,0,0,11,5,15,25,Matches
164,Fraser Forster\c3e39f12,Fraser Forster\c3e39f12,eng ENG,GK,Southampton,34-006,1988,12,1,0,0,0,3,0,0,0,0,0,0,0,48,0,0,,Matches
165,Ben Foster\d0b3ceb9,Ben Foster\d0b3ceb9,eng ENG,GK,Watford,38-354,1983,18,0,0,0,0,3,0,0,0,0,0,0,0,89,0,0,,Matches
166,Tariqe Fosu\3dcef539,Tariqe Fosu\3dcef539,gh GHA,DF,Brentford,26-138,1995,0.2,0,0,0,0,1,0,1,0,0,0,0,0,2,0,1,0,Matches
167,Ryan Fraser\d56543a0,Ryan Fraser\d56543a0,sct SCO,FWMF,Newcastle Utd,28-027,1994,15,3,0,0,13,22,2,56,15,4,0,0,0,75,6,23,20.7,Matches
168,Fred\b853e0ad,Fred\b853e0ad,br BRA,MF,Manchester Utd,29-018,1993,19.6,5,0,0,34,26,0,2,41,35,1,0,1,215,16,12,57.1,Matches
169,Ryan Fredericks\c067631c,Ryan Fredericks\c067631c,eng ENG,DF,West Ham,29-164,1992,1.4,1,0,0,1,0,0,4,3,1,0,0,0,13,4,0,100,Matches
170,Leo Fuhr Hjelde\d102b8a2,Leo Fuhr Hjelde\d102b8a2,no NOR,DF,Leeds United,18-209,2003,1.7,0,0,0,1,1,0,3,4,2,0,0,0,14,4,2,66.7,Matches
171,Conor Gallagher\c2731c10,Conor Gallagher\c2731c10,eng ENG,MF,Crystal Palace,22-045,2000,24.4,8,0,0,61,51,2,49,31,40,1,0,0,211,27,30,47.4,Matches
172,Dwight Gayle\e58a03c6,Dwight Gayle\e58a03c6,eng ENG,FW,Newcastle Utd,31-157,1990,0.4,1,0,0,2,1,0,0,1,0,0,0,0,1,1,1,50,Matches
173,Jean-Philippe Gbamin\6bd603db,Jean-Philippe Gbamin\6bd603db,ci CIV,MF,Everton,26-179,1995,0.7,0,0,0,0,1,0,0,0,1,0,0,0,7,1,0,100,Matches
174,David de Gea\7ba6d84e,David de Gea\7ba6d84e,es ESP,GK,Manchester Utd,31-136,1990,29,0,0,0,0,1,0,0,0,0,0,0,0,81,0,0,,Matches
175,Joe Gelhardt\01962d0d,Joe Gelhardt\01962d0d,eng ENG,FWMF,Leeds United,19-323,2002,5.2,4,0,0,15,21,3,1,2,3,2,0,0,29,3,20,13,Matches
176,Anwar El Ghazi\ffa90327,Anwar El Ghazi\ffa90327,nl NED,FW,Everton,26-324,1995,0.1,0,0,0,0,0,0,1,1,1,0,0,0,0,0,3,0,Matches
177,Anwar El Ghazi\ffa90327,Anwar El Ghazi\ffa90327,nl NED,FWMF,Aston Villa,26-324,1995,4.3,2,0,0,9,7,2,11,2,3,0,0,0,27,11,9,55,Matches
178,Saman Ghoddos\f7b1d4e0,Saman Ghoddos\f7b1d4e0,ir IRN,MFDF,Brentford,28-198,1993,4.8,2,0,0,11,10,0,14,5,7,1,0,0,46,5,11,31.3,Matches
179,Dimitris Giannoulis\112c495e,Dimitris Giannoulis\112c495e,gr GRE,DF,Norwich City,26-157,1995,6.1,1,0,0,5,16,0,17,18,7,0,0,0,57,3,4,42.9,Matches
180,Morgan Gibbs-White\32f60ed8,Morgan Gibbs-White\32f60ed8,eng ENG,FWMF,Wolves,22-055,2000,0.1,1,0,0,2,1,0,0,0,0,0,0,0,3,0,2,0,Matches
181,Ben Gibson\bcfb0142,Ben Gibson\bcfb0142,eng ENG,DF,Norwich City,29-067,1993,23.7,5,1,1,14,10,0,0,38,12,0,2,0,176,57,29,66.3,Matches
182,Billy Gilmour\df10e27c,Billy Gilmour\df10e27c,sct SCO,MF,Norwich City,20-285,2001,15.7,2,0,0,35,16,1,15,28,19,0,1,0,136,11,18,37.9,Matches
183,Ben Godfrey\9f7c837d,Ben Godfrey\9f7c837d,eng ENG,DF,Everton,24-067,1998,18.5,5,0,0,17,11,0,14,43,22,0,0,0,137,39,31,55.7,Matches
184,Andre Gomes\1961b2aa,André Gomes\1961b2aa,pt POR,MF,Everton,28-236,1993,5.6,3,0,0,29,8,0,3,7,9,0,0,0,71,6,10,37.5,Matches
185,Toti Gomes\f0caab96,Toti Gomes\f0caab96,pt POR,DF,Wolves,23-066,1999,2,1,0,0,1,1,1,0,6,2,0,0,0,23,6,8,42.9,Matches
186,Joe Gomez\7a11550b,Joe Gomez\7a11550b,eng ENG,DF,Liverpool,24-304,1997,1.2,0,0,0,1,1,0,3,5,0,0,0,0,23,6,1,85.7,Matches
187,Charlie Goode\7aee4dd3,Charlie Goode\7aee4dd3,eng ENG,DF,Brentford,26-232,1995,5,3,0,0,7,8,0,14,5,5,0,1,0,58,19,9,67.9,Matches
188,Anthony Gordon\2bd83368,Anthony Gordon\2bd83368,eng ENG,MFFW,Everton,21-027,2001,16.7,2,0,0,24,39,8,42,21,30,1,0,0,106,14,34,29.2,Matches
189,Kaide Gordon\19a9cb70,Kaide Gordon\19a9cb70,eng ENG,FW,Liverpool,17-169,2004,0.1,0,0,0,1,0,0,0,0,0,0,0,0,0,0,1,0,Matches
190,Dan Gosling\7fec31a0,Dan Gosling\7fec31a0,eng ENG,MF,Watford,32-050,1990,0.2,0,0,0,0,0,0,0,0,0,0,0,0,3,1,0,100,Matches
191,Demarai Gray\4468ec10,Demarai Gray\4468ec10,eng ENG,MFFW,Everton,25-268,1996,18.8,3,0,0,13,38,2,45,11,13,0,0,0,93,3,33,8.3,Matches
192,Jack Grealish\b0b4fd3e,Jack Grealish\b0b4fd3e,eng ENG,FW,Manchester City,26-194,1995,16.1,2,0,0,12,49,5,29,11,10,0,0,0,85,11,19,36.7,Matches
193,Mason Greenwood\58eee997,Mason Greenwood\58eee997,eng ENG,FWMF,Manchester Utd,20-173,2001,14.1,1,0,0,21,22,3,25,4,8,0,0,0,81,6,9,40,Matches
194,Sam Greenwood\f3354c07,Sam Greenwood\f3354c07,eng ENG,FWMF,Leeds United,20-056,2002,0.9,0,0,0,2,0,1,0,0,0,0,0,0,6,0,2,0,Matches
195,Pascal Gross\8aec0537,Pascal Groß\8aec0537,de GER,MFDF,Brighton,30-281,1991,15.3,0,0,0,11,8,3,44,13,17,0,0,0,131,10,26,27.8,Matches
196,Vicente Guaita\ab13a5aa,Vicente Guaita\ab13a5aa,es ESP,GK,Crystal Palace,35-072,1987,23.5,2,0,0,1,2,0,0,0,0,0,1,0,114,0,0,,Matches
197,Marc Guehi\d0706b27,Marc Guéhi\d0706b27,eng ENG,DF,Crystal Palace,21-253,2000,28,4,0,0,14,28,0,2,46,21,0,1,0,257,62,46,57.4,Matches
198,Bruno Guimaraes\82518f62,Bruno Guimarães\82518f62,br BRA,MF,Newcastle Utd,24-127,1997,3.2,1,0,0,5,15,0,2,8,11,0,0,0,52,3,5,37.5,Matches
199,Ilkay Gundogan\819b3158,?lkay Gündo?an\819b3158,de GER,MF,Manchester City,31-150,1990,15,1,0,0,13,13,2,21,16,6,0,0,0,93,10,10,50,Matches
200,Angus Gunn\e082af5b,Angus Gunn\e082af5b,eng ENG,GK,Norwich City,26-060,1996,7,0,0,0,0,0,0,0,0,0,0,0,0,31,0,0,,Matches
201,Grant Hanley\e9254eec,Grant Hanley\e9254eec,sct SCO,DF,Norwich City,30-123,1991,23.2,2,0,0,22,20,1,0,47,35,0,1,0,190,83,26,76.1,Matches
202,Jack Harrison\aa849a12,Jack Harrison\aa849a12,eng ENG,FWMF,Leeds United,25-123,1996,21.9,3,0,0,27,21,4,82,28,22,0,0,0,141,20,52,27.8,Matches
203,Kortney Hause\bf8fad51,Kortney Hause\bf8fad51,eng ENG,DF,Aston Villa,26-250,1995,4.4,0,0,0,8,2,1,1,9,4,0,1,0,55,20,8,71.4,Matches
204,Kai Havertz\fed7cb61,Kai Havertz\fed7cb61,de GER,FWMF,Chelsea,22-285,1999,14.5,2,0,0,30,26,10,16,6,11,1,0,0,63,27,50,35.1,Matches
205,Isaac Hayden\c951a6df,Isaac Hayden\c951a6df,eng ENG,MFDF,Newcastle Utd,27-001,1995,11.1,5,0,0,24,9,0,5,20,18,0,0,0,77,24,15,61.5,Matches
206,Hwang Hee-chan\169fd162,Hwang Hee-chan\169fd162,kr KOR,FWMF,Wolves,26-056,1996,15,1,0,0,24,34,3,7,14,11,0,0,0,80,10,24,29.4,Matches
207,Jordan Henderson\935e6b8f,Jordan Henderson\935e6b8f,eng ENG,MF,Liverpool,31-279,1990,22.3,3,0,0,27,8,3,40,36,20,0,0,0,231,17,15,53.1,Matches
208,Jeff Hendrick\989d5705,Jeff Hendrick\989d5705,ie IRL,MF,Newcastle Utd,30-051,1992,0.8,0,0,0,2,0,0,0,0,1,0,0,0,6,1,1,50,Matches
209,Wayne Hennessey\76eca7e2,Wayne Hennessey\76eca7e2,wls WAL,GK,Burnley,35-058,1987,2,0,0,0,0,1,0,0,0,0,0,0,0,12,0,0,,Matches
210,Rico Henry\8a3c1dc7,Rico Henry\8a3c1dc7,eng ENG,DF,Brentford,24-258,1997,23.2,2,0,0,18,21,1,30,46,21,0,0,0,237,34,32,51.5,Matches
211,Son Heung-min\92e7e919,Son Heung-min\92e7e919,kr KOR,FWMF,Tottenham,29-258,1992,24.9,1,0,0,11,30,13,51,22,6,1,0,0,131,13,40,24.5,Matches
212,Ki-Jana Hoever\9a71e978,Ki-Jana Hoever\9a71e978,nl NED,DF,Wolves,20-064,2002,3.4,1,0,0,5,4,1,8,5,10,0,0,0,23,4,4,50,Matches
213,Rob Holding\d79a8c87,Rob Holding\d79a8c87,eng ENG,DF,Arsenal,26-184,1995,4.8,2,0,0,4,1,0,0,10,6,0,0,0,38,16,14,53.3,Matches
214,Mason Holgate\d0042ab9,Mason Holgate\d0042ab9,eng ENG,DF,Everton,25-152,1996,14.8,3,1,0,18,12,0,1,31,15,0,0,1,161,49,25,66.2,Matches
215,Callum Hudson-Odoi\15f3ec41,Callum Hudson-Odoi\15f3ec41,eng ENG,FWMF,Chelsea,21-136,2000,10.7,1,0,0,12,22,4,26,5,6,1,0,0,55,5,12,29.4,Matches
216,Will Hughes\a0666d3e,Will Hughes\a0666d3e,eng ENG,MF,Crystal Palace,26-340,1995,9.1,3,0,0,16,14,0,9,14,13,1,1,0,89,11,11,50,Matches
217,Pierre Hojbjerg\8b04d6c1,Pierre Højbjerg\8b04d6c1,dk DEN,MF,Tottenham,26-230,1995,26.5,2,0,0,31,33,0,12,55,42,0,0,0,295,30,15,66.7,Matches
218,Adam Idah\291e3ec3,Adam Idah\291e3ec3,ie IRL,FWMF,Norwich City,21-012,2001,6.9,0,0,0,10,12,10,11,4,6,0,0,0,34,16,36,30.8,Matches
219,Kelechi Iheanacho\c92e1a31,Kelechi Iheanacho\c92e1a31,ng NGA,FW,Leicester City,25-171,1996,9.2,1,0,0,20,8,6,8,4,7,0,0,0,42,10,26,27.8,Matches
220,Danny Ings\07802f7f,Danny Ings\07802f7f,eng ENG,FW,Aston Villa,29-243,1992,16.9,2,0,0,14,11,8,13,14,9,0,0,0,71,15,42,26.3,Matches
221,Tim Iroegbunam\84c5ceea,Tim Iroegbunam\84c5ceea,,MF,Aston Villa,,,0.1,0,0,0,0,0,0,0,0,0,0,0,0,1,0,0,,Matches
222,Alex Iwobi\6ca5ec4b,Alex Iwobi\6ca5ec4b,ng NGA,MFFW,Everton,25-324,1996,11.6,1,0,0,6,6,3,19,18,13,0,0,0,69,5,20,20,Matches
223,Daniel James\c931d9f9,Daniel James\c931d9f9,wls WAL,FWMF,Leeds United,24-133,1997,22.5,6,0,0,28,34,13,39,17,14,1,0,0,111,13,43,23.2,Matches
224,Daniel James\c931d9f9,Daniel James\c931d9f9,wls WAL,FW,Manchester Utd,24-133,1997,1.4,0,0,0,1,1,2,5,0,4,0,0,0,12,0,1,0,Matches
225,Reece James\1265a93a,Reece James\1265a93a,eng ENG,DF,Chelsea,22-105,1999,13.1,4,1,0,11,23,3,54,15,15,0,0,1,107,14,14,50,Matches
226,Vitaly Janelt\8449d35e,Vitaly Janelt\8449d35e,de GER,MF,Brentford,23-317,1998,19.8,3,0,0,29,30,3,21,35,25,0,0,0,182,30,22,57.7,Matches
227,Pontus Jansson\172e52d8,Pontus Jansson\172e52d8,se SWE,DF,Brentford,31-038,1991,29.9,6,0,0,16,10,4,0,55,19,1,0,0,306,101,62,62,Matches
228,Mathias Jensen\0f134faf,Mathias Jensen\0f134faf,dk DEN,MF,Brentford,26-081,1996,13.6,0,0,0,13,7,3,27,26,24,0,0,0,111,9,15,37.5,Matches
229,Gabriel Jesus\b66315ae,Gabriel Jesus\b66315ae,br BRA,FW,Manchester City,24-354,1997,14.9,0,0,0,26,15,7,22,12,7,0,0,0,86,15,26,36.6,Matches
230,Raul Jimenez\b561db50,Raúl Jiménez\b561db50,mx MEX,FW,Wolves,30-322,1991,23.9,9,2,2,50,50,19,12,18,18,0,0,0,96,63,84,42.9,Matches
231,Joelinton\c17bfb65,Joelinton\c17bfb65,br BRA,MFFW,Newcastle Utd,25-221,1996,20.9,6,0,0,56,44,1,14,34,38,0,0,0,187,82,88,48.2,Matches
232,Ben Johnson\9319781b,Ben Johnson\9319781b,eng ENG,DF,West Ham,22-058,2000,13.4,1,0,0,10,3,0,33,21,15,0,0,0,103,13,16,44.8,Matches
233,Curtis Jones\4fb9c88f,Curtis Jones\4fb9c88f,eng ENG,MF,Liverpool,21-052,2001,7.1,0,0,0,9,22,0,1,8,7,0,0,0,57,6,9,40,Matches
234,Phil Jones\def899bd,Phil Jones\def899bd,eng ENG,DF,Manchester Utd,30-030,1992,1,0,0,0,0,3,0,0,2,3,0,0,0,8,0,0,,Matches
235,Jorginho\45db685d,Jorginho\45db685d,it ITA,MF,Chelsea,30-093,1991,20.8,4,0,0,35,37,0,1,50,34,0,0,0,217,14,24,36.8,Matches
236,Diogo Jota\178ae8f8,Diogo Jota\178ae8f8,pt POR,FW,Liverpool,25-109,1996,19.4,2,0,0,33,37,3,13,13,16,1,0,0,101,30,78,27.8,Matches
237,James Justin\fb614c44,James Justin\fb614c44,eng ENG,DF,Leicester City,24-028,1998,4.1,0,0,0,5,4,1,2,8,5,0,0,0,36,4,6,40,Matches
238,Mathias Jorgensen\0db5d2c8,Mathias Jørgensen\0db5d2c8,dk DEN,DF,Brentford,31-334,1990,4.8,2,0,0,9,1,0,8,10,2,0,0,0,59,16,7,69.6,Matches
239,Ozan Kabak\2d61d13a,Ozan Kabak\2d61d13a,tr TUR,DF,Norwich City,21-363,2000,10.2,2,0,0,12,13,0,0,22,11,0,2,0,80,29,20,59.2,Matches
240,Christian Kabasele\914ab9a1,Christian Kabasele\914ab9a1,be BEL,DF,Watford,31-027,1991,5.3,0,0,0,2,1,0,1,14,3,0,0,0,39,19,5,79.2,Matches
241,Samuel Kalu\b8d22478,Samuel Kalu\b8d22478,ng NGA,FWMF,Watford,24-209,1997,0.5,0,0,0,0,0,1,0,1,0,0,0,0,0,1,3,25,Matches
242,Hassane Kamara\19a12bed,Hassane Kamara\19a12bed,ci CIV,DF,Watford,27-185,1994,10.9,2,0,0,16,12,0,13,50,22,0,0,0,120,28,10,73.7,Matches
243,Harry Kane\21a66f6a,Harry Kane\21a66f6a,eng ENG,FW,Tottenham,28-238,1993,26.9,3,0,0,35,49,13,28,6,7,0,0,0,112,70,83,45.8,Matches
244,N'Golo Kante\b9fbae28,N'Golo Kanté\b9fbae28,fr FRA,MF,Chelsea,30-359,1991,13.3,1,0,0,15,22,0,8,30,20,0,0,0,119,12,15,44.4,Matches
245,Edo Kayembe\f99b71de,Edo Kayembe\f99b71de,cd COD,MF,Watford,23-232,1998,4.6,0,0,0,3,3,0,4,9,7,0,0,0,64,4,10,28.6,Matches
246,Moise Kean\3d50bcdb,Moise Kean\3d50bcdb,it ITA,FW,Everton,22-023,2000,0,0,0,0,0,0,0,0,0,0,0,0,0,0,0,0,,Matches
247,Michael Keane\c5b7c315,Michael Keane\c5b7c315,eng ENG,DF,Everton,29-071,1993,24.5,1,0,0,12,9,1,0,52,27,0,0,2,264,98,58,62.8,Matches
248,Naby Keita\f25c8e3a,Naby Keïta\f25c8e3a,gn GUI,MF,Liverpool,27-041,1995,9.2,1,0,0,24,9,0,5,13,18,0,0,0,89,6,11,35.3,Matches
249,Caoimhin Kelleher\62d7ef38,Caoimhín Kelleher\62d7ef38,ie IRL,GK,Liverpool,23-120,1998,2,0,0,0,0,1,0,0,0,0,0,0,0,11,0,0,,Matches
250,Jonjoe Kenny\099e666f,Jonjoe Kenny\099e666f,eng ENG,DF,Everton,25-008,1997,7.8,3,1,1,8,4,1,8,23,9,0,0,0,59,6,12,33.3,Matches
251,Max Kilman\d0f72bf1,Max Kilman\d0f72bf1,eng ENG,DF,Wolves,24-304,1997,27.9,3,0,0,22,16,0,2,62,32,0,1,0,216,77,42,64.7,Matches
252,Joshua King\43458538,Joshua King\43458538,no NOR,FW,Watford,30-067,1992,21.9,4,0,0,38,24,8,23,10,18,1,0,0,95,86,112,43.4,Matches
253,Kristoffer Klaesson\3f70db80,Kristoffer Klaesson\3f70db80,no NOR,GK,Leeds United,21-116,2000,0.4,0,0,0,0,0,0,0,0,0,0,0,0,2,0,0,,Matches
254,Mateusz Klich\282679b4,Mateusz Klich\282679b4,pl POL,MF,Leeds United,31-283,1990,18.3,4,0,0,35,15,2,24,26,18,0,1,0,170,6,12,33.3,Matches
255,Robin Koch\ea6bc03a,Robin Koch\ea6bc03a,de GER,MFDF,Leeds United,25-249,1996,11.2,3,0,0,16,10,0,0,30,11,0,0,0,109,30,29,50.8,Matches
256,Sead Kolasinac\3935e52e,Sead Kolašinac\3935e52e,ba BIH,DF,Arsenal,28-276,1993,1,1,0,0,3,0,0,0,4,1,0,0,0,2,2,1,66.7,Matches
257,Ibrahima Konate\5ed9b537,Ibrahima Konaté\5ed9b537,fr FRA,DF,Liverpool,22-302,1999,8,2,0,0,10,2,0,0,21,6,0,0,0,91,32,9,78,Matches
258,Ezri Konsa\0313a347,Ezri Konsa\0313a347,eng ENG,DF,Aston Villa,24-151,1997,22,5,2,1,12,29,1,1,35,13,0,1,0,153,50,36,58.1,Matches
259,Cheikhou Kouyate\8d3c902d,Cheikhou Kouyaté\8d3c902d,sn SEN,MF,Crystal Palace,32-092,1989,18.5,2,0,0,31,26,0,4,38,30,0,0,0,221,51,24,68,Matches
260,Mateo Kovacic\79c0821a,Mateo Kova?i?\79c0821a,hr CRO,MF,Chelsea,27-321,1994,14.2,4,0,0,27,33,0,3,18,35,0,0,0,126,5,9,35.7,Matches
261,Emil Krafth\77cf6852,Emil Krafth\77cf6852,se SWE,DF,Newcastle Utd,27-233,1994,11.5,4,0,0,21,8,0,11,27,9,0,0,0,82,19,19,50,Matches
262,Alex Kral\e717705a,Alex Král\e717705a,cz CZE,MF,West Ham,23-308,1998,0,0,0,0,0,0,0,0,0,0,0,0,0,2,1,1,50,Matches
263,Tim Krul\f23f9d20,Tim Krul\f23f9d20,nl NED,GK,Norwich City,33-354,1988,22,1,0,0,0,1,0,0,0,0,0,0,1,116,0,0,,Matches
264,Juraj Kucka\5aaef9ef,Juraj Kucka\5aaef9ef,sk SVK,MF,Watford,35-025,1987,17.6,4,1,1,40,37,2,9,38,42,0,0,1,185,46,40,53.5,Matches
265,Dejan Kulusevski\df3cda47,Dejan Kulusevski\df3cda47,se SWE,MFFW,Tottenham,21-332,2000,7.6,1,0,0,15,10,4,12,16,5,0,0,0,53,4,4,50,Matches
266,Alexandre Lacazette\9dbb75ca,Alexandre Lacazette\9dbb75ca,fr FRA,FWMF,Arsenal,30-299,1991,17,0,0,0,32,30,4,7,12,17,4,0,0,70,20,53,27.4,Matches
267,Adam Lallana\99813635,Adam Lallana\99813635,eng ENG,MF,Brighton,33-317,1988,16.8,4,0,0,14,23,0,8,27,22,0,0,0,176,13,13,50,Matches
268,Tariq Lamptey\f4e433d4,Tariq Lamptey\f4e433d4,eng ENG,DFFW,Brighton,21-174,2000,14.2,2,0,0,23,48,3,61,27,20,0,0,0,106,7,23,23.3,Matches
269,Manuel Lanzini\26f6dca8,Manuel Lanzini\26f6dca8,ar ARG,MF,West Ham,29-036,1993,14.7,2,0,0,10,18,1,9,22,16,0,0,0,148,5,14,26.3,Matches
270,Aymeric Laporte\119b9a8e,Aymeric Laporte\119b9a8e,es ESP,DF,Manchester City,27-300,1994,23.1,5,1,0,9,12,1,3,25,12,1,0,0,210,55,28,66.3,Matches
271,Jamaal Lascelles\450ab6fc,Jamaal Lascelles\450ab6fc,eng ENG,DF,Newcastle Utd,28-132,1993,18.8,5,0,0,20,3,0,3,29,8,0,3,2,139,83,28,74.8,Matches
272,Pierre Lees-Melou\f5044e54,Pierre Lees-Melou\f5044e54,fr FRA,MF,Norwich City,28-302,1993,17.8,4,0,0,37,19,1,23,28,30,1,0,0,167,11,15,42.3,Matches
273,Aaron Lennon\2ff964a0,Aaron Lennon\2ff964a0,eng ENG,MFFW,Burnley,34-341,1987,11.9,2,0,0,17,14,4,21,9,13,0,0,0,61,9,13,40.9,Matches
274,Bernd Leno\2628fd2b,Bernd Leno\2628fd2b,de GER,GK,Arsenal,30-019,1992,4,0,0,0,0,0,0,0,0,0,0,0,0,16,0,0,,Matches
275,Jamal Lewis\efb9215a,Jamal Lewis\efb9215a,nir NIR,DF,Newcastle Utd,24-057,1998,2.9,1,0,0,2,3,0,3,6,6,0,0,0,23,2,6,25,Matches
276,Victor Lindelof\f5deef4c,Victor Lindelöf\f5deef4c,se SWE,DF,Manchester Utd,27-249,1994,18.2,2,0,0,15,7,0,0,39,8,0,0,0,190,45,21,68.2,Matches
277,Jesse Lingard\810e3c74,Jesse Lingard\810e3c74,eng ENG,FW,Manchester Utd,29-098,1992,2.3,1,0,0,5,2,1,8,2,3,0,0,0,15,0,1,0,Matches
278,Valentino Livramento\afed6722,Valentino Livramento\afed6722,eng ENG,DF,Southampton,19-131,2002,22.2,2,0,0,17,38,1,51,64,28,1,0,0,198,27,34,44.3,Matches
279,Diego Llorente\bba30585,Diego Llorente\bba30585,es ESP,DF,Leeds United,28-219,1993,19,6,0,0,19,18,0,2,45,24,0,0,0,196,43,40,51.8,Matches
280,Hugo Lloris\8f62b6ee,Hugo Lloris\8f62b6ee,fr FRA,GK,Tottenham,35-087,1986,29,1,0,0,0,3,0,0,0,0,0,0,0,118,0,1,0,Matches
281,Giovani Lo Celso\d7553721,Giovani Lo Celso\d7553721,ar ARG,MFFW,Tottenham,25-348,1996,2.6,0,0,0,5,7,1,1,3,3,0,0,0,19,0,3,0,Matches
282,Jurgen Locadia\6cc47ae1,Jürgen Locadia\6cc47ae1,nl NED,FW,Brighton,28-136,1993,0.3,0,0,0,1,1,0,0,0,1,0,0,0,1,0,0,,Matches
283,Ruben Loftus-Cheek\e97fd090,Ruben Loftus-Cheek\e97fd090,eng ENG,MF,Chelsea,26-059,1996,8.7,1,0,0,16,29,1,4,10,12,0,0,0,100,23,6,79.3,Matches
284,Shane Long\9f472354,Shane Long\9f472354,ie IRL,FWMF,Southampton,35-060,1987,1.6,0,0,0,4,3,1,2,0,2,0,0,0,6,17,15,53.1,Matches
285,Sean Longstaff\a2b105e0,Sean Longstaff\a2b105e0,eng ENG,MF,Newcastle Utd,24-144,1997,12.2,1,0,0,23,18,0,2,17,29,0,0,0,124,12,9,57.1,Matches
286,Ademola Lookman\7c104bb7,Ademola Lookman\7c104bb7,eng ENG,FWMF,Leicester City,24-154,1997,12.7,2,0,0,21,34,5,19,18,18,0,0,0,90,4,14,22.2,Matches
287,Jonas Lossl\939bc634,Jonas Lössl\939bc634,dk DEN,GK,Brentford,33-050,1989,2,0,0,0,0,0,0,0,0,0,0,0,0,8,0,0,,Matches
288,Imran Louza\e1df6989,Imran Louza\e1df6989,ma MAR,MF,Watford,22-326,1999,11.1,4,0,0,26,13,0,12,27,19,0,0,0,136,5,10,33.3,Matches
289,Matthew Lowton\9a9c05db,Matthew Lowton\9a9c05db,eng ENG,DF,Burnley,32-287,1989,16.8,2,0,0,13,8,0,31,30,22,0,0,0,159,21,22,48.8,Matches
290,Douglas Luiz\6f7d826d,Douglas Luiz\6f7d826d,br BRA,MF,Aston Villa,23-318,1998,22.9,6,0,0,39,41,0,18,51,31,0,0,0,218,29,24,54.7,Matches
291,Romelu Lukaku\5eae500a,Romelu Lukaku\5eae500a,be BEL,FW,Chelsea,28-314,1993,13.5,0,0,0,6,10,9,6,1,1,1,0,0,42,37,39,48.7,Matches
292,Lyanco\b5bf1770,Lyanco\b5bf1770,br BRA,DF,Southampton,25-050,1997,6.1,2,0,0,13,7,0,3,17,8,0,0,0,65,12,9,57.1,Matches
293,Alexis Mac Allister\83d074ff,Alexis Mac Allister\83d074ff,ar ARG,MFFW,Brighton,23-089,1998,14.9,3,0,0,27,29,2,17,19,35,0,0,0,154,20,14,58.8,Matches
294,James Maddison\ee38d9c5,James Maddison\ee38d9c5,eng ENG,MFFW,Leicester City,25-120,1996,19.1,2,0,0,10,55,3,26,12,15,1,0,0,97,5,21,19.2,Matches
295,Harry Maguire\d8931174,Harry Maguire\d8931174,eng ENG,DF,Manchester Utd,29-018,1993,22.7,9,1,1,18,18,1,0,38,16,0,0,1,234,84,30,73.7,Matches
296,Riyad Mahrez\892d5bb1,Riyad Mahrez\892d5bb1,dz ALG,FW,Manchester City,31-030,1991,13.5,0,0,0,9,15,3,41,8,4,0,0,0,84,10,13,43.5,Matches
297,Ainsley Maitland-Niles\e3a5814e,Ainsley Maitland-Niles\e3a5814e,eng ENG,MF,Arsenal,24-206,1997,3,0,0,0,5,2,0,1,3,4,0,0,0,37,5,4,55.6,Matches
298,Sadio Mane\c691bfe2,Sadio Mané\c691bfe2,sn SEN,FW,Liverpool,29-347,1992,24.7,3,0,0,42,48,14,43,14,15,1,0,0,133,23,39,37.1,Matches
299,Javier Manquillo\758dd7f0,Javier Manquillo\758dd7f0,es ESP,DF,Newcastle Utd,27-322,1994,13.3,5,0,0,8,17,1,9,23,24,0,0,0,97,16,13,55.2,Matches
300,Fernando Marcal\9ae9eaea,Fernando Marçal\9ae9eaea,br BRA,DF,Wolves,33-032,1989,14.2,2,0,0,28,12,1,50,27,22,0,1,0,121,25,16,61,Matches
301,Solly March\bb5fbd2b,Solly March\bb5fbd2b,eng ENG,DFFW,Brighton,27-246,1994,13.8,1,0,0,25,21,8,44,24,17,0,0,0,92,14,28,33.3,Matches
302,Pablo Mari\aa54ec6f,Pablo Marí\aa54ec6f,es ESP,DF,Arsenal,28-204,1993,2,1,0,0,1,1,0,0,6,2,0,0,0,17,5,4,55.6,Matches
303,Anthony Martial\8b788c01,Anthony Martial\8b788c01,fr FRA,FW,Manchester Utd,26-108,1995,2.4,0,0,0,1,4,2,5,1,1,0,0,0,5,5,3,62.5,Matches
304,Martinelli\48a5a5d6,Martinelli\48a5a5d6,br BRA,FWMF,Arsenal,20-278,2001,13.8,3,1,1,18,15,9,27,14,15,0,0,0,73,22,42,34.4,Matches
305,Emiliano Martinez\7956236f,Emiliano Martínez\7956236f,ar ARG,GK,Aston Villa,29-202,1992,28,4,0,0,0,7,0,0,1,0,0,0,0,134,0,1,0,Matches
306,Adam Masina\de0f152c,Adam Masina\de0f152c,ma MAR,DF,Watford,28-080,1994,9.6,0,0,0,16,2,0,17,20,10,0,1,0,70,26,12,68.4,Matches
307,Arthur Masuaku\57df7a11,Arthur Masuaku\57df7a11,cd COD,DFFW,West Ham,28-136,1993,6.2,1,0,0,7,3,0,18,16,17,0,0,0,61,13,8,61.9,Matches
308,Jean-Philippe Mateta\50e6dc35,Jean-Philippe Mateta\50e6dc35,fr FRA,FW,Crystal Palace,24-268,1997,7.2,1,0,0,8,6,10,3,2,3,0,0,0,31,24,28,46.2,Matches
309,Nemanja Matic\eb7822d7,Nemanja Mati?\eb7822d7,rs SRB,MF,Manchester Utd,33-234,1988,10.2,2,0,0,21,6,0,1,18,15,0,0,0,105,25,16,61,Matches
310,Joel Matip\b217ef29,Joël Matip\b217ef29,cm CMR,DF,Liverpool,30-227,1991,23,1,0,0,13,14,0,0,48,23,0,0,0,274,89,38,70.1,Matches
311,Neal Maupay\4bcf39f6,Neal Maupay\4bcf39f6,fr FRA,FW,Brighton,25-221,1996,22.7,6,0,0,31,36,4,3,9,10,0,0,0,106,18,76,19.1,Matches
312,Bryan Mbeumo\6afaebf2,Bryan Mbeumo\6afaebf2,fr FRA,FWMF,Brentford,22-228,1999,24.8,4,0,0,22,26,11,39,16,22,0,0,0,143,27,104,20.6,Matches
313,James McArthur\cee31595,James McArthur\cee31595,sct SCO,MF,Crystal Palace,34-167,1987,12.9,3,0,0,25,18,3,12,24,23,0,0,0,156,20,22,47.6,Matches
314,James Mcatee\96593e89,James Mcatee\96593e89,eng ENG,MFFW,Manchester City,19-156,2002,0.2,0,0,0,2,0,0,0,1,0,0,0,0,3,1,0,100,Matches
315,Kasey McAteer\b2c66859,Kasey McAteer\b2c66859,eng ENG,FW,Leicester City,20-121,2001,0,0,0,0,0,0,0,0,0,0,0,0,0,0,0,0,,Matches
316,Liam McCarron\076bb352,Liam McCarron\076bb352,sct SCO,FW,Leeds United,21-016,2001,0.1,0,0,0,0,0,0,0,0,0,0,0,0,1,0,0,,Matches
317,Alex McCarthy\36c2ca73,Alex McCarthy\36c2ca73,eng ENG,GK,Southampton,32-110,1989,15,1,0,0,0,1,0,0,0,0,0,0,0,52,0,0,,Matches
318,John McGinn\90f91999,John McGinn\90f91999,sct SCO,MF,Aston Villa,27-156,1994,25.3,7,0,0,51,68,0,46,42,42,0,0,0,215,18,11,62.1,Matches
319,Stuart McKinstry\1000a059,Stuart McKinstry\1000a059,sct SCO,MF,Leeds United,19-186,2002,0,0,0,0,0,0,0,0,0,0,0,0,0,2,0,0,,Matches
320,Kenny McLean\471f16b3,Kenny McLean\471f16b3,sct SCO,MF,Norwich City,30-074,1992,26.3,2,0,0,19,39,3,22,42,23,0,1,0,191,75,58,56.4,Matches
321,Dwight McNeil\fc15fb84,Dwight McNeil\fc15fb84,eng ENG,MF,Burnley,22-121,1999,26,1,0,0,16,36,1,87,54,26,0,0,0,211,12,20,37.5,Matches
322,Scott McTominay\d93c2511,Scott McTominay\d93c2511,sct SCO,MF,Manchester Utd,25-105,1996,20.9,8,0,0,39,37,1,7,37,30,0,1,0,236,55,29,65.5,Matches
323,Ben Mee\8df7a2fb,Ben Mee\8df7a2fb,eng ENG,DF,Burnley,32-181,1989,20.4,3,0,0,14,8,2,3,34,16,0,0,1,243,93,36,72.1,Matches
324,Benjamin Mendy\5271c8f1,Benjamin Mendy\5271c8f1,fr FRA,DF,Manchester City,27-249,1994,0.9,0,0,0,3,0,0,4,0,1,0,0,0,7,2,2,50,Matches
325,Edouard Mendy\33887998,Edouard Mendy\33887998,sn SEN,GK,Chelsea,30-022,1992,24,3,0,0,1,1,0,0,0,0,0,1,0,90,0,0,,Matches
326,Nampalys Mendy\1598599e,Nampalys Mendy\1598599e,sn SEN,MF,Leicester City,29-273,1992,1.8,0,0,0,5,4,0,0,4,2,0,0,0,13,0,2,0,Matches
327,Illan Meslier\6b625ac2,Illan Meslier\6b625ac2,fr FRA,GK,Leeds United,22-021,2000,29.6,2,0,0,0,9,0,0,0,0,0,0,0,126,0,0,,Matches
328,Luka Milivojevic\2ce2508a,Luka Milivojevi?\2ce2508a,rs SRB,MF,Crystal Palace,30-350,1991,7.2,1,0,0,13,10,0,14,7,8,0,1,1,80,13,6,68.4,Matches
329,James Milner\2f90f6b8,James Milner\2f90f6b8,eng ENG,MFDF,Liverpool,36-078,1986,7.1,2,0,0,14,14,0,16,19,17,0,0,0,87,9,8,52.9,Matches
330,Yerry Mina\6d5701f2,Yerry Mina\6d5701f2,co COL,DF,Everton,27-181,1994,7.2,2,0,0,6,4,1,2,5,9,0,0,0,67,31,14,68.9,Matches
331,Takumi Minamino\f833a830,Takumi Minamino\f833a830,jp JPN,FWMF,Liverpool,27-066,1995,1.1,1,0,0,4,3,0,0,0,2,0,0,0,6,2,3,40,Matches
332,Tyrone Mings\8397a50c,Tyrone Mings\8397a50c,eng ENG,DF,Aston Villa,29-010,1993,26.4,9,0,0,25,20,1,3,61,15,0,1,0,245,71,41,63.4,Matches
333,Tyrick Mitchell\5cbd1eb0,Tyrick Mitchell\5cbd1eb0,eng ENG,DF,Crystal Palace,22-203,1999,28.9,0,0,0,19,15,2,47,68,48,1,0,0,261,25,33,43.1,Matches
334,Jakub Moder\f230bc30,Jakub Moder\f230bc30,pl POL,MFFW,Brighton,22-350,1999,18.8,1,0,0,23,11,0,28,22,29,0,0,0,146,23,41,35.9,Matches
335,Wesley Moraes\bfae110f,Wesley Moraes\bfae110f,br BRA,FW,Aston Villa,25-117,1996,0,0,0,0,1,0,0,0,0,0,0,0,0,0,2,2,50,Matches
336,Tyler Morton\2bc28bb9,Tyler Morton\2bc28bb9,eng ENG,MF,Liverpool,19-143,2002,0.7,1,0,0,1,0,0,0,2,0,0,0,0,13,3,3,50,Matches
337,Mason Mount\9674002f,Mason Mount\9674002f,eng ENG,MFFW,Chelsea,23-072,1999,18.5,2,0,0,29,19,4,50,14,17,0,0,0,97,7,24,22.6,Matches
338,Lucas Moura\2b622f01,Lucas Moura\2b622f01,br BRA,FWMF,Tottenham,29-222,1992,17.1,3,0,0,24,46,2,19,18,11,0,0,0,127,45,26,63.4,Matches
339,Joao Moutinho\f5a00fa4,João Moutinho\f5a00fa4,pt POR,MF,Wolves,35-196,1986,25.1,2,0,0,43,21,0,22,45,44,0,1,0,265,12,23,34.3,Matches
340,Bali Mumba\2d760d7b,Bali Mumba\2d760d7b,eng ENG,DF,Norwich City,20-166,2001,0.5,0,0,0,0,0,0,0,1,0,0,0,0,2,0,1,0,Matches
341,Jacob Murphy\de112b84,Jacob Murphy\de112b84,eng ENG,DFFW,Newcastle Utd,27-027,1995,13.5,4,0,0,21,16,1,43,29,16,0,1,0,110,11,30,26.8,Matches
342,Enock Mwepu\1d5cab82,Enock Mwepu\1d5cab82,zm ZAM,MF,Brighton,24-081,1998,7.1,1,0,0,17,9,2,4,9,10,1,1,0,65,7,26,21.2,Matches
343,Vitaliy Mykolenko\30d4a2e5,Vitaliy Mykolenko\30d4a2e5,ua UKR,DF,Everton,22-298,1999,2,0,0,0,2,4,0,5,5,3,0,0,0,17,2,3,40,Matches
344,Marvelous Nakamba\de5b5570,Marvelous Nakamba\de5b5570,zw ZIM,MF,Aston Villa,28-063,1994,8.4,4,0,0,18,10,0,1,18,16,0,0,0,93,7,9,43.8,Matches
345,Wilfred Ndidi\6b47c5db,Wilfred Ndidi\6b47c5db,ng NGA,MFDF,Leicester City,25-097,1996,18,4,0,0,34,26,1,2,45,47,0,2,0,248,56,34,62.2,Matches
346,Tanguy Ndombele\5cdddffa,Tanguy Ndombele\5cdddffa,fr FRA,MF,Tottenham,25-085,1996,5.4,1,0,0,5,12,0,2,3,10,0,0,0,37,2,3,40,Matches
347,Reiss Nelson\c5bdb6e3,Reiss Nelson\c5bdb6e3,eng ENG,FW,Arsenal,22-103,1999,0.2,0,0,0,0,0,0,0,1,0,0,0,0,2,0,0,,Matches
348,Pedro Neto\7ba2eaa9,Pedro Neto\7ba2eaa9,pt POR,MFFW,Wolves,22-014,2000,1.5,0,0,0,0,3,1,4,3,4,0,0,0,10,1,2,33.3,Matches
349,Ruben Neves\44bfb6c5,Rúben Neves\44bfb6c5,pt POR,MF,Wolves,25-010,1997,25.2,9,0,0,31,17,1,19,49,41,0,0,0,273,24,22,52.2,Matches
350,Jeremy Ngakia\3631ad41,Jeremy Ngakia\3631ad41,eng ENG,DF,Watford,21-197,2000,7,0,0,0,10,4,0,10,21,19,0,0,0,61,17,16,51.5,Matches
351,Saul Niguez\c14bc029,Saúl Ñíguez\c14bc029,es ESP,DFMF,Chelsea,27-122,1994,3.8,1,0,0,10,0,0,5,12,5,0,0,0,34,5,10,33.3,Matches
352,Eddie Nketiah\a53649b7,Eddie Nketiah\a53649b7,eng ENG,FWMF,Arsenal,22-297,1999,1.4,1,0,0,11,0,1,2,2,3,0,0,0,10,0,13,0,Matches
353,Nicolas Nkoulou\93cf32a8,Nicolas Nkoulou\93cf32a8,cm CMR,DF,Watford,31-361,1990,1.9,0,0,0,1,0,0,0,1,0,0,0,0,13,1,1,50,Matches
354,Mark Noble\ff527768,Mark Noble\ff527768,eng ENG,MF,West Ham,34-319,1987,1.4,0,0,0,3,3,0,0,1,1,0,0,0,16,0,0,,Matches
355,Mathias Normann\8996350d,Mathias Normann\8996350d,no NOR,MF,Norwich City,25-299,1996,11.9,4,0,0,28,18,1,9,20,18,0,1,0,123,19,11,63.3,Matches
356,Christian Norgaard\df0a4c90,Christian Nørgaard\df0a4c90,dk DEN,MF,Brentford,28-013,1994,28.2,7,0,0,61,34,0,10,77,72,0,0,0,371,49,56,46.7,Matches
357,Angelo Ogbonna\74b2cd7e,Angelo Ogbonna\74b2cd7e,it ITA,DF,West Ham,33-304,1988,10.2,1,0,0,5,3,0,0,13,8,0,0,0,78,26,12,68.4,Matches
358,Michael Olise\c4486bac,Michael Olise\c4486bac,fr FRA,FWMF,Crystal Palace,20-101,2001,10.8,3,0,0,17,29,0,40,11,12,0,0,0,85,9,17,34.6,Matches
359,Andrew Omobamidele\c393a6c4,Andrew Omobamidele\c393a6c4,ie IRL,DF,Norwich City,19-273,2002,4.2,1,0,0,5,5,0,0,10,3,0,0,0,51,6,10,37.5,Matches
360,Tyler Onyango\d86a1f3e,Tyler Onyango\d86a1f3e,eng ENG,MFFW,Everton,19-019,2003,0.3,0,0,0,1,0,0,0,1,0,0,0,0,1,1,1,50,Matches
361,Frank Onyeka\2944f86f,Frank Onyeka\2944f86f,ng NGA,MF,Brentford,24-081,1998,11.6,4,0,0,43,27,0,7,15,16,1,0,0,95,15,25,37.5,Matches
362,Divock Origi\43a166b4,Divock Origi\43a166b4,be BEL,FW,Liverpool,26-339,1995,0.8,0,0,0,0,1,0,0,2,0,0,0,0,4,1,1,50,Matches
363,Alex Oxlade-Chamberlain\38c7feef,Alex Oxlade-Chamberlain\38c7feef,eng ENG,MFFW,Liverpool,28-220,1993,8.7,0,0,0,12,7,2,22,8,14,0,0,0,65,5,12,29.4,Matches
364,Cole Palmer\dc7f8a28,Cole Palmer\dc7f8a28,eng ENG,FWMF,Manchester City,19-321,2002,1.4,0,0,0,2,1,0,4,2,2,0,0,0,7,2,0,100,Matches
365,Emerson Palmieri\e0bc6fdc,Emerson Palmieri\e0bc6fdc,it ITA,DF,Chelsea,27-232,1994,0.1,0,0,0,0,0,0,0,0,0,0,0,0,0,0,0,,Matches
366,Thomas Partey\529f49ab,Thomas Partey\529f49ab,gh GHA,MF,Arsenal,28-283,1993,21.7,5,0,0,36,21,0,2,31,41,0,0,0,219,22,26,45.8,Matches
367,Joao Pedro\e8832875,João Pedro\e8832875,br BRA,FWMF,Watford,20-178,2001,11.3,1,0,0,11,25,2,15,12,9,0,0,0,83,42,57,42.4,Matches
368,Nicolas Pepe\57e3f0c7,Nicolas Pépé\57e3f0c7,ci CIV,FWMF,Arsenal,26-298,1995,6.7,0,0,0,12,5,3,8,9,8,0,0,0,54,16,29,35.6,Matches
369,Ricardo Pereira\75a72a99,Ricardo Pereira\75a72a99,pt POR,DF,Leicester City,28-168,1993,9.8,3,0,0,6,17,0,15,22,22,0,0,0,68,18,10,64.3,Matches
370,Ayoze Perez\819aa8e7,Ayoze Pérez\819aa8e7,es ESP,FWMF,Leicester City,28-243,1993,2.4,0,1,0,3,3,0,3,2,2,0,0,0,10,6,8,42.9,Matches
371,Sonny Perkins\87f12e30,Sonny Perkins\87f12e30,eng ENG,FW,West Ham,18-041,2004,0,0,0,0,0,0,0,0,0,0,0,0,0,0,1,0,100,Matches
372,Romain Perraud\6dfd8f05,Romain Perraud\6dfd8f05,fr FRA,DF,Southampton,24-182,1997,13.4,2,0,0,30,16,0,34,16,15,0,0,0,95,14,23,37.8,Matches
373,Kalvin Phillips\4f565d77,Kalvin Phillips\4f565d77,eng ENG,MF,Leeds United,26-111,1995,11.1,2,0,0,29,15,0,5,23,27,0,0,0,137,15,15,50,Matches
374,Jaden Philogene Bidace\19f4d211,Jaden Philogene Bidace\19f4d211,eng ENG,FW,Aston Villa,19-309,2002,0.1,0,0,0,0,1,0,0,0,0,0,0,0,0,0,0,,Matches
375,Jordan Pickford\4806ec67,Jordan Pickford\4806ec67,eng ENG,GK,Everton,28-016,1994,25,1,0,0,0,4,0,0,0,0,0,0,0,108,0,0,,Matches
376,Erik Pieters\1ef37668,Erik Pieters\1ef37668,nl NED,DF,Burnley,33-228,1988,7.9,1,0,0,16,5,0,5,22,15,0,0,0,73,13,11,54.2,Matches
377,Ethan Pinnock\e541326e,Ethan Pinnock\e541326e,jm JAM,DF,Brentford,28-298,1993,27.7,1,0,0,10,18,1,27,49,37,0,0,0,320,145,68,68.1,Matches
378,Daniel Podence\7fcc71d8,Daniel Podence\7fcc71d8,pt POR,FWMF,Wolves,26-153,1995,15.6,2,0,0,10,28,3,33,6,8,0,0,0,82,2,22,8.3,Matches
379,Paul Pogba\867239d3,Paul Pogba\867239d3,fr FRA,MFFW,Manchester Utd,29-008,1993,12.6,6,1,0,41,34,0,15,17,12,0,0,0,110,36,23,61,Matches
380,Nick Pope\4b40d9ca,Nick Pope\4b40d9ca,eng ENG,GK,Burnley,29-338,1992,25,0,0,0,0,3,0,0,0,0,0,0,0,123,0,0,,Matches
381,Teemu Pukki\0745b37d,Teemu Pukki\0745b37d,fi FIN,FW,Norwich City,31-359,1990,27.2,4,0,0,36,24,9,19,16,9,1,0,0,98,13,88,12.9,Matches
382,Christian Pulisic\1bf33a9a,Christian Pulisic\1bf33a9a,us USA,MFFW,Chelsea,23-186,1998,10.5,2,0,0,11,27,4,11,6,4,0,0,0,56,12,30,28.6,Matches
383,Przemys?aw P?acheta\3c33f9d9,Przemys?aw P?acheta\3c33f9d9,pl POL,FWMF,Norwich City,24-000,1998,4.9,1,0,0,2,5,0,10,8,3,0,0,0,31,3,10,23.1,Matches
384,Jesuran Rak Sakyi\45685411,Jesuran Rak Sakyi\45685411,eng ENG,MF,Crystal Palace,19-169,2002,0.2,0,0,0,0,0,0,1,0,0,0,0,0,2,0,0,,Matches
385,Aaron Ramsdale\466fb2c5,Aaron Ramsdale\466fb2c5,eng ENG,GK,Arsenal,23-313,1998,24,1,0,0,0,5,0,0,0,0,0,0,0,132,0,0,,Matches
386,Jacob Ramsey\1544f145,Jacob Ramsey\1544f145,eng ENG,MF,Aston Villa,20-299,2001,21.4,5,0,0,28,43,1,13,27,33,0,0,0,143,19,26,42.2,Matches
387,Marcus Rashford\a1d5bd30,Marcus Rashford\a1d5bd30,eng ENG,FWMF,Manchester Utd,24-143,1997,10.4,2,0,0,8,20,10,22,8,4,0,0,0,49,13,22,37.1,Matches
388,Milot Rashica\6c6a3300,Milot Rashica\6c6a3300,xk KVX,FWMF,Norwich City,25-268,1996,18,0,0,0,24,42,11,65,25,14,0,0,0,108,13,27,32.5,Matches
389,David Raya\98ea5115,David Raya\98ea5115,es ESP,GK,Brentford,26-189,1995,16,0,0,0,0,2,0,0,0,0,0,0,0,88,0,0,,Matches
390,Nathan Redmond\ab651565,Nathan Redmond\ab651565,eng ENG,MFFW,Southampton,28-017,1994,15.1,0,0,0,14,15,2,37,18,7,0,0,0,97,12,37,24.5,Matches
391,Sergio Reguilon\3353737a,Sergio Reguilón\3353737a,es ESP,DF,Tottenham,25-097,1996,19.5,4,0,0,23,23,1,59,41,24,0,0,0,135,29,23,55.8,Matches
392,Declan Rice\1c7012b8,Declan Rice\1c7012b8,eng ENG,MF,West Ham,23-068,1999,28,7,0,0,32,17,0,27,84,45,0,0,0,299,38,21,64.4,Matches
393,Taylor Richards\e0243d23,Taylor Richards\e0243d23,eng ENG,MFFW,Brighton,21-109,2000,0.3,0,0,0,2,2,0,0,0,0,0,0,0,5,0,1,0,Matches
394,Richarlison\fa031b34,Richarlison\fa031b34,br BRA,FWMF,Everton,24-317,1997,18.2,6,0,0,29,53,16,11,13,17,0,0,0,96,31,109,22.1,Matches
395,Jairo Riedewald\7a1f2c08,Jaïro Riedewald\7a1f2c08,nl NED,MF,Crystal Palace,25-195,1996,1.3,0,0,0,1,0,0,0,0,2,0,0,0,12,0,2,0,Matches
396,Matt Ritchie\71ef519e,Matt Ritchie\71ef519e,sct SCO,DF,Newcastle Utd,32-194,1989,14.6,5,0,0,12,10,0,44,29,7,0,0,0,115,14,21,40,Matches
397,Connor Roberts\24fae784,Connor Roberts\24fae784,wls WAL,DF,Burnley,26-181,1995,10.2,1,0,0,5,16,1,14,18,7,0,0,0,97,15,12,55.6,Matches
398,Tyler Roberts\6c17e046,Tyler Roberts\6c17e046,wls WAL,MFFW,Leeds United,23-070,1999,11,5,0,0,19,25,3,16,7,7,0,0,0,63,10,26,27.8,Matches
399,Andrew Robertson\2e4f5f03,Andrew Robertson\2e4f5f03,sct SCO,DF,Liverpool,28-012,1994,21.5,4,1,0,18,9,4,77,39,10,0,0,0,200,25,11,69.4,Matches
400,Joe Rodon\8d62d31a,Joe Rodon\8d62d31a,wls WAL,DF,Tottenham,24-152,1997,0.9,0,0,0,0,1,0,0,2,0,0,0,0,3,1,2,33.3,Matches
401,Rodri\6434f10d,Rodri\6434f10d,es ESP,MF,Manchester City,25-274,1996,23.4,5,0,0,42,26,0,5,32,40,0,0,0,289,64,25,71.9,Matches
402,Rodrigo\1fb1c435,Rodrigo\1fb1c435,es ESP,MFFW,Leeds United,31-017,1991,18.1,8,0,0,16,24,4,24,13,17,0,0,0,102,17,33,34,Matches
403,Jay Rodriguez\4ab53cdb,Jay Rodriguez\4ab53cdb,eng ENG,FW,Burnley,32-237,1989,10.5,3,0,0,23,15,11,3,4,5,0,0,0,41,46,58,44.2,Matches
404,Mads Roerslev\57c94db2,Mads Roerslev\57c94db2,dk DEN,DF,Brentford,22-272,1999,10.5,1,0,0,16,7,2,15,19,7,0,1,0,67,12,25,32.4,Matches
405,Cristian Romero\a3d94a58,Cristian Romero\a3d94a58,ar ARG,DF,Tottenham,23-330,1998,14.5,8,0,0,23,14,2,1,42,30,0,1,0,141,35,23,60.3,Matches
406,Oriol Romeu\4b511457,Oriol Romeu\4b511457,es ESP,MF,Southampton,30-180,1991,25.7,8,0,0,47,20,0,6,49,41,0,0,0,333,54,45,54.5,Matches
407,Cristiano Ronaldo\dea698d9,Cristiano Ronaldo\dea698d9,pt POR,FW,Manchester Utd,37-046,1985,21.3,5,0,0,12,23,26,11,3,6,1,0,0,86,35,48,42.2,Matches
408,Salomon Rondon\b318a643,Salomón Rondón\b318a643,ve VEN,FW,Everton,32-188,1989,7.9,2,0,0,11,3,5,3,4,2,0,0,0,34,38,56,40.4,Matches
409,Danny Rose\89d10e53,Danny Rose\89d10e53,eng ENG,DF,Watford,31-264,1990,7.7,4,0,0,12,16,0,15,15,15,0,1,0,51,4,6,40,Matches
410,Jon Rowe\8c12f884,Jon Rowe\8c12f884,eng ENG,FWMF,Norwich City,18-327,2003,1.2,0,0,0,2,5,1,3,3,2,0,0,0,7,1,7,12.5,Matches
411,Antonio Rudiger\18b896d6,Antonio Rüdiger\18b896d6,de GER,DF,Chelsea,29-020,1993,26,6,0,0,29,13,0,12,32,21,2,0,0,209,54,24,69.2,Matches
412,Lukas Rupp\3faa1780,Lukas Rupp\3faa1780,de GER,MF,Norwich City,31-074,1991,6.5,0,0,0,8,10,0,3,16,7,0,0,0,76,4,7,36.4,Matches
413,Jose Sa\903b6e8b,José Sá\903b6e8b,pt POR,GK,Wolves,29-065,1993,30,3,0,0,1,10,0,0,0,0,0,1,1,178,0,0,,Matches
414,Allan Saint-Maximin\2b16cb1a,Allan Saint-Maximin\2b16cb1a,fr FRA,FWMF,Newcastle Utd,25-011,1997,22.7,4,0,0,13,58,10,51,17,5,0,0,0,134,15,24,38.5,Matches
415,Romain Saiss\9fbbcf39,Romain Saïss\9fbbcf39,ma MAR,DF,Wolves,31-362,1990,27.4,5,0,0,30,17,3,7,72,33,0,0,0,238,78,39,66.7,Matches
416,Bukayo Saka\bc7dc64d,Bukayo Saka\bc7dc64d,eng ENG,FWMF,Arsenal,20-199,2001,23.7,4,0,0,25,58,13,57,20,17,0,0,0,142,20,43,31.7,Matches
417,Mohamed Salah\e342ad68,Mohamed Salah\e342ad68,eg EGY,FW,Liverpool,29-281,1992,25.1,1,0,0,9,21,12,42,13,4,2,0,0,146,10,35,22.2,Matches
418,Mohammed Salisu\0b33f6ad,Mohammed Salisu\0b33f6ad,gh GHA,DF,Southampton,22-340,1999,26,10,1,1,41,10,1,16,71,45,0,0,0,320,104,54,65.8,Matches
419,Albert Sambi Lokonga\1b4f1169,Albert Sambi Lokonga\1b4f1169,be BEL,MF,Arsenal,22-152,1999,10.1,4,0,0,13,13,0,3,19,12,0,0,0,99,15,19,44.1,Matches
420,Davinson Sanchez\da7b447d,Davinson Sánchez\da7b447d,co COL,DF,Tottenham,25-284,1996,14.8,4,0,0,14,12,1,2,25,18,0,0,0,124,47,34,58,Matches
421,Robert Sanchez\6a713852,Robert Sánchez\6a713852,es ESP,GK,Brighton,24-125,1997,28,2,1,0,0,2,0,0,0,0,0,0,0,116,0,0,,Matches
422,Jadon Sancho\dbf053da,Jadon Sancho\dbf053da,eng ENG,FWMF,Manchester Utd,21-363,2000,16.6,0,0,0,6,6,6,25,15,8,0,0,0,118,2,15,11.8,Matches
423,Morgan Sanson\6e7f1353,Morgan Sanson\6e7f1353,fr FRA,MF,Aston Villa,27-217,1994,3.2,0,0,0,5,14,0,5,11,6,0,0,0,29,2,2,50,Matches
424,Samir Santos\92b4758e,Samir Santos\92b4758e,br BRA,DF,Watford,27-108,1994,11,3,0,0,14,10,0,0,40,14,0,0,0,92,34,28,54.8,Matches
425,Josh Sargent\a8d4428b,Josh Sargent\a8d4428b,us USA,FWMF,Norwich City,22-031,2000,17.3,1,0,0,13,28,4,13,21,17,0,0,0,101,42,53,44.2,Matches
426,Jeremy Sarmiento\ac0d576d,Jeremy Sarmiento\ac0d576d,ec ECU,FW,Brighton,19-280,2002,0.2,0,0,0,0,2,0,0,1,1,0,0,0,2,0,0,,Matches
427,Ismaila Sarr\bfdb33aa,Ismaila Sarr\bfdb33aa,sn SEN,FWMF,Watford,24-026,1998,14.9,2,0,0,17,38,7,39,13,4,0,0,0,82,11,13,45.8,Matches
428,Malang Sarr\4315f30d,Malang Sarr\4315f30d,fr FRA,DF,Chelsea,23-059,1999,4.7,1,0,0,6,1,0,3,12,4,0,0,0,37,8,5,61.5,Matches
429,Dane Scarlett\21945a9e,Dane Scarlett\21945a9e,eng ENG,MF,Tottenham,17-364,2004,0,0,0,0,0,0,0,0,0,0,0,0,0,0,0,0,,Matches
430,Fabian Schar\c8aa95da,Fabian Schär\c8aa95da,ch SUI,DF,Newcastle Utd,30-093,1991,18.8,3,0,0,25,9,2,4,62,9,0,0,0,160,41,36,53.2,Matches
431,Jeffrey Schlupp\3312f911,Jeffrey Schlupp\3312f911,gh GHA,MFFW,Crystal Palace,29-090,1992,14.4,1,0,0,22,19,0,17,15,16,1,0,0,126,32,26,55.2,Matches
432,Kasper Schmeichel\53af52f3,Kasper Schmeichel\53af52f3,dk DEN,GK,Leicester City,35-138,1986,27,1,0,0,0,2,0,0,0,0,0,0,0,120,0,1,0,Matches
433,Ken Sema\1770bd68,Ken Sema\1770bd68,se SWE,MFFW,Watford,28-174,1993,6.1,1,0,0,16,3,0,10,5,7,0,0,0,49,9,21,30,Matches
434,Nelson Semedo\d04b94db,Nélson Semedo\d04b94db,pt POR,DF,Wolves,28-127,1993,22.1,1,0,0,22,22,4,25,41,38,0,1,0,161,19,31,38,Matches
435,Ryan Sessegnon\6aa3e78b,Ryan Sessegnon\6aa3e78b,eng ENG,DFMF,Tottenham,21-309,2000,6,1,0,0,16,8,4,13,13,6,0,0,0,29,4,8,33.3,Matches
436,Jamie Shackleton\8d03ca5a,Jamie Shackleton\8d03ca5a,eng ENG,DFMF,Leeds United,22-166,1999,7.6,4,0,0,14,7,0,4,9,18,0,0,0,61,6,13,31.6,Matches
437,Luke Shaw\9c94165b,Luke Shaw\9c94165b,eng ENG,DF,Manchester Utd,26-254,1995,17.3,7,0,0,34,18,2,42,15,13,0,1,0,139,22,18,55,Matches
438,Jonjo Shelvey\3727dd3c,Jonjo Shelvey\3727dd3c,eng ENG,MF,Newcastle Utd,30-024,1992,17,7,1,1,18,9,0,11,28,9,0,0,0,178,12,13,48,Matches
439,Francisco Sierralta\0f933743,Francisco Sierralta\0f933743,cl CHI,DF,Watford,24-321,1997,4.7,0,0,0,5,2,0,0,14,4,0,0,1,33,18,4,81.8,Matches
440,Bernardo Silva\3eb22ec9,Bernardo Silva\3eb22ec9,pt POR,MFFW,Manchester City,27-225,1994,26.7,5,0,0,30,31,8,56,26,25,1,0,0,184,11,19,36.7,Matches
441,Fabio Silva\e7aa9d7c,Fábio Silva\e7aa9d7c,pt POR,FWMF,Wolves,19-247,2002,2.9,0,0,0,5,6,4,2,1,2,0,0,0,19,6,24,20,Matches
442,Thiago Silva\86e7deaf,Thiago Silva\86e7deaf,br BRA,DF,Chelsea,37-182,1984,21.3,2,0,0,7,12,0,0,46,18,1,0,0,205,52,23,69.3,Matches
443,Ellis Simms\26d3b5be,Ellis Simms\26d3b5be,eng ENG,FW,Everton,21-077,2001,0.7,0,0,0,0,0,0,0,0,0,0,0,0,3,3,4,42.9,Matches
444,Moussa Sissoko\2acd49b9,Moussa Sissoko\2acd49b9,fr FRA,MF,Watford,32-219,1989,26.8,4,0,0,30,12,2,15,33,26,0,0,0,306,59,42,58.4,Matches
445,Oliver Skipp\6250083a,Oliver Skipp\6250083a,eng ENG,MF,Tottenham,21-188,2000,15,6,0,0,20,23,1,5,19,18,0,0,0,133,12,14,46.2,Matches
446,William Smallbone\5e105217,William Smallbone\5e105217,ie IRL,MFFW,Southampton,22-030,2000,1.3,0,0,0,2,1,0,1,2,2,0,0,0,8,2,5,28.6,Matches
447,Emile Smith Rowe\17695062,Emile Smith Rowe\17695062,eng ENG,MFFW,Arsenal,21-238,2000,16.7,0,0,0,4,26,1,16,16,12,0,0,0,112,5,18,21.7,Matches
448,Cedric Soares\839c14e1,Cédric Soares\839c14e1,pt POR,DF,Arsenal,30-204,1991,9.2,3,0,0,9,6,2,28,14,9,0,0,0,84,10,14,41.7,Matches
449,Tomas Soucek\6613c819,Tomáš Sou?ek\6613c819,cz CZE,MF,West Ham,27-024,1995,27.9,2,0,0,43,19,2,12,45,34,0,0,0,273,113,111,50.4,Matches
450,Boubakary Soumare\ae59b359,Boubakary Soumaré\ae59b359,fr FRA,MF,Leicester City,23-024,1999,11.5,0,0,0,17,19,0,2,17,13,0,0,0,100,29,14,67.4,Matches
451,Caglar Soyuncu\21166ff4,Ça?lar Söyüncü\21166ff4,tr TUR,DF,Leicester City,25-304,1996,23.7,5,0,0,29,15,1,4,42,24,0,2,0,270,82,46,64.1,Matches
452,Jason Steele\28300a16,Jason Steele\28300a16,eng ENG,GK,Brighton,31-217,1990,1,0,0,0,0,0,0,0,0,0,0,0,0,3,0,0,,Matches
453,Jed Steer\a8a3d139,Jed Steer\a8a3d139,eng ENG,GK,Aston Villa,29-181,1992,1,0,0,0,0,0,0,0,0,0,0,0,0,6,0,0,,Matches
454,Zack Steffen\42130443,Zack Steffen\42130443,us USA,GK,Manchester City,26-355,1995,1,0,0,0,0,0,0,0,0,0,0,0,0,7,0,0,,Matches
455,Dale Stephens\653ee42d,Dale Stephens\653ee42d,eng ENG,MF,Burnley,32-284,1989,1.4,1,0,0,4,1,0,0,2,2,0,0,0,19,1,2,33.3,Matches
456,Jack Stephens\6adbc307,Jack Stephens\6adbc307,eng ENG,DF,Southampton,28-055,1994,7,2,0,0,9,3,0,0,22,8,0,0,0,65,18,13,58.1,Matches
457,Raheem Sterling\b400bde0,Raheem Sterling\b400bde0,eng ENG,FW,Manchester City,27-105,1994,17.4,1,0,0,23,37,6,40,12,16,2,0,0,88,3,23,11.5,Matches
458,Finley Stevens\7e003182,Finley Stevens\7e003182,wls WAL,DF,Brentford,18-347,2003,0.2,0,0,0,0,0,0,0,0,0,0,0,0,3,1,0,100,Matches
459,John Stones\5eecec3d,John Stones\5eecec3d,eng ENG,DF,Manchester City,27-299,1994,9.6,0,0,0,2,8,0,0,10,3,0,0,0,71,42,7,85.7,Matches
460,Pascal Struijk\f4d296e4,Pascal Struijk\f4d296e4,nl NED,DFMF,Leeds United,22-224,1999,19.8,6,1,0,23,9,1,0,59,31,0,0,0,199,44,33,57.1,Matches
461,Crysencio Summerville\df04eb4b,Crysencio Summerville\df04eb4b,nl NED,MFFW,Leeds United,20-144,2001,1.4,0,0,0,1,2,0,4,5,3,0,0,0,14,1,2,33.3,Matches
462,Jakob Sorensen\953c30b0,Jakob Sørensen\953c30b0,dk DEN,DFMF,Norwich City,24-020,1998,4.1,0,0,0,5,1,0,0,11,9,0,0,0,40,9,7,56.3,Matches
463,Japhet Tanganga\e9971f2d,Japhet Tanganga\e9971f2d,eng ENG,DF,Tottenham,22-357,1999,8.2,4,1,1,20,10,1,10,17,12,0,0,0,46,19,10,65.5,Matches
464,Matt Targett\e514ab62,Matt Targett\e514ab62,eng ENG,DF,Newcastle Utd,26-186,1995,7,0,0,0,6,7,0,14,10,8,0,0,0,69,8,13,38.1,Matches
465,Matt Targett\e514ab62,Matt Targett\e514ab62,eng ENG,DF,Aston Villa,26-186,1995,15.9,2,0,0,19,13,0,41,35,15,0,1,1,129,31,20,60.8,Matches
466,James Tarkowski\15ea812b,James Tarkowski\15ea812b,eng ENG,DF,Burnley,29-124,1992,25,8,0,0,27,15,2,1,63,32,0,0,0,264,126,60,67.7,Matches
467,Nuno Tavares\a65c844b,Nuno Tavares\a65c844b,pt POR,DF,Arsenal,22-056,2000,7,1,0,0,14,10,0,20,17,8,0,0,0,52,18,10,64.3,Matches
468,Charlie Taylor\cc2d7ad5,Charlie Taylor\cc2d7ad5,eng ENG,DF,Burnley,28-186,1993,19.3,1,0,0,13,30,0,41,54,15,0,0,0,187,47,21,69.1,Matches
469,Nathan Tella\f1e94cd6,Nathan Tella\f1e94cd6,eng ENG,MFFW,Southampton,22-261,1999,6.5,1,0,0,17,17,3,8,13,3,0,0,0,59,5,18,21.7,Matches
470,Alex Telles\e73c9bb2,Alex Telles\e73c9bb2,br BRA,DF,Manchester Utd,29-098,1992,11.1,0,0,0,20,9,1,36,22,18,0,1,0,88,22,17,56.4,Matches
471,Luke Thomas\fc027d02,Luke Thomas\fc027d02,eng ENG,DF,Leicester City,20-286,2001,17.2,0,0,0,14,15,0,18,35,25,0,0,0,155,27,34,44.3,Matches
472,Dominic Thompson\235a62f8,Dominic Thompson\235a62f8,eng ENG,DF,Brentford,21-240,2000,1.6,0,0,0,1,1,0,1,3,1,0,0,0,12,1,2,33.3,Matches
473,Youri Tielemans\56f7a928,Youri Tielemans\56f7a928,be BEL,MF,Leicester City,24-320,1997,20.1,1,0,0,35,36,0,16,27,32,0,2,0,170,14,16,46.7,Matches
474,Kieran Tierney\fce2302c,Kieran Tierney\fce2302c,sct SCO,DF,Arsenal,24-291,1997,21.3,0,0,0,7,19,1,72,30,12,0,0,0,171,16,20,44.4,Matches
475,Takehiro Tomiyasu\b3af9be1,Takehiro Tomiyasu\b3af9be1,jp JPN,DF,Arsenal,23-138,1998,15.4,1,0,0,14,9,0,23,28,13,0,0,0,172,49,47,51,Matches
476,James Tomkins\e7ca0439,James Tomkins\e7ca0439,eng ENG,DF,Crystal Palace,32-359,1989,6.1,2,0,0,7,2,0,0,10,6,0,0,0,46,13,7,65,Matches
477,Ivan Toney\e09f279b,Ivan Toney\e09f279b,eng ENG,FW,Brentford,26-007,1996,24.3,6,0,0,46,67,24,18,18,17,3,0,0,116,108,118,47.8,Matches
478,Ferran Torres\9e1035f8,Ferrán Torres\9e1035f8,es ESP,FW,Manchester City,22-022,2000,3.4,0,0,0,1,1,1,2,1,1,0,0,0,12,1,3,25,Matches
479,Cenk Tosun\9a104dee,Cenk Tosun\9a104dee,tr TUR,FW,Everton,30-289,1991,0.1,0,0,0,0,0,0,0,0,0,0,0,0,1,0,1,0,Matches
480,Andros Townsend\b28bbd58,Andros Townsend\b28bbd58,eng ENG,MF,Everton,30-250,1991,16.2,3,0,0,10,44,1,56,21,15,0,1,0,120,5,22,18.5,Matches
481,Adama Traore\9a28eba4,Adama Traoré\9a28eba4,es ESP,FW,Wolves,26-057,1996,11.9,0,0,0,13,40,9,28,4,9,0,0,0,64,12,26,31.6,Matches
482,Bertrand Traore\c47541e0,Bertrand Traoré\c47541e0,bf BFA,FWMF,Aston Villa,26-198,1995,2,0,0,0,0,4,2,3,0,0,1,0,0,14,4,7,36.4,Matches
483,Trezeguet\3ae14ed1,Trézéguet\3ae14ed1,eg EGY,FW,Aston Villa,27-173,1994,0.1,0,0,0,0,0,0,0,0,0,0,0,0,0,0,0,,Matches
484,Francisco Trincao\77e39b04,Francisco Trincão\77e39b04,pt POR,FWMF,Wolves,22-084,1999,12.7,0,0,0,12,22,0,19,15,12,0,0,0,85,4,17,19,Matches
485,Kieran Trippier\21512407,Kieran Trippier\21512407,eng ENG,DF,Newcastle Utd,31-185,1990,3.5,0,0,0,5,3,0,7,10,10,0,0,0,30,11,2,84.6,Matches
486,William Troost-Ekong\7ed4921e,William Troost-Ekong\7ed4921e,ng NGA,DF,Watford,28-203,1993,15.3,3,0,0,17,1,1,1,22,10,0,1,0,114,32,16,66.7,Matches
487,Leandro Trossard\38ceb24a,Leandro Trossard\38ceb24a,be BEL,FWMF,Brighton,27-109,1994,24.4,2,0,0,23,34,10,46,24,19,1,1,0,147,9,29,23.7,Matches
488,Kostas Tsimikas\f315ca93,Kostas Tsimikas\f315ca93,gr GRE,DF,Liverpool,25-315,1996,7.4,2,0,0,18,6,0,40,11,6,0,0,0,68,7,8,46.7,Matches
489,Axel Tuanzebe\2baec6ce,Axel Tuanzebe\2baec6ce,eng ENG,DF,Aston Villa,24-129,1997,5.6,1,0,0,5,3,0,1,9,6,0,0,0,43,12,11,52.2,Matches
490,Ozan Tufan\17d45fb2,Ozan Tufan\17d45fb2,tr TUR,MF,Watford,27-000,1995,3.7,0,0,0,9,0,1,3,2,2,0,0,0,35,4,9,30.8,Matches
491,Christos Tzolis\9f333379,Christos Tzolis\9f333379,gr GRE,FWMF,Norwich City,20-052,2002,3.4,0,0,0,1,5,2,9,2,2,0,0,0,19,3,17,15,Matches
492,Yan Valery\531a4aa8,Yan Valery\531a4aa8,fr FRA,DF,Southampton,23-029,1999,1.5,0,0,0,3,0,0,2,5,0,0,0,0,18,5,2,71.4,Matches
493,Raphael Varane\9f8e9423,Raphaël Varane\9f8e9423,fr FRA,DF,Manchester Utd,28-332,1993,15.3,0,0,0,4,6,0,0,29,13,0,0,0,141,51,29,63.8,Matches
494,Jamie Vardy\45963054,Jamie Vardy\45963054,eng ENG,FW,Leicester City,35-071,1987,15.6,2,0,0,11,12,18,15,5,1,0,0,1,34,21,39,35,Matches
495,Joel Veltman\dad4b285,Joël Veltman\dad4b285,nl NED,DF,Brighton,30-067,1992,22.9,6,0,0,33,24,0,28,53,31,1,1,0,213,42,28,60,Matches
496,Jannik Vestergaard\1900032e,Jannik Vestergaard\1900032e,dk DEN,DF,Leicester City,29-232,1992,6.3,2,0,0,6,1,0,0,15,11,0,1,0,47,16,11,59.3,Matches
497,Nikola Vlasic\aa8e289e,Nikola Vlaši?\aa8e289e,hr CRO,FWMF,West Ham,24-170,1997,5.1,0,0,0,7,14,3,12,9,10,0,0,0,37,6,9,40,Matches
498,Matej Vydra\0d4ceb32,Mat?j Vydra\0d4ceb32,cz CZE,FW,Burnley,29-326,1992,5,0,0,0,10,7,4,2,2,4,0,0,0,9,15,41,26.8,Matches
499,Theo Walcott\1ecb65be,Theo Walcott\1ecb65be,eng ENG,MFFW,Southampton,33-007,1989,4.2,0,0,0,2,6,2,4,7,3,0,0,0,21,3,4,42.9,Matches
500,Kyle Walker\86dd77d1,Kyle Walker\86dd77d1,eng ENG,DF,Manchester City,31-299,1990,17.5,1,0,0,5,12,1,27,19,16,0,0,0,137,19,17,52.8,Matches
501,Kyle Walker-Peters\984a5a64,Kyle Walker-Peters\984a5a64,eng ENG,DF,Southampton,24-344,1997,20.3,5,0,0,26,36,1,26,44,19,0,0,0,183,20,24,45.5,Matches
502,Aaron Wan-Bissaka\9e525177,Aaron Wan-Bissaka\9e525177,eng ENG,DF,Manchester Utd,24-117,1997,17.9,2,0,0,17,16,1,21,39,21,0,1,0,144,16,28,36.4,Matches
503,Joel Ward\8a7ff278,Joel Ward\8a7ff278,eng ENG,DF,Crystal Palace,32-145,1989,23,6,0,0,22,20,1,29,40,25,0,0,0,189,62,30,67.4,Matches
504,James Ward-Prowse\3515d404,James Ward-Prowse\3515d404,eng ENG,MF,Southampton,27-142,1994,26.7,3,1,0,27,25,0,50,48,24,0,0,0,299,23,29,44.2,Matches
505,Ollie Watkins\aed3a70f,Ollie Watkins\aed3a70f,eng ENG,FW,Aston Villa,26-083,1995,24.1,6,0,0,26,35,13,17,15,8,0,0,0,90,57,92,38.3,Matches
506,Adam Webster\c40b6180,Adam Webster\c40b6180,eng ENG,DF,Brighton,27-078,1995,13,4,0,0,16,2,0,4,24,9,0,0,0,150,44,14,75.9,Matches
507,Wout Weghorst\c4e87b8b,Wout Weghorst\c4e87b8b,nl NED,FW,Burnley,29-228,1992,8.4,1,0,0,18,10,7,2,4,8,0,0,0,53,35,58,37.6,Matches
508,Danny Welbeck\ce5143da,Danny Welbeck\ce5143da,eng ENG,FWMF,Brighton,31-117,1990,8.1,0,0,0,12,7,2,1,2,4,0,0,0,23,26,20,56.5,Matches
509,Timo Werner\49fe9070,Timo Werner\49fe9070,de GER,FWMF,Chelsea,26-017,1996,8.2,1,0,0,9,10,8,19,4,0,0,0,0,43,3,9,25,Matches
510,Ashley Westwood\495945ef,Ashley Westwood\495945ef,eng ENG,MF,Burnley,31-356,1990,22.1,7,0,0,29,24,0,31,41,22,0,0,0,235,9,17,34.6,Matches
511,Ben White\35e413f1,Ben White\35e413f1,eng ENG,DF,Arsenal,24-166,1997,26,1,0,0,16,23,0,3,59,18,0,1,0,242,57,38,60,Matches
512,Brandon Williams\5e74d6c8,Brandon Williams\5e74d6c8,eng ENG,DF,Norwich City,21-201,2000,21.5,7,0,0,23,45,0,18,58,26,0,0,0,163,20,17,54.1,Matches
513,Neco Williams\dd323728,Neco Williams\dd323728,wls WAL,DF,Liverpool,20-344,2001,0.1,0,0,0,0,0,0,1,0,0,0,0,0,0,0,2,0,Matches
514,Joe Willock\a3b03921,Joe Willock\a3b03921,eng ENG,MF,Newcastle Utd,22-215,1999,19.5,0,0,0,38,27,0,13,27,39,0,0,0,129,15,30,33.3,Matches
515,Callum Wilson\c596fcb0,Callum Wilson\c596fcb0,eng ENG,FW,Newcastle Utd,30-024,1992,13.2,4,0,0,26,20,13,5,4,5,0,0,0,38,29,61,32.2,Matches
516,Harry Winks\2f7acede,Harry Winks\2f7acede,eng ENG,MF,Tottenham,26-049,1996,9.4,2,0,0,12,16,0,8,19,5,0,0,0,72,5,7,41.7,Matches
517,Yoane Wissa\2500cef9,Yoane Wissa\2500cef9,cd COD,FWMF,Brentford,25-201,1996,9.6,0,0,0,5,16,6,10,6,4,0,0,0,42,13,22,37.1,Matches
518,Chris Wood\4e9a0555,Chris Wood\4e9a0555,nz NZL,FW,Newcastle Utd,30-106,1991,10,0,0,0,16,9,6,2,2,1,0,0,0,40,119,88,57.5,Matches
519,Chris Wood\4e9a0555,Chris Wood\4e9a0555,nz NZL,FW,Burnley,30-106,1991,15.2,1,0,0,14,9,16,5,4,8,0,0,0,41,114,105,52.1,Matches
520,Freddie Woodman\19e50035,Freddie Woodman\19e50035,eng ENG,GK,Newcastle Utd,25-019,1997,4,0,0,0,0,0,0,0,0,0,0,0,0,15,0,0,,Matches
521,Granit Xhaka\e61b8aee,Granit Xhaka\e61b8aee,ch SUI,MF,Arsenal,29-177,1992,16.2,6,1,0,25,14,2,7,21,18,0,1,0,159,30,22,57.7,Matches
522,Andriy Yarmolenko\849c826a,Andriy Yarmolenko\849c826a,ua UKR,FWMF,West Ham,32-151,1989,1.9,1,0,0,1,2,0,3,0,0,0,0,0,14,3,2,60,Matches
523,Ashley Young\be927d03,Ashley Young\be927d03,eng ENG,DFFW,Aston Villa,36-257,1985,11.7,0,0,0,15,26,1,23,15,11,0,0,0,73,10,14,41.7,Matches
524,Wilfried Zaha\b2bc3b1f,Wilfried Zaha\b2bc3b1f,ci CIV,FW,Crystal Palace,29-133,1992,22.5,5,1,1,31,90,17,41,19,26,0,0,0,155,17,36,32.1,Matches
525,Christoph Zimmermann\2d5f03bf,Christoph Zimmermann\2d5f03bf,de GER,DF,Norwich City,29-070,1993,0.5,0,0,0,0,1,0,0,2,0,0,0,0,3,0,0,,Matches
526,Oleksandr Zinchenko\51cf8561,Oleksandr Zinchenko\51cf8561,ua UKR,DF,Manchester City,25-098,1996,6.6,0,0,0,5,4,0,13,11,7,0,0,0,54,9,10,47.4,Matches
527,Hakim Ziyech\6622454d,Hakim Ziyech\6622454d,ma MAR,FWMF,Chelsea,29-004,1993,10.7,3,0,0,22,31,5,41,17,8,0,0,0,100,9,15,37.5,Matches
528,Kurt Zouma\ce4246f5,Kurt Zouma\ce4246f5,fr FRA,DF,West Ham,27-147,1994,17.8,1,0,0,10,7,0,2,39,4,0,0,1,140,46,18,71.9,Matches
529,Martin Odegaard\79300479,Martin Ødegaard\79300479,no NOR,MF,Arsenal,23-096,1998,21,2,0,0,22,16,2,17,16,17,0,1,0,160,13,15,46.4,Matches
